teks,kategori,prioritas
"Yth. HRD PT Maju Bersama, Saya Rudi Pramono, Supervisor Gudang, melaporkan bahwa terjadi pemotongan gaji yang tidak wajar pada slip gaji bulan September 2024 saya sebesar Rp 1.750.000 tanpa ada penjelasan atau notifikasi sebelumnya. Setelah saya cek, tidak ada keterlambatan absensi atau alokasi disiplin apapun yang saya lakukan di bulan tersebut. Saya sudah menghubungi admin penggajian namun tidak mendapatkan jawaban yang memuaskan selama lebih dari seminggu. tolong HRD segera menginvestigasi dan mengembalikan kelebihan potongan tersebut pada pembayaran berikutnya beserta penjelasan tertulis. Ini sudah yang kedua kalinya terjadi dalam 3 bulan terakhir.",Email HR,Tinggi
"Kepada Tim HRD, Saya Rina Marlina dari departemen Sales ingin melaporkan diskriminasi yang saya rasakan dalam proses promosi jabatan internal bulan lalu. Saya memiliki KPI tertinggi di tim selama 3 kuartal berturut-turut namun posisi Team Leader justru diberikan kepada rekan yang bergabung lebih baru dengan performa rata-rata. Ketika saya meminta penjelasan kepada manajer, jawabannya tidak didasarkan pada kriteria yang tercantum dalam SOP promosi internal perusahaan. Saya khawatir keputusan ini dipengaruhi oleh faktor subjektif yang tidak berkaitan dengan kinerja profesional. dimohon HRD melakukan review independen terhadap proses promosi ini dan memberikan penjelasan tertulis atas dasar keputusan tersebut.",Email HR,Tinggi
"Email dari Fikri Ramadhan, Divisi Logistik Nasional. Biaya pengiriman selama kuartal berjalan mencapai Rp 289.000.000 atau 36% di atas target yang telah ditetapkan. Peningkatan disebabkan oleh kebutuhan distribusi tambahan ke wilayah timur. Evaluasi kontrak mitra logistik perlu segera dilakukan.",Laporan Keuangan,Tinggi
"Selamat pagi Tim HR. Saya ingin melaporkan insiden serius di mana data rahasia klien kami diduga telah dibocorkan oleh salah satu oknum karyawan di divisi sales demi keuntungan pribadi. Kami menemukan bukti kuat berupa log aktivitas pengiriman data ke email eksternal tadi malam. Mohon tim HR segera mengamankan akun yang bersangkutan dan melakukan investigasi mendalam hari ini demi menjaga nama baik perusahaan. - Hendra Gunawan, Divisi Keamanan Informasi.",Email HR,Tinggi
Selamat pagi Tim saya Desi Amalia dari Divisi HR ingin mengetahui prosedur akun untuk peserta magang. Bulan depan kami akan menerima beberapa peserta baru dari universitas. Kami ingin menyiapkan kebutuhan email dan akses aplikasi sejak awal. Mohon informasi dokumen apa saja yang perlu dilampirkan dalam permintaan akun.,Tiket IT,Rendah
"Yth. HRD Manager, Saya Dodi Firmansyah, Teknisi Senior Pemeliharaan, ingin insiden serius yang menelan korban jiwa akibat kelalaian penyediaan APD (Alat Pelindung Diri) di area kerja kami. Pada tanggal 5 November 2024 rekan saya terkena percikan bahan kimia di bagian mata karena kacamata yang sudah rusak tidak segera diganti meski sudah diajukan permintaannya 3 minggu Rekan kini dalam perawatan dokter dan ada kemungkinan gangguan penglihatan jangka panjang. Ini bukan pertama kalinya permintaan APD diabaikan oleh bagian pengadaan kondisi ini merupakan ancaman nyata bagi keselamatan seluruh tim teknisi. Saya HRD segera manajemen untuk memastikan seluruh APD kami diganti dan ada prosedur darurat yang responsif.",Email HR,Tinggi
Pelabelan setiap laci lemari penyimpanan formulir kosong kertas blanco surat izin cuti tahunan diberikan stiker tebal di samping gagang handle tarikan kayunya. Staf yang membutuhkan dapat mengambil maksimal lima helai per orang bila merasa perlu mempersiapkan cuti hariannya belakangan tanpa menyusahkan tim tata usaha. Apabila tumpukan blanco di dalam laci sudah tersisa menipis di bawah dua puluhan helai secepatnya infokan sekretaris untuk menyusun salinan baru secepatnya.,SOP,Rendah
"Email dari Celine Maharani, Divisi Learning Center. Kami mengusulkan anggaran Rp 52.000.000 untuk pengembangan modul pelatihan digital karyawan. Program ini direncanakan untuk efektivitas pembelajaran internal. Mohon persetujuan proses pengadaan dapat segera dimulai.",Laporan Keuangan,Sedang
"Kami mengajukan permintaan pembelian 5 buah papan tulis putih (whiteboard) berukuran 120x240cm lengkap dengan kaki penyangga roda untuk didistribusikan ke ruang-ruang diskusi tim kecil. Papan tulis yang ada saat ini sudah bernoda permanen dan sulit dibersihkan sehingga mengganggu proses brainstorming ide visual. Estimasi total biaya pengadaan ini adalah Rp 4.500.000. permintaan dari Surya Kencana, unit Riset dan Pengembangan.",Permintaan Pengadaan,Sedang
"Selamat pagi, saya Fajar Ramadhan dari Divisi Produksi melaporkan bahwa aplikasi monitoring mesin tidak menampilkan data terbaru. Dashboard hanya loading terus dan operator tidak bisa melihat status mesin secara real time. Kondisi ini berisiko menghambat proses produksi karena kami tidak dapat memantau alarm mesin. Mohon prioritas penanganan karena lini produksi sedang berjalan penuh.",Tiket IT,Tinggi
"rekap dari Mila Oktavia, unit Operasional Area. Kami mengajukan tambahan anggaran Rp 41.000.000 untuk kebutuhan perbaikan kendaraan operasional. Beberapa unit membutuhkan penggantian komponen penting agar tetap layak digunakan. Mohon persetujuan sebelum pekerjaan dimulai.",Laporan Keuangan,Sedang
"Laporan dari Dika Pranowo, Divisi Sales Support. Biaya operasional kegiatan promosi wilayah mencapai Rp 31.000.000 selama periode berjalan. Pengeluaran mencakup materi pemasaran, transportasi, dan kebutuhan acara Nilai tersebut masih sesuai dengan pagu anggaran yang tersedia.",Laporan Keuangan,Sedang
"Saya, Siti Rahmawati dari Divisi Proyek, mengajukan pengadaan paket lisensi software desain CAD untuk 10 pengguna. diperlukan untuk revisi proyek yang sedang berjalan. Tanpa tersebut, tidak dapat melanjutkan pekerjaan secara optimal. Estimasi sebesar Rp75.000.000.",Permintaan Pengadaan,Tinggi
Pengelolaan jadwal pemakaian kursi pijat relaksasi di sudut istirahat ruang hobi hiburan staf operasional malam hanya aktif dinyalakan panel utama kontrol setrum listriknya sewaktu jeda shift tiga dari jam sebelas malam sampai bergantian waktu salat subuhnya memecah hening waktu jam padat shift ke shiftnya saja. Petugas kebersihan bertugas rutin setiap sore mengelap pembersih bahan disinfektan usap anti bakteri ke material pelapis berbahan kulit imitasi tempat santai guna menghindari transfer penularan penyakit jamur kulit antar karyawan gonta ganti yang sering tertidur lelap sandaran peluh keringatnya tak beraturan menempel kotor di bantalan bahu busanya kursi tersebut di sisa sisa rehat shift melelahkan mereka di lantai kerjanya. Karyawan siapapun tak diperbolehkan menggunakan fasilitas sarana terapi santai kursi elektronik putar putar getar alat bermesin dinamo roda pijat ini jika dirinya mengenakan setelan celana jins berkancing kawat tebal kancing ritsleting belakang besi bertekan tajam supaya bahan permukaan alat awet bebas robek sobek gesekan pakainya terus menerus setiap minggunya pemakaian rutin bergantian terus bergilir antre tanpa absen.,SOP,Rendah
Dokumen harap persetujuan desain brosur rutin wajib diserahkan kepada manajer merek untuk ditinjau. Standar waktu peninjauan materi adalah dua hari kerja sejak surel pertama kali dikirim. Revisi kecil akan dikomunikasikan secara langsung melalui fitur komentar di dalam file draf.,SOP,Rendah
"Selamat pagi Bapak/Ibu HRD. Berdasarkan undangan kepesertaan workshop internasional tentang metodologi Agile yang dikirimkan oleh lembaga sertifikasi profesi resmi minggu lalu, saya bermaksud mendaftar sebagai delegasi perusahaan. dana investasi pelatihan ini sudah disetujui oleh Head of bagian kami dalam rencana kerja tahunan. Mohon bantuan admin HRD untuk melunasi invoice pendaftaran vendor agar saya bisa mendapatkan akses masuk kelas. Terima kasih. - Siska Lestari, Divisi Scrum Master.",Email HR,Sedang
"pegawai departemen desain sangat dihimbau rutin membersihkan cache memori sementara pada perangkat komputer grafisnya tiap hari Jumat sore. Ini adalah prosedur standar pemeliharaan performa agar mesin tidak lamban memproses data saat masuk minggu kerja baru. Jika panduan pembersihan ini belum dipahami, staf IT siap memberikan panduan langkah pendek via intranet.",SOP,Rendah
"Kami mengajukan dimohon pengadaan stok cadangan (safety stock) komponen kelistrikan kantor untuk mengantisipasi kebutuhan maintenance di masa mendatang. Kebutuhan tersebut meliputi 50 unit lampu LED Philips 14 Watt dan 5 roll kabel kelistrikan Supreme NYM 2x1.5mm. Perkiraan biaya yang dibutuhkan untuk pembelian inventaris gudang maintenance ini adalah Rp 4.500.000. Barang-barang ini hanya akan disimpan di gudang teknis sebagai persediaan jangka panjang jika sewaktu-waktu ada lampu ruangan yang mati. permintaan oleh Ridwan Kamil, Divisi Fasilitas.",Permintaan Pengadaan,Rendah
"Halo Helpdesk IT, saya dari Divisi Export Import melaporkan bahwa koneksi jaringan di area tim kami terputus total. Semua komputer tidak bisa internet maupun server dokumen internal. Kami sedang menyiapkan dokumen bea cukai yang harus dikirim hari ini. Mohon penanganan segera pengiriman bisa tertunda.",Tiket IT,Tinggi
"Saya, Putri Ayuningtyas dari Riset dan Pengembangan, mengajukan pengadaan unit workstation. Spesifikasi meliputi prosesor Intel Core i9, RAM 32 GB, dan GPU kelas profesional. Perangkat akan untuk simulasi analisis Estimasi harga Rp28.000.000 unit.",Permintaan Pengadaan,Sedang
"Halo Tim IT. Saya Gilang dari Graphic Design butuh sedikit rekomendasi dari kalian. Apakah perusahaan memiliki lisensi untuk software kompresi video selain bawaan aplikasi editing utama? Saya sesekali butuh mengecilkan ukuran video untuk via email tapi butuh yang cepat dan ringan. Jika ada gratis yang aman, mohon ke saya.",Tiket IT,Rendah
SOP penanganan tamu VIP kini mengharuskan tim resepsionis untuk menyiapkan kartu akses khusus sebelum tamu tiba. Tamu wajib didampingi oleh staf internal selama berada di area koridor kantor. Minuman selamat datang harus disajikan segera setelah tamu duduk di lobi.,SOP,Sedang
"Penggunaan kalkulator meja inventaris departemen akuntansi harus dijaga kebersihannya dari noda tinta. Jika baterai alat tersebut sudah lemah dan layarnya buram, silakan minta penggantian baterai baru ke staf gudang logistik internal. Tidak disarankan menggunakan ponsel pribadi saat sedang menghitung rekonsiliasi kas rutin.",SOP,Rendah
Seluruh kampanye pemasaran harus melalui proses review tim legal sebelum didistribusikan. Hal ini bertujuan memastikan ada klaim produk yang menyesatkan melanggar Bukti persetujuan legal wajib dilampirkan dalam folder marketing.,SOP,Sedang
"Saya, Arif Setiawan dari Divisi Quality Assurance, mengajukan pengadaan 2 unit proyektor full HD dengan tingkat kecerahan minimal 4.000 lumens. Proyektor yang digunakan untuk presentasi audit internal mengalami kerusakan permanen. Kebutuhan ini mendesak karena agenda audit akan berlangsung minggu depan. Estimasi harga Rp12.000.000 per unit.",Permintaan Pengadaan,Tinggi
"Guna mengurangi penggunaan staples yang berujung karat jika lama tidak diganti disimpan di rak boks arsip dokumen, petugas departemen administrasi disarankan lebih mengutamakan panggunaan klip penjepit kertas berwarna warni ukuran jumbo tebal sebagai penggantinya menyatukan surat perjanjian. Sistem pengait warna penjepit plastik tebal itu bisa sekalian digunakan pertanda indikator tahapan prioritas revisi pemrosesan status penawaran vendor bulanan dokumen draf berjalan ini. Saat proses kliring selesai dan data file diringkas scan elektronik maka klip beraneka corak bisa dicopot untuk ditampung lalu disumbangkan dipakai lintas meja administrasi tim pendukung kerja lain.",SOP,Rendah
Notulen rapat mingguan divisi harus dibagikan ke semua peserta rapat selambatnya satu hari kerja setelah pertemuan selesai. Format pencatatan wajib menyertakan poin keputusan utama dan siapa yang bertanggung jawab atas tindak lanjutnya. Dokumen notulensi disimpan dalam folder berbagi divisi yang ada di server cloud.,SOP,Rendah
"Saya, Rizky Ananda dari bagian Penjualan, mengajukan pengadaan 3 unit tablet untuk kegiatan presentasi produk. Spesifikasi layar 10 inci dan penyimpanan 128 GB. Estimasi harga per unit Rp5.500.000. Pengadaan bertujuan mendukung aktivitas promosi dan kunjungan pelanggan.",Permintaan Pengadaan,Sedang
"Selamat pagi Tim HRD. Saya berencana melangsungkan pernikahan pada pertengahan bulan Agustus nanti dan ingin berkonsultasi mengenai pengajuan cuti khusus menikah (marriage leave). Berdasarkan peraturan perusahaan, berapa hari jatah cuti berbayar yang diberikan secara resmi, dan apakah pengajuannya harus dilakukan minimal satu bulan sebelum hari H melalui aplikasi HRIS? Mohon penjelasannya agar saya bisa mengatur jadwal kerja tim. - Ryan Hidayat, Divisi Project Management.",Email HR,Rendah
"Kepada Yth. Tim HRD, menindaklanjuti lowongan internal (internal job posting) untuk posisi Supervisor Operations yang minggu lalu, saya bermaksud mengajukan permohonan mutasi antar cabang dari kantor Malang ke kantor pusat Surabaya. Pengalaman kerja saya selama 3 tahun di cabang Malang dirasa memenuhi kualifikasi dasar yang dibutuhkan untuk posisi tersebut. CV terbaru dan surat rekomendasi kepala cabang sudah saya di sini. Mohon proses seleksinya. - Bagus Hermawan, Divisi",Email HR,Sedang
Karyawan yang hendak memakai ruang studio foto kecil untuk potret produk wajib menuliskan di papan tulis luar studio. Durasi pemakaian tidak melebihi dua jam agar tidak mengganggu antrean staf desain lainnya. Matikan lampu studio dan flash setelah ruangan tidak digunakan kembali.,SOP,Rendah
"Laporan dari Farhan Syahputra, Divisi Market Expansion. Kami mengajukan tambahan anggaran sebesar Rp 83.000.000 kegiatan penjajakan pasar di wilayah baru. Dana tersebut akan digunakan untuk riset lapangan, perjalanan dinas, dan analisis kompetitor. Mohon evaluasi kebijakan investasi perusahaan.",Laporan Keuangan,Sedang
Selamat siang rekan-rekan IT. Terdapat satu karyawan baru di tim Operasional atas nama Kevin yang akan mulai bekerja minggu depan. Tolong buatkan akun email perusahaan dan akses ke shared folder divisi Operasional untuknya. Detail lengkapnya sudah saya lampirkan di form permintaan akses HR. Terima kasih atas bantuannya.,Tiket IT,Sedang
"Selamat pagi Tim HRD. Saya ingin menanyakan informasi detail mengenai mekanisme perhitungan pemotongan iuran BPJS Kesehatan dan BPJS Ketenagakerjaan yang tertera pada slip gaji bulanan terbaru. Apakah persentase potongan yang dibebankan kepada karyawan mengalami penyesuaian tarif mengikuti regulasi pemerintah yang baru, ataukah ada kebijakan internal yang berubah? Mohon penjelasan ringkasnya agar saya bisa memahaminya dengan baik. Terima kasih. - Bambang Hermawan, Divisi Corporate Communication.",Email HR,Rendah
"kalkulator meja inventaris departemen akuntansi harus dijaga kebersihannya noda tinta. Jika baterai alat tersebut sudah lemah dan layarnya buram, silakan minta penggantian baterai baru ke staf gudang logistik internal. Tidak disarankan ponsel pribadi saat sedang menghitung rekonsiliasi kas rutin.",SOP,Rendah
"Email dari Dinda Maharani, Divisi Vendor Relations. Rekap invoice penyedia layanan pelatihan profesional menunjukkan total nilai Rp 42.000.000. Seluruh kegiatan telah selesai dilaksanakan sesuai kontrak. Mohon invoice diproses dalam jadwal pembayaran berikutnya.",Laporan Keuangan,Sedang
"Untuk pengajuan desain seragam olahraga panitia internal acara tahunan, sketsa draf awal diajukan ke tim panitia kreatif. Desain wajib menyertakan logo perusahaan kecil di dada sebelah kiri. Pemilihan bahan kain seragam akan disesuaikan dengan anggaran dasar panitia acara.",SOP,Rendah
"Kepada Tim HRD, Saya Agung Prabowo, Staf bagian Supply Chain, ingin menanyakan apakah sisa cuti tahunan yang tidak diambil pada tahun 2024 bisa dialihkan ke tahun 2025 atau akan hangus di akhir tahun. Saya masih memiliki sisa 6 hari cuti yang belum digunakan dan ingin memastikan tidak ada hak yang hilang karena ketidaktahuan saya. Jika ada batas waktu pengambilan atau prosedur permintaan carry-over, mohon dapat dijelaskan secara rinci. Terima kasih atas informasinya.",Email HR,Rendah
"Saya, Rina Kartika dari bagian Operasional, mengajukan pengadaan 3 unit komputer desktop sebagai pengganti perangkat yang tidak dapat digunakan lagi. Spesifikasi minimum adalah Intel Core i5, RAM 16 GB, dan SSD 512 GB. Kerusakan perangkat saat ini menyebabkan keterlambatan proses administrasi operasional. Estimasi harga Rp10.500.000 per unit.",Permintaan Pengadaan,Tinggi
"Kepada Tim HRD, Saya Fitriani Kusuma dari departemen Operasional bermaksud menyampaikan keberatan resmi atas keputusan pemutusan hubungan kerja yang diberitahukan kepada saya secara mendadak pada tanggal 8 November 2024. Saya menerima surat PHK tersebut tanpa ada peringatan tertulis sebelumnya atau prosedur pembinaan sebagaimana diatur dalam PKB perusahaan. Selain itu, perhitungan pesangon yang tertera tidak sesuai dengan ketentuan UU Cipta Kerja yang berlaku. Saya meminta penjelasan tertulis mengenai alasan PHK yang sah secara hukum dan perhitungan ulang hak-hak saya. Apabila tidak ada respons dalam 3 hari kerja, saya akan melibatkan kuasa hukum dan melaporkan ke Dinas Ketenagakerjaan.",Email HR,Tinggi
Galih Ramadhan dari pengadaan 5 unit monitor ukuran 27 inci. Spesifikasi resolusi Full HD dan panel IPS. harga unit Rp2.800.000. Pengadaan persiapan ekspansi tim pada berikutnya.,Permintaan Pengadaan,Rendah
Prosedur pengembalian seragam kerja bagi tenaga kerja yang selesai masa kontrak mewajibkan kondisi pakaian yang dicuci bersih. Bukti pengembalian seragam harus ditandatangani oleh staf HRD sebagai syarat klirens akhir. tenaga kerja yang menghilangkan seragamnya akan dikenakan biaya penggantian proporsional.,SOP,Sedang
"Kepada Tim HRD, Saya Fitriani Kusuma dari Divisi Operasional bermaksud menyampaikan keberatan resmi atas keputusan pemutusan hubungan kerja yang diberitahukan kepada saya secara mendadak pada tanggal 8 November 2024. Saya menerima surat PHK tersebut tanpa ada peringatan tertulis sebelumnya atau prosedur pembinaan sebagaimana diatur dalam PKB perusahaan. Selain itu, perhitungan pesangon yang tertera dalam surat PHK tidak sesuai dengan ketentuan UU Cipta Kerja yang berlaku. Saya meminta penjelasan tertulis mengenai alasan PHK yang sah secara hukum dan perhitungan ulang hak-hak saya sesuai peraturan perundang-undangan. Apabila tidak ada respons dalam 3 hari kerja, saya terpaksa akan melibatkan kuasa hukum dan melaporkan ke Dinas Ketenagakerjaan setempat.",Email HR,Tinggi
Menyetel radio saluran musik berirama santai instrumen pengantar latar pada lobi resepsionis depan sangat dianjurkan dari menjelang pukul hingga usai jam pelayanan tamu tiba sorenya menjelang ashar. Tingkat desibel kelantangan suaranya sekadar sebagai pengusir keheningan kikuk saat ada asing kebetulan sama duduk menunggu jemputan bersamaan pada tempat kursi deret sandar sofa. Larangan ketat diberlakukan pemutaran stasiun acara siaran komedi dengan celotehan pembawa radio terlampau lantang obrolan diskusi politik yang mudah menyita pendengaran tajam tamu kita.,SOP,Rendah
Saya Putu Gede dari Bisnis mengajukan pengadaan 3 unit banner berbahan stainless steel untuk kebutuhan display promosi produk baru utama pada masa mendatang. Pengadaan ini tidak bersifat mendesak karena peluncuran produk baru masih beberapa bulan lagi sekarang. Estimasi total biaya pembuatan alat presentasi adalah Rp 1.800.000.,Permintaan Pengadaan,Rendah
"Email dari Doni Firmansyah, Divisi Fasilitas. Laporan rutin biaya kebersihan kantor menunjukkan pengeluaran sebesar Rp 3.800.000 selama periode berjalan. Seluruh pembayaran telah dilakukan sesuai kontrak penyedia jasa. Tidak terdapat isu yang memerlukan tindak lanjut segera.",Laporan Keuangan,Rendah
"Yth. HRD, Saya Yusuf Hadisaputra dari Divisi General Affairs ingin menanyakan kebijakan perusahaan mengenai cuti bersama apakah karyawan tetap mengikuti atau bisa memilih masuk kerja kompensasi tertentu. Saya memiliki proyek dengan tenggat yang berdekatan dengan periode cuti bersama akhir tahun dan ingin memastikan opsi yang tersedia bagi saya. Apakah ada khusus yang perlu diisi memutuskan masuk kerja saat cuti bersama? Mohon agar saya dapat segera mengatur jadwal pekerjaan baik. Terima",Email HR,Rendah
Batas izin pendaftaran meminjam memutar piringan DVD video dokumenter edukasi pada proyektor televisi ruang santai diskusi dibatasi untuk staf yang sekadar butuh sarana mencairkan ide buntu inspirasi konten desain sosial media perusahaan saja. Seluruh daftar koleksi cakram padat dokumenter profil perusahaan tersebut bisa diakes pinjam dengan pengawasan penjaga respsionis perpustakaan arsip multimedia dengan log absensi penukaran ID Card aslinya. Disk yang dirasa sering berhenti tersendat macet diputar di pemutarnya harap dikomunikasikan kendala laporannya biar petugas staf segera menyisihkan cakram padat digital itu keluar sirkulasi pencatatan inventaris media kita yang aktif harian.,SOP,Rendah
"Saya, Lina Marlina dari Divisi Legal, mengajukan pengadaan 2 unit printer laser warna. Spesifikasi kecepatan cetak minimal 30 ppm dan mendukung jaringan. Estimasi harga per unit Rp6.500.000. Perangkat akan digunakan untuk pencetakan dokumen kontrak dan arsip perusahaan.",Permintaan Pengadaan,Sedang
"Kami mengajukan perpanjangan kontrak kerja sama untuk jasa cleaning service dengan vendor PT Resik Selaras untuk periode pengelolaan 6 bulan ke depan. Layanan kebersihan ini mencakup pemeliharaan rutin area lobi, ruang kerja karyawan, ruang rapat, serta sanitasi menyeluruh 8 toilet di gedung kantor. Estimasi total nilai kontrak untuk setengah tahun ke depan adalah Rp 72.000.000 untuk 3 personel kebersihan. Kebersihan berkala ini penting untuk kenyamanan seluruh staf. Pengajuan dari Rizky Pratama, Divisi Pengelolaan Fasilitas.",Permintaan Pengadaan,Sedang
Tiap petugas operator pemantau ruang kendali server sekuritas yang bersiaga pada pergantian jam malam piketnya dianjurkan menggunakan fitur redup gelap mode hemat layar sentuh agar pendar cahaya terang panel monitor tidak membuat lelah letih mata jaga harian berkelanjutan. Hal ini menjadi rekomendasi keselamatan dan standar kesehatan ruang pantau yang sudah disetujui pihak dokter pengawas tenaga kerja internal perusahaan di laporan visitasi bulanan berkala. Kopi pahit kental kemasan botolan dan juga permen sediakan diri boleh dilibatkan dalam sarana mengusir sejenak rasa kantuk berjaga tapi pantang tersentuh memercik menumpahi tetikus navigasinya.,SOP,Rendah
Tolong pertimbangkan pengadaan 5 unit dispenser air galon bawah merek Sharp untuk penambahan fasilitas di ruang tunggu tamu VIP dan area pantry belakang. Rencana penambahan ini ditujukan untuk peningkatan estetika ruangan dalam jangka panjang agar galon air tidak terlihat mencolok di luar kabinet. Estimasi anggaran total yang diusulkan adalah Rp 13.500.000.,Permintaan Pengadaan,Rendah
"Bila mogok massal tanpa pemberitahuan, puncak harus segera aset-aset vital perusahaan. Akses masuk ke fasilitas akan dikunci oleh pihak Negosiasi dengan perwakilan serikat pekerja wajib dilakukan lokasi netral.",SOP,Tinggi
jadwal pemakaian kursi pijat relaksasi sudut istirahat ruang hobi hiburan staf operasional malam hanya aktif dinyalakan panel utama kontrol setrum listriknya sewaktu jeda shift tiga dari jam sebelas malam sampai bergantian waktu salat subuhnya memecah hening waktu jam padat shift ke shiftnya saja. kebersihan setiap sore mengelap pembersih bahan disinfektan usap anti bakteri ke material pelapis berbahan kulit imitasi tempat santai guna menghindari transfer penularan penyakit jamur kulit antar gonta ganti yang sering tertidur sandaran peluh keringatnya tak beraturan menempel kotor di bantalan busanya kursi tersebut di sisa sisa rehat shift melelahkan mereka di lantai kerjanya. siapapun diperbolehkan menggunakan terapi santai kursi elektronik putar putar getar alat bermesin dinamo roda pijat ini jika dirinya mengenakan setelan celana jins berkancing kawat tebal kancing ritsleting besi bertekan tajam supaya bahan permukaan alat awet bebas robek sobek gesekan pakainya terus menerus minggunya pemakaian rutin bergantian terus bergilir antre absen.,SOP,Rendah
"Halo Tim HR, sehubungan dengan masa kontrak kerja saya yang kedua akan habis dalam waktu dua minggu ke depan, saya ingin menanyakan kelanjutan status kepegawaian saya. Sampai hari ini saya belum menerima undangan evaluasi akhir atau informasi tertulis apakah kontrak saya akan diperpanjang atau diangkat menjadi tenaga kerja tetap. harap konfirmasi waktunya agar saya bisa mempersiapkan laporan pencapaian kinerja saya selama setahun terakhir. Terima kasih. - Dewi Sartika, Divisi Admin Gudang.",Email HR,Sedang
"Yth. Tim IT, saya Mira Kartika dari bagian Billing tidak dapat membuka aplikasi penagihan sejak pukul 08.00. Setelah login, halaman hanya menampilkan layar putih dan tidak ada menu yang bisa diakses. Hari ini tim kami harus menerbitkan tagihan bulanan untuk beberapa pelanggan besar sebelum pukul 12.00. dimohon segera dilakukan pengecekan karena proses billing tertahan sepenuhnya.",Tiket IT,Tinggi
"Sehubungan dengan rekrutmen karyawan baru, kami membutuhkan 6 unit kursi kerja ergonomis dengan sandaran punggung jaring dan penopang leher dapat disesuaikan. Banyak kursi kerja staf lama yang hidroliknya sudah bocor dan busanya telah sehingga kurang layak pakai. Estimasi pengadaan kursi kantor baru ini adalah Rp Penataan fasilitas kerja yang nyaman ini penting untuk mempertahankan produktivitas harian Pengajuan dari Ani Suryani, Divisi Sumber Daya Manusia.",Permintaan Pengadaan,Sedang
"Email dari Eko Wibowo, Divisi Cost Management. Analisis biaya produksi menunjukkan kenaikan beban overhead sebesar Rp 178.000.000 dibanding periode yang sama tahun lalu. Peningkatan terutama berasal dari biaya energi dan jasa pihak ketiga. Perlu dilakukan tindakan pengendalian biaya untuk menjaga margin perusahaan.",Laporan Keuangan,Tinggi
"Perusahaan membutuhkan tambahan 5 lisensi software Autodesk AutoCAD secara instan untuk tim arsitek proyek pembangunan pabrik baru yang tenggat waktunya dipercepat bulan depan. Lisensi yang ada saat ini sudah terpakai semua, sehingga staf baru tidak bisa mendesain gambar teknik. Estimasi biaya untuk pembelian lisensi tahunan ini adalah Rp 110.000.000. Persetujuan segera sangat dinantikan agar jadwal konstruksi tidak bergeser. Pengajuan dari Mega Utami, Divisi Manajemen Proyek.",Permintaan Pengadaan,Tinggi
"Email dari Ilham Syahputra, bagian Purchasing. Purchase order yang diterbitkan minggu ini memiliki nilai total Rp 121.000.000 untuk kebutuhan perlengkapan operasional kantor pusat. Semua vendor telah melalui proses evaluasi harga. harap pencatatan dalam jadwal pembayaran mendatang.",Laporan Keuangan,Sedang
"Email dari Aulia, Facility Maintenance. Biaya pemeliharaan ringan area lobi dan tunggu kantor bulan ini tercatat Rp 2.780.000. Kegiatan mencakup perbaikan minor serta penggantian perlengkapan sudah usang. Laporan ini disampaikan untuk pencatatan rutin.",Laporan Keuangan,Rendah
"Yth. Tim IT, saya Citra Maharani dari bagian Finance ingin meminta panduan dasar penggunaan VPN perusahaan. Saya belum pernah menggunakannya dan ingin memahami langkah-langkah sebelum ada kebutuhan kerja dari luar kantor. Tidak ada akses yang sedang problem saat ini. Mohon dikirimkan dokumentasi atau link panduan jika tersedia.",Tiket IT,Rendah
"Yth. Ibu HRD, Saya Nadia Rahmawati dari departemen Marketing Communications ingin menanyakan prosedur pendaftaran program pelatihan internal yang dijadwalkan pada Desember 2024 sebagaimana diumumkan di papan informasi kantor. Saya tertarik mengikuti kelas Public Speaking dan Digital Marketing yang ada dalam daftar pelatihan tersebut. Apakah ada kuota peserta dan apakah program ini terbuka untuk semua level pegawai Mohon juga diinformasikan apakah perlu ada persetujuan atasan sebelum mendaftar. Terima kasih.",Email HR,Rendah
"Selamat siang Bapak/Ibu HR. Berhubung saya telah resmi mengajukan pengunduran diri dan hari terakhir kerja saya adalah tanggal 15 bulan ini, saya ingin memohon pembuatan Surat Pengalaman Kerja (Parklaring). Surat ini sangat saya butuhkan untuk keperluan administrasi di tempat kerja yang baru nantinya. Mohon diinfokan kapan surat tersebut siap untuk saya ambil sebelum tanggal efektif keluar saya. Terima kasih. - Denny Setiawan, Divisi Administrasi.",Email HR,Sedang
Notulen rapat mingguan bagian harus dibagikan ke semua peserta rapat selambatnya satu hari kerja setelah pertemuan selesai. Format pencatatan wajib menyertakan poin keputusan utama dan siapa yang bertanggung jawab atas tindak lanjutnya. Dokumen notulensi disimpan dalam folder berbagi unit yang ada di server cloud.,SOP,Rendah
"Selamat pagi HR. kontrak kerja saya sebagai karyawan kontrak di divisi ini akan selesai pada akhir bulan depan. Berdasarkan hasil diskusi dengan manajer, beliau merekomendasikan saya untuk perpanjangan kontrak baru atau pengangkatan. Mohon arahan dari tim HR tahapan performa dan apa saja yang perlu saya siapkan proses perpanjangan ini. Terima kasih. - Firman Utomo, Divisi Hubungan Pelanggan.",Email HR,Sedang
bagian Sales memerlukan 3 unit tablet Samsung Galaxy Tab A8 untuk memudahkan tim lapangan mempresentasikan katalog produk digital kepada calon distributor. Perangkat tablet yang ada saat ini sudah lambat dan kapasitas baterainya sudah sangat menurun. Estimasi biaya pengadaan unit tablet ini adalah Rp10.500.000. Permintaan ini diajukan oleh Yudi Pratama dari unit Penjualan.,Permintaan Pengadaan,Sedang
"Selamat pagi Tim IT, saya Lia Anggraeni, Sekretaris Direktur Utama. Bapak Direktur Utama Haryono Sulistyo tidak bisa mengakses email Outlook beliau sejak kemarin sore hingga pagi ini. Sudah dilakukan restart berkali-kali namun tetap tidak bisa membuka inbox dan muncul pesan Your mailbox has been temporarily moved. Hari ini beliau memiliki serangkaian rapat dewan direksi dan sangat membutuhkan akses email untuk koordinasi yang bersifat urgent. dimohon ini dijadikan prioritas tertinggi dan teknisi senior dikirim ke ruang Direktur lantai 10 sebelum pukul 08.30 WIB. Saya bisa dihubungi di Ext. 1001.",Tiket IT,Tinggi
"Halo rekan HR, saya ingin mengirimkan berkas klaim reimbursement untuk biaya akomodasi dan transportasi selama menghadiri pameran teknologi di Jakarta pekan lalu. Semua bukti pembayaran asli beserta nota dinas yang ditandatangani kepala departemen telah saya scan dan lampirkan pada email ini. harap dilakukan verifikasi data agar proses pencairannya bisa disatukan dengan transfer gaji pada akhir bulan ini. Terima kasih banyak atas bantuannya. - Sari Lestari, Divisi Desain Produk.",Email HR,Sedang
Selamat pagi tim saya Sari dari Divisi Riset dan Pengembangan. Saya membutuhkan surat keterangan penghasilan untuk keperluan administrasi beasiswa pendidikan. Dokumen tersebut diminta oleh penyelenggara dalam waktu Mohon bantuan untuk penerbitannya apabila memungkinkan.,Email HR,Sedang
"Selamat pagi Alya Safira dari Divisi Product Development membutuhkan instalasi aplikasi Figma di laptop kantor. Aplikasi ini digunakan untuk meninjau desain antarmuka produk vendor. Kebutuhan mulai digunakan minggu ini, tetapi belum menghambat pekerjaan hari ini. Mohon instalasi dan kebijakan perusahaan.",Tiket IT,Sedang
"Halo Tim IT, sistem perusahaan tiba-tiba tidak bisa diakses sejak jam 8 pagi ini. hari ini adalah hari penutupan buku akhir bulan sangat krusial bagi divisi Finance. Mohon segera karena seluruh tim tidak bisa bekerja sama sekali. Terima kasih atas bantuannya.",Tiket IT,Tinggi
"Email dari Prasetyo Dharmawan, departemen Manajemen Kas. Berdasarkan rekapitulasi mingguan, perusahaan menghadapi kewajiban pembayaran royalti sebesar Rp 358.000.000 yang akan jatuh tempo dalam empat hari kerja. Saldo kas yang tersedia saat ini tidak mencukupi untuk menutup seluruh kewajiban tersebut. Mohon persetujuan pencairan deposito jangka pendek agar pembayaran dapat dilakukan tepat waktu.",Laporan Keuangan,Tinggi
"Pengembalian buku referensi ke perpustakaan kantor wajib dilakukan maksimal dalam empat belas hari sejak peminjaman. Tidak ada denda keterlambatan uang, namun peminjam akan diblokir dari meminjam buku baru hingga tunggakannya dikembalikan. Buku harap diletakkan di keranjang pengembalian khusus, bukan langsung ditaruh ke rak.",SOP,Rendah
"Setiap kontrak kerja sama dengan pihak agensi eksternal wajib direviu ulang setiap tahunnya. Tim pengadaan akan menilai performa agensi berdasarkan metrik keberhasilan yang telah disepakati. Jika performa berada di bawah standar, kontrak dapat diputus secara sepihak sesuai klausa awal.",SOP,Sedang
"Email dari Bagas Adhitama, Divisi Capital Planning. Pengeluaran untuk pembangunan pusat distribusi baru telah mencapai Rp 472.000.000 dan melampaui estimasi tahap pertama proyek. Kenaikan biaya dipengaruhi oleh perubahan desain dan kebutuhan konstruksi tambahan. Mohon persetujuan revisi anggaran investasi agar pekerjaan dapat dilanjutkan.",Laporan Keuangan,Tinggi
"Kepada Yth. Tim HRD, setelah berdiskusi dengan manajer divisi, saya ingin mengajukan permohonan mutasi ke kantor cabang Bandung untuk posisi Senior Accountant yang saat ini sedang kosong. Pertimbangan utama saya adalah faktor keluarga, di mana istri saya dipindahtugaskan ke kota tersebut mulai bulan depan. Saya berharap kompetensi saya selama 4 tahun di kantor pusat bisa membantu performa tim cabang. Mohon arahan proses asesmen internalnya. - Joko Susilo, Divisi Akuntansi.",Email HR,Sedang
Pagi Mas/Mba IT. Saya baru saja dipindahtugaskan ke divisi Audit Internal minggu ini. Mohon bantuannya untuk membukakan akses ke shared folder departemen Audit di server pusat. Saat ini saya masih mendapatkan peringatan akses ditolak ketika mencoba membukanya. Terima kasih sebelumnya atas bantuannya.,Tiket IT,Sedang
"Halo Tim IT, saya Fitri Handayani dari Divisi Rekrutmen tidak bisa membuka akun email perusahaan sama sekali. Sistem menolak password dan opsi pemulihan tidak mengirimkan kode ke nomor saya. Pagi ini saya mengirim wawancara kandidat untuk posisi yang mendesak. Mohon bantuan reset password segera agar komunikasi rekrutmen tidak tertunda.",Tiket IT,Tinggi
"Halo Helpdesk, saya Pandu Wicaksono dari Divisi Warehouse label barcode tidak bisa mencetak sejak pukul 07.30. Status perangkat menyala, tetapi setiap perintah cetak berhenti di antrean tanpa hasil. Pengiriman barang ke beberapa toko tidak bisa diproses tanpa label barcode. Mohon teknisi segera mengecek perangkat menyediakan printer",Tiket IT,Tinggi
"Email dari Nadya Pratiwi, bagian Sekretariat Perusahaan. Penggunaan dana kas kecil minggu ini sebesar Rp 1.270.000 untuk kebutuhan legalisasi dokumen, pengiriman surat, dan pembelian perlengkapan administrasi. Semua transaksi telah didukung bukti pembayaran yang lengkap. Saldo kas kecil masih mencukupi untuk kebutuhan operasional rutin.",Laporan Keuangan,Rendah
"dari Anggraeni, Divisi Pajak dan Pemeriksaan dokumen menemukan potensi pajak penghasilan badan sebesar Temuan ini berasal dari perlakuan akuntansi terhadap beberapa biaya operasional. Mohon bersama pajak perusahaan.",Laporan Keuangan,Tinggi
"Jika ada ancaman bom di lingkungan kantor, sekuriti harus langsung menghubungi pihak kepolisian. Seluruh area kantor wajib dikosongkan dalam waktu kurang dari lima menit. Karyawan dilarang menyentuh barang atau paket mencurigakan yang ditemukan di lokasi.",SOP,Tinggi
"Yth. Tim HRD, Saya Anita Suryani, Koordinator Divisi Training, ingin memohon surat keterangan pengalaman kerja untuk keperluan pendaftaran beasiswa S2 di salah satu universitas negeri. Saya sudah bekerja di perusahaan ini selama 4 tahun dan membutuhkan surat yang mencantumkan posisi, durasi kerja, dan deskripsi singkat pekerjaan saya. Batas waktu pendaftaran beasiswa adalah 30 November 2024 sehingga saya sangat membutuhkan surat ini dalam minggu ini. Mohon jika ada biaya administrasi atau prosedur khusus yang berlaku agar dapat diinformasikan kepada saya. Atas perhatian dan bantuannya saya ucapkan terima kasih.",Email HR,Sedang
"Selamat pagi Bapak/Ibu HRD. Berdasarkan undangan kepesertaan tentang metodologi yang dikirimkan oleh lembaga sertifikasi profesi minggu lalu, saya bermaksud mendaftar sebagai investasi pelatihan ini disetujui oleh Head of Division kami dalam rencana kerja tahunan. Mohon bantuan admin HRD untuk melunasi invoice pendaftaran vendor agar saya bisa mendapatkan akses masuk kelas. Terima kasih. - Siska Lestari, Divisi Scrum Master.",Email HR,Sedang
"Yth. Tim HRD, Saya Putri Handayani dari Divisi Pemasaran bermaksud mengajukan permohonan cuti tahunan selama 5 hari kerja pada tanggal 25–29 November 2024. Cuti ini saya rencanakan untuk menghadiri pernikahan kakak saya di Yogyakarta. Saya sudah mendiskusikan hal ini dengan Bapak Agus selaku Supervisor dan beliau tidak keberatan selama pekerjaan sudah saya delegasikan terlebih dahulu. Sisa cuti tahunan saya masih 9 hari sehingga pengajuan ini masih dalam batas hak yang berlaku. Mohon persetujuan dan konfirmasi dari HRD paling lambat 3 hari ke depan. Terima kasih.",Email HR,Sedang
"Saya, Yuni Kartika dari Divisi Keamanan Informasi, mengajukan pengadaan 2 unit server rack untuk peningkatan kapasitas sistem. Spesifikasi minimal prosesor 16 core, RAM 64 GB, dan storage 4 TB SSD. Estimasi harga per unit Rp85.000.000. Pengadaan mendesak karena kapasitas server saat ini hampir mencapai batas maksimum.",Permintaan Pengadaan,Tinggi
"Saya Oki Setiawan dari Divisi IT meminta pengadaan 100 pak kartu RFID kosong (blank proximity card) untuk cadangan persediaan pencetakan kartu tanda pengenal karyawan baru sepanjang sisa tahun Stok kartu identitas di meja saat masih mencukupi untuk tiga bulan ke depan, sehingga pembelian ini bisa direalisasikan tanpa tergesa-gesa. Estimasi 2.500.000.",Permintaan Pengadaan,Rendah
"Email dari Danu Prasetyo, Divisi Finance Shared Service. Saat rekonsiliasi rekening ditemukan transaksi keluar sebesar Rp 127.000.000 yang belum memiliki referensi dokumen pendukung. Nilai tersebut cukup material terhadap saldo kas perusahaan. Investigasi diminta dilakukan sesegera mungkin.",Laporan Keuangan,Tinggi
"Selamat sore Tim IT, saya Galih Prakoso dari Divisi Logistik membutuhkan pengecekan performa laptop kerja. Dalam beberapa hari terakhir laptop sering lambat saat membuka aplikasi Excel dan browser secara bersamaan. Pekerjaan masih bisa berjalan, tetapi proses input data pengiriman menjadi lebih lama. Mohon dilakukan pengecekan memori, storage, dan kemungkinan update sistem.",Tiket IT,Sedang
"Selamat siang Helpdesk, saya Rendi Firmansyah dari Divisi Internal Communication ingin meminta panduan cara membagikan file besar melalui SharePoint. Beberapa video dokumentasi kegiatan terlalu besar untuk dikirim melalui email. Saat ini file masih tersimpan di laptop lokal. Mohon informasi langkah aman untuk mengunggah dan membagikan link ke peserta internal.",Tiket IT,Rendah
"Selamat siang Bapak/Ibu HR. Berhubung saya telah resmi mengajukan pengunduran diri dan hari terakhir saya adalah tanggal 15 bulan ini, saya ingin memohon pembuatan Surat Pengalaman Kerja (Parklaring). Surat ini sangat saya butuhkan keperluan administrasi di tempat yang baru nantinya. Mohon diinfokan kapan surat tersebut siap saya ambil tanggal efektif keluar saya. Terima kasih. - Denny Setiawan, Divisi Administrasi.",Email HR,Sedang
"Pagi Mas/Mba IT, saya tidak bisa login ke akun Windows saya sejak komputer tadi Muncul pesan error mengenai user profile di layar Saya ada presentasi penting klien jam 10 nanti dan butuh di dalamnya. Tolong bantuannya ya.",Tiket IT,Tinggi
"Selamat pagi Tim HRD. Melalui email ini, saya ingin mengajukan cuti tahunan selama 4 hari kerja, terhitung mulai tanggal 22 hingga 25 Juni 2026, karena ada keperluan renovasi rumah tinggal yang cukup mendesak. Seluruh tanggung jawab pekerjaan harian sudah saya serahkan kepada rekan satu tim saya, sdr. Firman, agar tidak mengganggu proyek berjalan. Permohonan ini juga sudah mendapatkan persetujuan lisan dari manajer divisi. Mohon bantuannya untuk memproses validasi di sistem. - Andi Wijaya, Divisi Business Development.",Email HR,Sedang
Laporan pengeluaran bensin bagi kurir ekspedisi harus dilampiri struk asli dari pom bensin. Angka kilometer di speedometer wajib difoto sebelum dan sesudah pengiriman barang hari itu. Klaim yang diajukan tanpa foto bukti kilometer tidak akan diproses oleh keuangan.,SOP,Sedang
"Halo Helpdesk IT, Damar Laksono dari Divisi Research ingin menanyakan prosedur pengajuan laptop dengan spesifikasi tinggi. Beberapa analisis data membutuhkan memori dan prosesor yang lebih besar dari laptop standar. Permintaan ini masih tahap perencanaan untuk kuartal depan. Mohon informasi syarat pengajuan, approval dibutuhkan, dan estimasi prosesnya.",Tiket IT,Rendah
"Kepada Tim HRD, Saya Fitriani Kusuma dari bagian Operasional bermaksud menyampaikan keberatan resmi atas keputusan pemutusan hubungan kerja yang diberitahukan kepada saya secara mendadak pada tanggal 8 November 2024. Saya menerima surat PHK tersebut tanpa ada peringatan tertulis sebelumnya atau prosedur pembinaan sebagaimana diatur dalam PKB perusahaan. Selain itu, perhitungan pesangon yang tertera dalam surat PHK tidak sesuai dengan ketentuan UU Cipta Kerja yang berlaku. Saya meminta penjelasan tertulis mengenai alasan PHK yang sah secara hukum dan perhitungan ulang hak-hak saya sesuai peraturan perundang-undangan. Apabila tidak ada respons dalam 3 hari kerja, saya terpaksa akan melibatkan kuasa hukum dan melaporkan ke Dinas Ketenagakerjaan setempat.",Email HR,Tinggi
"Setiap karyawan yang mendapatkan fasilitas ponsel dinas wajib menandatangani surat perjanjian tanggung jawab aset. Ponsel tidak boleh di-root atau dimodifikasi sistem operasinya dengan alasan apapun. Jika karyawan keluar dari perusahaan, ponsel wajib dikembalikan lengkap dengan pengisi dayanya.",SOP,Sedang
"Yth. Tim IT, saya Eko Darmawan dari unit Teknik ingin meminta pengecekan antivirus pada komputer lab. Antivirus menampilkan peringatan bahwa beberapa file dikarantina, tetapi tidak ada penjelasan detail. Komputer masih dapat digunakan, namun kami khawatir ada risiko keamanan pada file hasil pengujian. harap dilakukan pemeriksaan dan pembaruan definisi antivirus.",Tiket IT,Sedang
"Yth. HRD, saya Maya Oktaviani dari Divisi Customer Experience. Saya ingin mendaftarkan pada program pelatihan yang akan diselenggarakan perusahaan bulan depan. Menurut saya pelatihan tersebut sangat relevan dengan tanggung jawab pekerjaan saat ini. Mohon informasi mengenai mekanisme pendaftaran dan persetujuan yang diperlukan.",Email HR,Sedang
"Halo Tim IT, saya Indah Permatasari Divisi tidak bisa mengakses laptop setelah update Windows semalam. memasukkan PIN, layar hanya menampilkan warna hitam dan tidak masuk ke desktop. Pagi ini saya harus menyiapkan dokumen kontrak untuk ditandatangani direksi. Mohon bantuan segera file tersimpan di laptop tersebut.",Tiket IT,Tinggi
"Email dari Haris Prasetya, Divisi Corporate Finance. Arus kas operasional mengalami tekanan akibat meningkatnya kebutuhan modal kerja sebesar Rp 236.000.000. Kondisi ini menyebabkan ruang likuiditas perusahaan semakin terbatas. Mohon pembahasan khusus terkait strategi pengelolaan kas jangka pendek.",Laporan Keuangan,Tinggi
"Penggantian kertas tisu pengering tangan di kamar mandi karyawan merupakan tugas pokok bagian cleaning service shift pagi dan siang. Jika dispenser tisu terlihat kosong pada jeda jam operasional, karyawan cukup memberikan info singkat ke petugas jaga terdekat. Tisu bekas pakai wajib dibuang pada tong sampah injak berlapis plastik hitam di dalam ruangan.",SOP,Rendah
"Sehubungan dengan ausnya ban pada mobil operasional jenis blind van nomor polisi B 1234 XYZ, kami memerlukan penggantian komponen demi keselamatan berkendara. Kami mengajukan pembelian 4 unit ban mobil merk Bridgestone Ecopia ukuran standar pabrikan. Estimasi biaya pembelian ban baru beserta ongkos pasang, balancing, dan spooring di bengkel rekanan adalah Rp 3.800.000. Kendaraan ini rutin digunakan setiap hari untuk mengantar dokumen antar kantor cabang. permintaan oleh wawan Setiawan, bagian Umum.",Permintaan Pengadaan,Sedang
"Halo rekan HR. Saya ingin mengajukan klaim reimbursement untuk biaya perjalanan dinas saya ke Surabaya minggu lalu yang meliputi tiket pesawat, hotel, dan biaya makan harian. Total kuitansi dan form usulan yang sudah ditandatangani oleh manajer bagian telah saya lampirkan dalam email ini. Mohon dapat diproses agar dana tersebut bisa masuk pada pencairan minggu ini. Terima kasih atas bantuannya. - Sari Dewi, Divisi Penjualan.",Email HR,Sedang
"Yth. Helpdesk IT, saya Pramudya Siregar dari bagian Planning ingin mengetahui apakah ada ketentuan penggunaan flashdisk pribadi di komputer kantor. Saya sering menerima file dari vendor melalui media eksternal. Sebelum digunakan, saya ingin memastikan prosedur pemeriksaan keamanannya. minta informasi kebijakan yang berlaku agar kami tidak melanggar aturan IT.",Tiket IT,Rendah
Kotak pengumpulan saran dari pelanggan yang terpasang di area ruang tunggu kantor harus dibuka petugas CS setiap Rabu pagi. Kertas saran tersebut dikumpulkan dan diserahkan ke meja manajer cabang untuk dibaca sekilas. Saran yang tergolong keluhan standar operasional akan langsung dibahas di acara taklimat harian singkat cabang.,SOP,Rendah
Divisi Sales memerlukan 3 unit tablet Samsung Galaxy Tab A8 untuk memudahkan tim mempresentasikan katalog produk digital kepada calon distributor. Perangkat tablet yang ada saat ini sudah lambat dan kapasitas baterainya sudah sangat Estimasi biaya pengadaan unit tablet ini adalah Rp10.500.000. Permintaan ini diajukan oleh Yudi Pratama dari Divisi Penjualan.,Permintaan Pengadaan,Sedang
Tolong pengadaan 12 unit lampu LED industri Philips 40 Watt untuk menggantikan lampu lama di area koridor gudang distribusi. Beberapa titik lampu sudah redup dan sering berkedip sehingga mengurangi kenyamanan visual petugas logistik bekerja shift malam. Penggantian ini juga bertujuan untuk efisiensi daya perusahaan. Estimasi total biaya material adalah Rp 3.600.000.,Permintaan Pengadaan,Sedang
"Selamat pagi Tim HRD. Saya ingin melaporkan temuan indikasi fraud dan penggelapan dana kas kecil senilai puluhan juta rupiah yang diduga dilakukan oleh oknum senior di divisi kami. Saya menemukan kejanggalan pada laporan kuitansi fiktif saat melakukan rekonsiliasi data mingguan tadi malam. Demi menjaga integritas perusahaan, mohon HR segera menjadwalkan audit investigasi khusus dan menonaktifkan sementara hak akses sistem oknum tersebut per hari ini. - Nina Marlina, Divisi Internal Audit.",Email HR,Tinggi
Saya Hany Handayani dari Divisi Layanan Pelanggan meminta pengadaan 6 unit partisi kubikal soundproof untuk membatasi meja agen call center baru. Tingkat kebisingan antar agen saat ini sangat mengganggu kualitas suara panggilan pelanggan yang mengeluh karena suara latar belakang bocor. Spesifikasi partisi memiliki tinggi minimal 150 cm dengan lapisan busa peredam suara berkualitas menengah. Estimasi total biayanya adalah Rp 18.000.000.,Permintaan Pengadaan,Sedang
Prosedur recall produk farmasi harus dijalankan ketika ditemukan kontaminasi bahan kimia berbahaya. distributor dan apotek wajib menghentikan penjualan produk tersebut hari ini juga. Produk ditarik kembali ke pabrik pusat untuk dimusnahkan secara aman.,SOP,Tinggi
"Email dari Vicky Ramadhan, unit Operational Support. Biaya rutin penggantian perlengkapan kebersihan kantor mencapai Rp 1.740.000 pada minggu ini. Pengeluaran masih berada dalam batas yang telah ditetapkan perusahaan. Tidak diperlukan penambahan budget untuk periode berikutnya.",Laporan Keuangan,Rendah
"Kami mengajukan permintaan pengadaan rutin bulanan berupa Alat Tulis Kantor (ATK) untuk kebutuhan seluruh staf di lantai 2 dan 3. Rincian barang yang dibutuhkan meliputi 20 rim kertas A4 80gr Sinar Dunia, 5 pak pulpen isi 12, dan 10 buah map file plastik. Estimasi total biaya untuk pemenuhan kebutuhan operasional ini adalah sebesar Rp 1.800.000. Stok ATK di lemari penyimpanan saat ini diperkirakan hanya cukup untuk 3 hari ke depan. Pengajuan oleh Anita Sari, Divisi Umum dan Personalia.",Permintaan Pengadaan,Sedang
"Laporan dari Rafi Alamsyah, Divisi Teknologi Operasional. Pengeluaran pemeliharaan server dan infrastruktur pendukung selama bulan ini tercatat sebesar Rp 26.400.000. Biaya digunakan untuk pembaruan perangkat keras dan layanan teknis berkala. Seluruh transaksi telah sesuai dengan kontrak yang berlaku.",Laporan Keuangan,Sedang
"Selamat siang Bapak/Ibu HR, saya ingin memberikan masukan kecil dari rekan-rekan karyawati mengenai keterbatasan jumlah kubikal toilet wanita yang berada di area kantor lantai 3 gedung utama. Pada jam-jam sibuk seperti awal masuk kerja dan setelah istirahat siang, antrean panjang sering terjadi sehingga menguras waktu produktif kami cukup signifikan. dimohon masukan ini dapat disampaikan dalam rapat fasilitas gedung untuk opsi penambahan bilik di masa depan. - Siska Amelia, departemen Public Relations.",Email HR,Rendah
"Apabila terjadi pandemi penyakit menular yang parah, perusahaan langsung memberlakukan protokol work from home penuh. Akses fisik ke kantor pusat ditutup total kecuali untuk petugas pemeliharaan esensial. Setiap karyawan wajib melaporkan kondisi kesehatannya melalui portal HR setiap hari.",SOP,Tinggi
Halo Tim IT. Saya Tono dari Graphic Design ingin meminta tolong untuk diinstalkan software Adobe After Effects di PC saya. Atasan saya sudah menyetujui permintaan ini karena ada proyek video animasi bulan depan. Tiket persetujuan dari manajer sudah saya lampirkan di sistem internal kita. Kapan kira-kira teknisi bisa meremote PC saya?,Tiket IT,Sedang
"Halo IT Helpdesk, saya Hadi Saputra yang baru saja dipindahtugaskan dari departemen Warehouse ke unit Logistics dan Distribution sejak awal bulan ini. Email lama saya masih menggunakan format cabang lama dan perlu diperbarui sesuai struktur email Divisi Logistik yang baru sesuai kebijakan perusahaan. Selain perubahan alamat email, saya juga memerlukan akses ke sistem TMS yaitu Transportation Management System yang digunakan oleh seluruh tim Logistik untuk operasional harian. Mohon bantu proses perubahan email dan penambahan akses sistem ini sekaligus. Surat mutasi dari HRD sudah saya lampirkan sebagai dokumen pendukung yang diperlukan. Hadi Saputra, Logistics Staff, Ext. 8802.",Tiket IT,Sedang
"rekap dari Nita Lestari, departemen Akuntansi. Rekapitulasi akhir bulan menunjukkan biaya operasional mencapai Rp 498.000.000 atau 27% di atas target anggaran. Kenaikan terbesar berasal dari biaya logistik dan pemeliharaan fasilitas. Diperlukan tindakan pengendalian biaya pada periode berikutnya.",Laporan Keuangan,Tinggi
"Email dari Mahendra, Divisi Finance Project. proyek modernisasi fasilitas telah mencapai Rp atau total anggaran, sementara progres pekerjaan baru mencapai 72%. Situasi ini menunjukkan risiko dana pada tahap akhir proyek. Mohon evaluasi segera bersama tim",Laporan Keuangan,Tinggi
tolong diproses pengadaan 20 unit kursi auditorium lipat dengan meja tulis terintegrasi untuk ruang pelatihan pegawai di lantai 4. Kursi yang lama sudah banyak yang patah pada bagian engsel bawah dan busanya telah mengelupas karena faktor usia pemakaian rutin. Spesifikasi yang diinginkan menggunakan rangka besi kokoh dan pelapis kain fabric warna hitam. Estimasi total biaya pengadaan furniture ini adalah Rp 24.000.000.,Permintaan Pengadaan,Sedang
Draf dokumen publikasi media sosial yang sifatnya informatif umum tidak lagi membutuhkan persetujuan direktur operasional. Cukup serahkan draf tersebut ke supervisor divisi marketing untuk validasi gaya bahasanya. Unggahan dapat dijadwalkan secara otomatis melalui platform manajemen sosial media terpusat.,SOP,Rendah
"Kami memerlukan pembaharuan perangkat komunikasi genggam untuk tim logistik lapangan yang bertugas mengoordinasikan bongkar muat barang. tolong dilakukan pengadaan 5 unit Walkie Talkie Motorola T82 Extreme yang tahan cuaca ekstrem. Alat ini sangat dibutuhkan untuk menggantikan unit lama yang baterainya sudah drop dan jangkauan sinyalnya memendek. Estimasi alokasi yang dialokasikan adalah Rp 7.500.000 untuk paket lengkap beserta charger dock. Pengajuan oleh Ahmad Zaelani, Divisi Logistik.",Permintaan Pengadaan,Sedang
"Selamat Tim HRD, saya ingin mengajukan pertanyaan seputar aturan hangusnya hak cuti tahunan karyawan. Apakah sisa cuti tahun 2025 yang belum saya gunakan sebanyak 3 hari masih bisa diakumulasikan dan diperpanjang hingga akhir semester tahun ataukah otomatis hangus per tanggal Juni besok? konfirmasinya karena saya berencana menggunakannya untuk keperluan keluarga bulan depan. Terima kasih atas waktunya. - Dian Sastro, Divisi Creative",Email HR,Rendah
"Sehubungan dengan penambahan staf administrasi baru di departemen kami, kami memerlukan tambahan meja kerja baru. Kami mengajukan pengadaan 2 unit Meja Kantor Olympic ukuran 120cm dengan laci susun. Estimasi budget yang diperlukan untuk furniture baru ini adalah Rp3.200.000. Pengajuan ini dibuat oleh Dian Permata dari Divisi Administrasi Keuangan.",Permintaan Pengadaan,Sedang
"Saya, Wahyu Hidayat dari Divisi mengajukan pengadaan 10 unit hand pallet untuk mendukung aktivitas pemindahan barang. Peralatan yang ada masih dapat namun jumlahnya tidak mencukupi. yang dibutuhkan adalah 2 ton per unit. Estimasi harga Rp4.000.000 per unit.",Permintaan Pengadaan,Sedang
"Email dari Arman Syahputra, unit Financial Risk. Nilai piutang kendala meningkat menjadi Rp 267.000.000 setelah beberapa pelanggan gagal memenuhi jadwal pembayaran. Kondisi ini berdampak pada rasio likuiditas perusahaan. Diperlukan langkah mitigasi dan penagihan intensif terhadap akun terkait.",Laporan Keuangan,Tinggi
Mohon dibantu pengadaan berkala jasa cleaning service bulanan perawatan karpet kantor seluas 500 meter persegi di Karpet sudah berdebu mengeluarkan bau tidak sedap yang berpotensi mengganggu kesehatan pernapasan karyawan. Pengerjaan diharapkan dilakukan pada akhir agar tidak mengganggu jam kerja efektif. Estimasi biaya jasa pencucian karpet ini adalah Rp 7.500.000.,Permintaan Pengadaan,Sedang
"Halo Tim HR, saya bermaksud mengajukan klaim penggantian (reimbursement) biaya rawat inap rumah sakit untuk anak saya yang dirawat karena demam berdarah minggu lalu. Dokumen pendukung berupa resume medis, rincian kuitansi asli dari rumah sakit, dan form klaim asuransi korporat telah saya lengkapi semuanya. Mohon ditinjau apakah seluruh komponen biaya tersebut masuk dalam cakupan plafon kesehatan kelas saya. Terima kasih banyak. - Ahmad Zakaria, Divisi Supply Chain.",Email HR,Sedang
"Kami memerlukan pengadaan 20 buah tanaman hias indoor (seperti Lidah Mertua dan Monstera) lengkap dengan pot keramik putih minimalis untuk ditempatkan di sepanjang lorong koridor gedung administrasi. Kehadiran tanaman ini ditujukan untuk memberikan kesan estetik, segar, dan mengurangi tingkat kejenuhan mata tenaga kerja saat bekerja. Estimasi total biaya pembelian tanaman beserta media tanam awal ini adalah Rp 3.500.000. Pengerjaan dekorasi ini bisa dilakukan kapan saja secara fleksibel. permohonan dari Indah Permatasari, Divisi Umum.",Permintaan Pengadaan,Rendah
Setiap permohonan sumbangan atau sponsor pihak eksternal harus diarahkan ke perusahaan. Proposal fisik harus dalam buku besar dan direviu kelayakannya secara bulanan. Bantuan dana hanya akan disalurkan melalui bank ke yayasan resmi.,SOP,Sedang
"Divisi Konstruksi memerlukan 3 unit Digital Theodolite Topcon untuk mendukung proyek pengukuran lahan baru yang akan dimulai awal pekan depan. Alat ukur lama milik tim di lapangan hilang saat mobilisasi proyek sebelumnya, sehingga pengerjaan terancam tertunda. Estimasi biaya pengadaan alat teknis ini adalah Rp105.000.000. Pengajuan ini dikirim oleh Adi Nugroho dari Divisi Operasional Konstruksi.",Permintaan Pengadaan,Tinggi
"Email dari Yoga Permana, departemen Pengadaan. Rekapitulasi invoice vendor periode Mei menunjukkan total tagihan sebesar Rp 168.000.000. Sebagian invoice telah diverifikasi dan menunggu proses pembayaran. minta penjadwalan pembayaran sesuai siklus kas perusahaan.",Laporan Keuangan,Sedang
"Email dari Dedi Saputra, Divisi Pengadaan. Ditemukan discrepancy anggaran sebesar Rp 132.000.000 pada proyek renovasi kantor pusat. Nilai realisasi pengeluaran jauh melebihi anggaran yang telah disetujui sebelumnya. Mohon dilakukan review terhadap seluruh purchase order yang telah diterbitkan.",Laporan Keuangan,Tinggi
"Selamat pagi Tim HRD. Melalui email ini, saya ingin mengajukan dimohon cuti tahunan selama 5 hari kerja, mulai tanggal 15 hingga 19 Juni 2026, untuk keperluan acara keluarga di luar kota. Tugas-tugas saya selama masa cuti akan didelegasikan sementara kepada rekan saya, Rini. Saya sudah mendapat persetujuan dari atasan langsung saya melalui sistem. dimohon bantuannya untuk memproses pengajuan ini. Terima kasih. - Bambang Susilo, Divisi Hubungan Masyarakat.",Email HR,Sedang
"Email dari Bastian Hidayat, Divisi Financial Hasil evaluasi profitabilitas menunjukkan salah satu unit bisnis mencatat kerugian sebesar Rp 184.000.000 selama dua bulan berturut-turut. Tren ini dengan target yang telah ditetapkan manajemen. Diperlukan kajian mendalam terhadap struktur biaya unit tersebut.",Laporan Keuangan,Tinggi
"Pendaftaran asuransi bagi anggota keluarga baru seperti anak yang baru lahir, dapat diajukan via portal karyawan. Sertakan salinan akta kelahiran dan kartu keluarga yang diperbarui dokumen pendukung. Pendaftaran harus dilakukan selambat-lambatnya tiga hari setelah tanggal kelahiran anak.",SOP,Sedang
"Halo IT Support. Saya Dian dari Audit Internal membutuhkan akses VPN untuk bekerja dari rumah sesekali. Sesuai kebijakan baru, staf level supervisor sudah berhak mendapatkan akses remote ini. Formulir persetujuan yang sudah ditandatangani Kepala Departemen terlampir. Mohon diproses dan kirimkan panduan instalasinya ke email saya.",Tiket IT,Sedang
Prosedur pengangkutan uang dalam jumlah besar dari kasir ke bank kini harus dikawal oleh dua orang satpam. Rute perjalanan menuju bank juga harus diubah secara acak hari untuk mencegah pengintaian. Pengangkutan hanya boleh dilakukan menggunakan kendaraan operasional khusus,SOP,Sedang
"Email dari Nadine Puspitasari, departemen Vendor Administration. Rekap invoice penyedia layanan internet dan komunikasi menunjukkan total tagihan sebesar Rp 38.000.000. Seluruh tagihan telah diverifikasi berdasarkan kontrak yang berlaku. harap dijadwalkan untuk pembayaran pada periode berikutnya.",Laporan Keuangan,Sedang
"Email dari Zahra Aulia, departemen Facility Maintenance. Biaya pemeliharaan ringan area lobi dan ruang tunggu kantor bulan ini tercatat sebesar Rp 2.780.000. Kegiatan mencakup perbaikan minor serta penggantian perlengkapan yang sudah usang. report ini disampaikan untuk pencatatan keuangan rutin.",Laporan Keuangan,Rendah
"Halo tim HRD, saya Dimas Kurniawan dari Divisi Operasional. Saya membutuhkan surat keterangan kerja untuk keperluan pengajuan kredit di bank. Dokumen tersebut diminta paling lambat minggu depan oleh pihak bank. Mohon bantuan untuk penerbitan surat tersebut sesuai format perusahaan.",Email HR,Sedang
"Halo Tim IT, saya Mira Anggraini dari tim Sales Support. Saya sering perlu berbagi file berukuran besar dengan klien namun email tidak mencukupi karena ada batasan ukuran lampiran. Saya ingin apakah perusahaan menyediakan solusi cloud resmi seperti SharePoint atau OneDrive yang digunakan untuk berbagi file dengan pihak luar secara aman dan mudah dilacak. Jika cara mengaksesnya dan apakah ada ketentuan mengenai jenis file yang boleh dibagikan ke pihak eksternal? tertentu, ini hanya untuk mengoptimalkan cara kerja saya ke depan. Terima kasih, Mira Anggraini, Sales Support, 4435.",Tiket IT,Rendah
"Selamat siang Tim HRD. Saya mewakili rekan-rekan staf administrasi ingin memberikan usulan penambahan rak penyimpanan dokumen gantung (filing cabinet) vertikal baru di area ruang kerja terbuka lantai dasar. Volume berkas arsip fisik invoice fisik triwulan ini meningkat drastis sehingga kapasitas meja kerja kami mulai kelebihan beban dan tampak kurang rapi. dimohon dipertimbangkan usulannya dalam pengadaan inventaris kantor bulan depan. Terima kasih. - Hendra Wijaya, unit Finance Administration.",Email HR,Rendah
"Selamat pagi tim HRD, saya Wulan Sari dari unit Riset dan Pengembangan. Saya membutuhkan surat keterangan penghasilan untuk keperluan administrasi beasiswa pendidikan. Dokumen tersebut diminta oleh penyelenggara program dalam waktu dekat. tolong bantuan untuk penerbitannya apabila memungkinkan.",Email HR,Sedang
"Email dari Dinda Maharani, departemen Vendor Relations. Rekap invoice penyedia layanan pelatihan profesional menunjukkan total nilai Rp 42.000.000. Seluruh kegiatan telah selesai dilaksanakan sesuai kontrak. tolong invoice diproses dalam jadwal pembayaran berikutnya.",Laporan Keuangan,Sedang
"Protokol standar mengunci pintu besi partisi rooling door pada kompleks ruko deret usaha anak bisnis perusahaan di luar jam jadwal operasional selalu dibantu tarikannya dibersamai alat tongkat pengait bengkok ujungnya. Setelah pintu tergembok tertutup sentuh ubin semen lantainya, staf pengunci utama akan menyangkutkan rantai cincin dua kali pada kuping besi gagang dorong untuk digembokkan bersama master anak kunci kuningan berlapisnya. Penanggung jawab jadwal serah terima kunci bergantian di grup obrolan teks staf karyawan jaga harian dengan mendokumentasikan gembok tergantug aman melalu kiriman tangkapan hasil foto saku ke sana.",SOP,Rendah
Setiap materi presentasi untuk investor harus menggunakan templat standar yang telah disetujui direksi keuangan. Dilarang menambahkan animasi transisi yang berlebihan pada slide. Draf akhir presentasi wajib diserahkan dua hari sebelum jadwal rapat pemegang saham.,SOP,Sedang
"Laporan dari Raka Hidayat, Divisi Infrastructure Support. Pengeluaran jaringan komputer selama bulan berjalan tercatat sebesar Rp 24.800.000. Biaya digunakan untuk penggantian perangkat pendukung dan layanan teknis berkala. Seluruh transaksi telah diverifikasi oleh tim terkait.",Laporan Keuangan,Sedang
departemen Purchasing memerlukan pengadaan 1 unit Lemari Arsip Besi Brother dengan pintu geser kaca untuk menyimpan berkas invoice vendor yang semakin menumpuk. Lemari yang ada sekarang sudah penuh dan tidak muat lagi menampung dokumen fisik baru. Estimasi alokasi untuk pembelian lemari besi ini adalah Rp3.800.000. Pengajuan dikirim oleh Nanda Saputra dari Divisi Purchasing.,Permintaan Pengadaan,Sedang
"Mobil van operasional yang biasa digunakan untuk mengantar dokumen logistik antar-cabang mengalami kerusakan mesin parah dan harus turun mesin di bengkel. Guna mencegah mandeknya distribusi dokumen penting, kami memerlukan sewa 1 unit mobil operasional pengganti selama 2 minggu ke depan. Estimasi biaya sewa darurat ini adalah Rp 7.000.000 termasuk pengemudi. Mohon persetujuannya segera demi kelancaran rantai pasok internal. Pengajuan dari Budi Santoso, Divisi Logistik.",Permintaan Pengadaan,Tinggi
"Email dari Ilham Syahputra, Divisi Purchasing. Purchase order yang diterbitkan minggu ini memiliki nilai total Rp 121.000.000 untuk kebutuhan perlengkapan operasional kantor pusat. Semua vendor telah melalui proses evaluasi harga. Mohon pencatatan dalam jadwal pembayaran mendatang.",Laporan Keuangan,Sedang
Prosedur penutupan toko ritel di malam hari kini mewajibkan dua staf untuk menghitung kas secara bersamaan. Laporan penjualan harian harus dicetak dan bersama uang tunai di brankas. brankas dipegang oleh manajer shift yang sedang bertugas.,SOP,Sedang
"Selamat pagi Tim IT, saya Desi Amalia dari Divisi HR ingin mengetahui prosedur pengajuan akun untuk peserta magang. Bulan depan kami akan menerima beberapa peserta baru dari universitas. Kami ingin menyiapkan kebutuhan email dan akses aplikasi sejak awal. Mohon informasi dokumen apa saja yang perlu dilampirkan dalam permintaan akun.",Tiket IT,Rendah
"Laporan dari Siska Ramadhani, Divisi SDM. Kami mengusulkan tambahan sebesar Rp 37.000.000 untuk program sertifikasi Program ini meningkatkan kompetensi teknis dan target perusahaan. Mohon persetujuan sesuai mekanisme yang berlaku.",Laporan Keuangan,Sedang
"Jika staf menemukan berupa alat elektronik yang rusak, ia wajib mengisi formulir perbaikan ke departemen aset. Aset yang rusak tidak boleh dibuang sendiri oleh karyawan Teknisi internal akan menentukan apakah barang tersebut diperbaiki atau dihentikan penggunaannya.",SOP,Sedang
"Selamat pagi Tim HRD. Melalui email ini, saya ingin mengajukan permohonan cuti tahunan selama 5 hari kerja, mulai tanggal 15 hingga 19 Juni 2026, untuk keperluan acara keluarga di luar kota. Tugas-tugas saya selama masa cuti akan didelegasikan sementara kepada rekan saya, Rini. Saya sudah mendapat persetujuan dari atasan langsung saya melalui sistem. Mohon bantuannya untuk memproses pengajuan ini. Terima kasih. - Bambang Susilo, Divisi Hubungan Masyarakat.",Email HR,Sedang
"Kepada Yth. HRD Manager, Saya Ferdi Kurniawan, Staf Divisi Business Development, ingin menanyakan apakah perusahaan program konseling psikologis atau Employee Assistance Program bagi karyawan. Saya mendengar beberapa perusahaan sudah ini dan ingin mengetahui apakah benefit serupa sini. Jika tersedia, diinformasikan cara mengaksesnya dan apakah bersifat atau ada pelaporan ke manajemen. Terima kasih informasinya.",Email HR,Rendah
"Kepada Yth. Tim HR, perihal surat pemberitahuan PHK yang saya terima kemarin, saya menemukan adanya ketidaksesuaian dalam perhitungan pesangon dan uang penghargaan masa kerja saya. Berdasarkan masa kerja saya yang sudah berjalan 5 tahun, jumlah yang tertera di surat tersebut di bawah ketentuan undang-undang yang berlaku. Saya meminta sesi audiensi khusus bersama HRD besok pagi untuk meluruskan rincian hak-hak saya. Terima kasih atas perhatiannya. - Dian Permata, departemen Keuangan.",Email HR,Tinggi
"Kepada HRD, saya dari Divisi Chain. Saya tertarik untuk mengikuti program mutasi ke divisi lain yang dibuka secara internal. Sebelum secara resmi, saya ingin mengetahui persyaratan dan prosedur yang berlaku. Mohon informasi lebih lanjut proses tersebut.",Email HR,Sedang
"Laporan dari Putra Wijaya, Divisi Treasury. Terdapat penurunan saldo investasi jangka pendek sebesar Rp 139.000.000 akibat pencairan untuk kebutuhan operasional mendesak. Jika tren ini berlanjut, cadangan likuiditas perusahaan akan berada di bawah batas minimum. Mohon arahan terkait strategi pendanaan.",Laporan Keuangan,Tinggi
Aturan dasar melipat menyusun rompi pantul keselamatan warna terang bagi kunjungan observasi kerja lapang rombongan tur eksternal pengunjung pelabuhan selalu wajib dilipat bentuk bujur sangkar menempel pita rekatan bahu saling kait menyilang padatnya saat masuk tas jinjingnya kembali diserahkan petugas. Rompi ini dikeranjang simpan tanpa dicuci langsung basah tiap hari melainkan diangin anginkan cukup dua malam berturut gantung terbuka dan direndam cucian penuh busa wangi setiap hari rabu mingguan operasional normalnya demi ketahanan serat jaket kainnya bertahan dari sering disikat pencucian harian tak berdasarnya. Jika mendapati rompi rompi tur ini tampak robek kantong besarnya karena pemakaian di lapangan mohon sekuriti lapor penyedia jaket seragam perusahaan menjahit kuat saku tempel agar tak meluber lepas karena dipakai orang awam yang rentan merusak barang inventaris tamu pinjaman kunjungan sekadarnya ini di hari tur berikutnya datang bertandang pabrik kita.,SOP,Rendah
"Yth. Ibu HRD, Saya Lidya Kusumawati, Staf R&D, ingin mengajukan permohonan cuti melahirkan mulai tanggal 10 Desember 2024 sesuai perkiraan kelahiran dari dokter kandungan saya. Berdasarkan peraturan perusahaan Ketenagakerjaan, saya berhak atas cuti selama bulan. Terlampir saya kirimkan surat keterangan dokter dan hasil USG terbaru sebagai pendukung pengajuan ini. Saya juga sudah menyiapkan serah terima pekerjaan kepada rekan yang menggantikan sementara. Mohon HRD memproses pengajuan ini dan menginformasikan dokumen lain dibutuhkan jika ada.",Email HR,Sedang
"Divisi Konstruksi memerlukan 3 unit Digital Theodolite Topcon untuk mendukung proyek lahan baru yang akan dimulai awal pekan depan. Alat ukur tim di hilang saat mobilisasi proyek sebelumnya, sehingga pengerjaan terancam tertunda. Estimasi biaya pengadaan alat teknis ini adalah Pengajuan ini dikirim oleh Adi dari Divisi Operasional Konstruksi.",Permintaan Pengadaan,Tinggi
"Selamat pagi Tim HR. Saya ingin mengonfirmasi mengenai keikutsertaan saya dalam pelatihan sertifikasi manajemen proyek yang akan diadakan bulan depan oleh vendor eksternal. Formulir pendaftaran and persetujuan anggaran dari kepala divisi sudah saya dapatkan secara lengkap. Mohon bantuan HR untuk memproses pembayaran invoice ke pihak vendor agar slot kepesertaan saya aman. Terima kasih banyak atas dukungannya. - Maya Indah, Divisi Manajemen Proyek.",Email HR,Sedang
"Email dari Bayu Prasetya, Divisi Budget Monitoring. Realisasi biaya sewa fasilitas tambahan mencapai Rp 243.000.000 atau 47% di atas anggaran yang tersedia. Pengeluaran tersebut dilakukan untuk memenuhi peningkatan kebutuhan operasional. Diperlukan pembahasan terkait revisi alokasi dana pada semester berjalan.",Laporan Keuangan,Tinggi
"Saya, Melati Wulandari dari Divisi Pengembangan Bisnis, mengajukan pengadaan 2 unit papan tulis digital interaktif. Perangkat direncanakan untuk mendukung program inovasi dan kolaborasi jangka panjang. Spesifikasi minimal layar sentuh 75 inci dan resolusi 4K. Estimasi harga Rp55.000.000 per unit.",Permintaan Pengadaan,Rendah
"Halo Tim IT, saya Bambang Riyanto dari bagian Security melaporkan sistem CCTV ruang server tidak bisa diakses. Monitor hanya menampilkan pesan no signal untuk semua kamera yang terhubung. Area tersebut harus tetap dipantau karena ada pekerjaan vendor hari ini. dimohon segera dicek karena ini menyangkut pengawasan keamanan fasilitas.",Tiket IT,Tinggi
"Kami perpanjangan kontrak untuk jasa cleaning service kantor dengan vendor PT Bersih Sejahtera 6 ke depan. Layanan ini mencakup pembersihan area kerja, toilet, harian oleh 2 orang personel kebersihan. Estimasi total nilai kontrak untuk tahun ke depan adalah Rp 48.000.000. kerja sangat krusial untuk kesehatan seluruh karyawan di kantor. Pengajuan dari Rizky Divisi Pengelolaan Fasilitas.",Permintaan Pengadaan,Sedang
"Laporan dari Riska Handayani, Divisi Audit. Audit mendadak terhadap pengeluaran menemukan biaya senilai Rp 109.000.000 yang belum memiliki dokumen kontrak lengkap. Temuan ini memerlukan klarifikasi sebelum laporan audit ditutup. Mohon tanggapan dari unit terkait dalam waktu 24 jam.",Laporan Keuangan,Tinggi
"rekapitulasi dari Putri Maharani, bagian Customer Service. Total pengeluaran operasional unit selama bulan berjalan mencapai Rp 18.500.000. Sebagian besar digunakan untuk pelatihan staf dan kebutuhan administrasi layanan pelanggan. Seluruh biaya masih sesuai alokasi anggaran.",Laporan Keuangan,Sedang
Insiden kerusuhan di sekitar gedung kantor mengharuskan penutupan seluruh lapis baja. Karyawan dilarang keluar gedung dan wajib dinding kaca bagian luar. Sekuriti bertugas memonitor situasi via CCTV dan berkoordinasi dengan aparat militer jika perlu.,SOP,Tinggi
"Email dari Citra Ayuningtyas, Divisi Sustainability Program. Kami mengajukan anggaran sebesar Rp 44.000.000 untuk kegiatan pengelolaan limbah dan pelatihan lingkungan kerja. Program ini merupakan bagian dari target keberlanjutan perusahaan tahun ini. Mohon persetujuan agar implementasi dapat dimulai sesuai jadwal.",Laporan Keuangan,Sedang
"Saya, Rizky Maulana dari Divisi Teknologi Informasi, mengajukan pembelian 25 lisensi antivirus bisnis. Lisensi diperlukan untuk menjaga keamanan perangkat perusahaan selama satu tahun. Pengadaan ini merupakan bagian dari program pemeliharaan rutin sistem. Estimasi biaya Rp1.200.000 per lisensi.",Permintaan Pengadaan,Sedang
"Selamat siang Tim HR, hari ini saya tidak dapat masuk kerja dikarenakan kondisi badan yang demam tinggi dan flu berat sejak semalam. Saya sudah memeriksakan diri ke klinik terdekat dan dokter menyarankan untuk beristirahat total selama 2 hari ke depan. Foto surat keterangan sakit dari dokter telah saya lampirkan dalam email ini sebagai bukti absensi resmi. Mohon izinnya dan terima kasih atas perhatiannya. - Ahmad Fauzi, Divisi Logistik.",Email HR,Sedang
"Selamat siang Bapak/Ibu HR, saya ingin memberikan masukan kecil dari rekan-rekan karyawati mengenai keterbatasan jumlah kubikal toilet wanita yang berada di area kantor lantai 3 gedung utama. Pada jam-jam sibuk seperti awal masuk kerja dan setelah istirahat siang, antrean panjang sering terjadi sehingga menguras waktu produktif kami cukup signifikan. Mohon masukan ini dapat disampaikan dalam rapat fasilitas gedung untuk opsi penambahan bilik di masa depan. - Siska Amelia, Divisi Public Relations.",Email HR,Rendah
"Selamat siang Tim IT, saya Ilham Maulana dari departemen Procurement membutuhkan instalasi SAP GUI di komputer kerja. Saya mulai ditugaskan untuk input purchase order dan belum memiliki aplikasi tersebut. Saat ini pekerjaan masih dibantu oleh rekan satu tim. Mohon dibantu instalasi dan konfigurasi koneksi ke server SAP.",Tiket IT,Sedang
"Tim yang saya Guntur Wibisono dari Divisi Riset dan Pengembangan Produk. Saya memerlukan akses ke repository internal perusahaan dan server Jenkins untuk keperluan kolaborasi dalam proyek pengembangan aplikasi internal yang baru bergabung minggu ini. Manajer proyek saya yaitu Bapak Rizal Anwar sudah memberikan persetujuan dan akan mengirimkan email konfirmasi kepada Tim IT secara terpisah. Mohon disiapkan akses SSH ke development dengan IP 192.168.50.10 menggunakan public key SSH yang sudah saya tiket ini. Saya sangat membutuhkan akses ini sebelum akhir minggu agar bisa mulai berkontribusi pada sprint yang sedang berjalan. Guntur Wibisono, Junior Developer, Ext.",Tiket IT,Sedang
"Tim IT, saya Niken Divisi Compliance informasi cara mengganti secara berkala. ingin memastikan password akun kantor tetap aman dan sesuai standar perusahaan. ada masalah login saat ini. Mohon dikirimkan langkah-langkah perubahan password dan ketentuan kompleksitas yang berlaku.",Tiket IT,Rendah
"Laporan dari Jefri Saputro, Divisi Warehouse Management. Pengeluaran gudang untuk kebutuhan perlengkapan penyimpanan dan keselamatan kerja mencapai Rp 18.300.000 selama ini. Seluruh pembelian dilakukan sesuai kebutuhan operasional. Dokumen pendukung telah diarsipkan untuk keperluan audit.",Laporan Keuangan,Sedang
"Dua dari tiga kamera CCTV di area gerbang logistik utama terputus total akibat tersambar petir semalam. Kami membutuhkan pengadaan 2 unit IP Camera Hikvision Outdoor 4MP beserta kabel instalasi baru untuk memulihkan sistem keamanan pengawasan aset keluar masuk malam ini. Estimasi biaya yang diusulkan adalah Rp 4.500.000 termasuk biaya pemasangan cepat oleh teknisi. Pengajuan oleh Joko Prasetyo, Divisi Keamanan Internal.",Permintaan Pengadaan,Tinggi
Aktivitas menjahit seragam robek untuk pertolongan darurat pada celana kerja difasilitasi dengan disediakannya perlengkapan alat jahit benang dasar di loker serba guna resepsionis lantai dasar. Karyawan pengguna diwajibkan menancapkan kembali jarum berhati-hati pada bantalan bola kapas kecilnya usai digunakan supaya tangan staf selanjutnya tidak tertusuk mendadak. Peralatan set mini jahit ini dilarang dibawa beranjak dari bangku panjang lobi gedung untuk mencegah inventaris tersebut hilang secara tidak sengaja.,SOP,Rendah
"IT. Saya Rika dari Procurement merasa laptop saya menyalanya agak setiap kali baru dihidupkan di pagi hari. Butuh waktu sekitar lima menit sampai masuk ke desktop Windows dengan sempurna. Selama jam kerja performanya normal-normal saja, jadi tidak mengganggu operasional sama sekali. Hanya sekadar melaporkan, mungkin dicek saat maintenance rutin bulan depan.",Tiket IT,Rendah
"Kepada Yth. Tim HRD, setelah berdiskusi dengan manajer divisi, saya ingin mengajukan permohonan mutasi ke kantor cabang Bandung posisi Senior Accountant yang saat ini sedang kosong. Pertimbangan utama saya adalah faktor keluarga, di mana istri saya dipindahtugaskan ke mulai bulan depan. Saya kompetensi saya 4 tahun di kantor pusat bisa membantu performa tim cabang. Mohon proses internalnya. - Joko Susilo, Divisi Akuntansi.",Email HR,Sedang
"Laporan dari Widia Kusuma, Divisi Finance Transformation. Proyek implementasi sistem keuangan telah menyerap dana Rp 367.000.000 atau 88% dari anggaran yang tersedia. Beberapa pekerjaan utama masih belum selesai sesuai jadwal. Evaluasi kebutuhan tambahan dana perlu segera dilakukan.",Laporan Keuangan,Tinggi
"Halo Tim IT, saya Endang Kusumawati, HR Generalist di Divisi Human Resources. Saya ingin menanyakan bagaimana cara mengatur fitur atau pesan Out of Office di email Outlook. Saya akan mengambil cuti tahunan selama seminggu mulai tanggal Juni dan ingin mengaktifkan pesan otomatis agar tahu saya sedang tidak aktif informasi kontak pengganti saya cuti. Sudah saya coba mencari sendiri namun bingung karena Outlook berubah setelah pembaruan terakhir. Jika ada panduan singkat bentuk PDF yang bisa dikirimkan ke email saya, itu sudah sangat membantu. Terima kasih, Endang Kusumawati, Ext. 1120.",Tiket IT,Rendah
"Pagi Tim IT. VPN kantor sama sekali tidak bisa dikoneksikan dari luar kota. Saya Maya dari Procurement harus segera menyetujui PO bahan baku impor senilai milyaran rupiah hari ini juga di sistem internal. Jika tidak di-approve sekarang, pengiriman akan tertunda satu bulan penuh. Mohon dicek apakah server VPN sedang bermasalah dan perbaiki segera.",Tiket IT,Tinggi
Siang rekan-rekan IT. Database aplikasi inventory sepertinya crash karena semua inputan barang masuk hari ini tidak sama sekali. gudang tidak bisa melanjutkan proses penerimaan barang supplier yang sudah menumpuk loading Tolong jadikan prioritas karena ini membuat operasional gudang terhenti total.,Tiket IT,Tinggi
Pagi Mas/Mba IT. Saya baru saja dipindahtugaskan ke departemen Audit Internal minggu ini. dimohon bantuannya untuk membukakan akses ke shared folder departemen Audit di server pusat. Saat ini saya masih mendapatkan peringatan akses ditolak ketika mencoba membukanya. Terima kasih sebelumnya atas bantuannya.,Tiket IT,Sedang
"Jika terjadi gempa bumi berkekuatan besar, seluruh staf wajib berlindung di bawah meja kerja masing-masing. Jauhi jendela kaca dan rak buku yang rentan roboh. Setelah guncangan berhenti, segera tinggalkan gedung dengan tertib menuju titik kumpul.",SOP,Tinggi
"Kami mengajukan pengadaan rutin bulanan untuk alat tulis kantor guna mendukung aktivitas administrasi di seluruh lantai. Barang yang dibutuhkan meliputi 20 dus kertas HVS A4 80gr, 5 pak pulpen hitam, dan 10 buah map file. Estimasi total biaya untuk pemenuhan kebutuhan stok bulan ini adalah Rp 1.800.000. Pembelian ini dilakukan agar tidak terjadi kekosongan persediaan alat tulis saat staf membutuhkannya. permohonan dari Dian Sastro, bagian Administrasi Umum.",Permintaan Pengadaan,Sedang
"Email dari Aditya Nugroho, Divisi Financial Reporting. Dalam proses konsolidasi laporan keuangan akhir kuartal koreksi penyusutan aset sebesar Rp 147.000.000 yang tercermin pada laporan sebelumnya. Perubahan ini berdampak pada perhitungan laba bersih perusahaan. Mohon seluruh unit terkait melakukan penyesuaian data sebelum batas pelaporan.",Laporan Keuangan,Tinggi
"Email dari Vino Mahardika, departemen Analisis Keuangan. Kinerja salah satu lini usaha menunjukkan penurunan margin kotor sebesar Rp 219.000.000 dibanding target kuartalan. Kondisi ini dipengaruhi oleh kenaikan biaya distribusi dan penurunan harga jual produk. Diperlukan langkah perbaikan agar target tahunan tetap tercapai.",Laporan Keuangan,Tinggi
"Tim saya Dimas Arya Kusuma Desain Produk. Workstation saya memerlukan instalasi terbaru untuk graphic Pro 24 yang baru saya terima sebagai pengganti alat kerja lama yang rusak. driver yang tepat graphic tersebut tidak berfungsi dan saya tidak bisa melakukan pekerjaan produk apapun secara Selain driver, saya juga memerlukan reinstalasi software X9 yang sebelumnya terpasang di workstation lama namun belum di workstation baru saya dengan asset tag Mohon jadwalkan kunjungan teknisi ke ruang Desain di 8 dalam 2 hingga 3 hari depan. Dimas Arya Kusuma, Senior Product Designer, Ext.",Tiket IT,Sedang
"Saya, Budi Santoso dari Divisi Teknologi Informasi, mengajukan pengadaan 5 unit laptop untuk tim pengembangan aplikasi yang sedang menangani proyek dengan tenggat waktu dekat. Spesifikasi yang dibutuhkan adalah Intel Core i7, RAM 16 GB, SSD 512 GB. Estimasi harga per unit Rp14.000.000. Kebutuhan ini mendesak karena perangkat saat ini tidak mampu menjalankan aplikasi pengembangan secara optimal.",Permintaan Pengadaan,Tinggi
Cara menghidupkan mesin penyedot debu untuk karpet lorong tidak boleh dilakukan menggunakan soket listrik lantai yang posisinya berada di tengah jalur lintas jalan. Hal ini demi meminimalisasi kemungkinan ada staf staf lain yang tersandung jeratan kabel listrik saat melangkah terburu-buru. Hubungkan colokan hanya pada stop kontak dinding terdekat yang letaknya tersembunyi dekat lemari pajangan.,SOP,Rendah
Karyawan yang bertugas sebagai pembicara mewakili perusahaan di acara seminar publik wajib mengoordinasikan materinya dengan divisi komunikasi. Salindia presentasi harus bebas dari data internal perusahaan yang bersifat konfidensial. Honor yang didapat dari pihak penyelenggara wajib dilaporkan sesuai kebijakan benturan kepentingan.,SOP,Sedang
"Selamat pagi Tim IT, saya Aditia Fadli dari Divisi Fleet Management tidak bisa login ke sistem pelacakan kendaraan. Pesan yang muncul menyatakan kredensial tidak valid, padahal password yang digunakan masih sama seperti kemarin. Kami harus memantau armada pengiriman yang sedang berjalan pagi ini. Mohon segera dibantu reset password atau pengecekan akun saya.",Tiket IT,Tinggi
"Kepada IT Support, saya Ratna Dewi, Supervisor Operasional lantai 7. unit kami baru saja menerima pengiriman printer baru Canon MAXIFY MB5470 yang belum terpasang dan belum terhubung ke jaringan kantor. Printer ini direncanakan untuk digunakan bersama oleh sekitar 12 orang staf di lantai 7. tolong bantuan untuk setup perangkat, konfigurasi network printing, dan instalasi driver di komputer masing-masing pengguna di lantai tersebut. Printer sudah berada di ruang saya dan siap dikonfigurasi kapan saja. Saya fleksibel untuk waktunya dan bisa disesuaikan dengan jadwal Tim IT. Ratna Dewi, Ext. 7701.",Tiket IT,Sedang
Selamat sore. Saya Vina dari HRD ingin bertanya mengenai kapasitas penyimpanan email Outlook kita. Apakah ada fitur arsip otomatis yang bisa diaktifkan agar email yang usianya lebih dari 2 tahun pindah ke hardisk? Inbox saya sudah lumayan penuh dan saya bingung cara merapikannya secara manual. Mohon pencerahannya dari tim IT ya.,Tiket IT,Rendah
Prosedur penutupan toko ritel di malam hari kini mewajibkan dua staf untuk menghitung kas secara bersamaan. rekapitulasi penjualan harian harus dicetak dan dilampirkan bersama uang tunai di brankas. Kunci brankas hanya dipegang oleh manajer shift yang sedang bertugas.,SOP,Sedang
"Yth. HRD PT Gemilang Nusantara, Saya Taufik Ismail dari Divisi Purchasing bermaksud mengajukan reimbursement atas biaya pelatihan eksternal yang saya ikuti atas anjuran atasan pada tanggal 28–29 Oktober 2024. Biaya pendaftaran pelatihan Supply Chain Management tersebut sebesar Rp 3.500.000 dan sudah saya bayar sendiri dengan kesepakatan akan diganti perusahaan. Terlampir saya kirimkan bukti transfer, sertifikat keikutsertaan, dan ringkasan materi pelatihan sebagaimana dipersyaratkan. Mohon konfirmasi apakah dokumen yang saya lampirkan sudah lengkap dan kapan pencairan dapat dilakukan. Terima kasih.",Email HR,Sedang
"Email dari Hendra Wijaya, Divisi Audit Internal. Selama pemeriksaan dokumen ditemukan transaksi reimbursement senilai Rp 72.000.000 yang belum memiliki bukti pendukung lengkap. Temuan ini berpotensi menjadi catatan serius dalam audit. Mohon klarifikasi dari unit terkait dalam waktu 24 jam.",Laporan Keuangan,Tinggi
"Email dari Daffa Kurnia, Divisi Financial Accounting. Dalam proses rekonsiliasi bulanan ditemukan kesalahan klasifikasi beban operasional Rp 176.000.000 tercatat sebagai aset. ini berdampak pada nilai laba dan total aset perusahaan. Tim akuntansi sedang menyiapkan jurnal koreksi untuk segera diproses.",Laporan Keuangan,Tinggi
"Darurat IT, mohon perhatiannya. Saya Reza dari Accounting mendapati banyak file excel di folder D berubah menjadi ekstensi aneh dan ada peringatan ransomware di layar. Saya sudah langsung mencabut kabel jaringan dari PC saya sesuai prosedur keamanan. Tolong segera isolasi komputer saya agar virus tidak menyebar ke jaringan kantor. Mohon segera kirim tim ke meja saya sekarang.",Tiket IT,Tinggi
"Laporan dari Afifah, Divisi Internal. Tim menemukan dengan nilai Rp 69.000.000 yang belum dimasukkan dalam perhitungan kewajiban bulan lalu. Jika tidak diperbaiki, terdapat risiko koreksi saat pemeriksaan otoritas pajak. Mohon persetujuan untuk melakukan pembetulan pelaporan.",Laporan Keuangan,Tinggi
"Yth. Pimpinan HRD, saya terpaksa mengirimkan email ini karena sudah tidak tahan dengan tindakan perundungan dan pelecehan verbal yang dilakukan oleh manajer divisi saya selama dua bulan terakhir. Tindakan beliau yang sering membentak dengan kata-kata kasar di depan umum telah merusak harga diri dan kesehatan mental saya secara serius. Saya memiliki rekaman bukti audio dan ingin meminta jadwal pertemuan tertutup dengan tim tata tertib HRD besok pagi. Mohon perlindungan dan atensinya. - Silvia Anggraeni, Divisi Keuangan.",Email HR,Tinggi
"Divisi Desain Kreatif membutuhkan 3 unit Apple iMac 24 inci dengan M3 dan RAM 16GB sesegera mungkin. Perangkat yang digunakan tim saat ini tidak kompatibel dengan pembaruan software rendering terbaru, sehingga memperlambat pembuatan aset untuk kampanye peluncuran produk baru minggu depan. Estimasi biaya untuk ketiga unit tersebut adalah Rp 75.000.000. Kami sangat mengharapkan persetujuan cepat tenggat waktu pameran dapat terpenuhi. Pengajuan oleh Siti Aminah, Divisi Desain Kreatif.",Permintaan Pengadaan,Tinggi
"report dari Farel Akbar, departemen Business Development. Kami mengajukan tambahan anggaran sebesar Rp 77.000.000 untuk studi kelayakan ekspansi pasar baru. Dana akan digunakan untuk riset, konsultasi, dan pengumpulan data lapangan. Mohon evaluasi sesuai kebijakan investasi perusahaan.",Laporan Keuangan,Sedang
"Halo Tim HRD. Sehubungan dengan kehamilan saya yang saat ini sudah memasuki usia 7 bulan, saya ingin mengajukan cuti melahirkan selama 3 bulan penuh. Rencananya cuti tersebut akan dimulai pada tanggal 1 Juli 2026 hingga 30 September 2026 berdasarkan rekomendasi dari dokter kandungan saya. Semua pekerjaan utama telah saya koordinasikan dengan tim agar operasional tetap berjalan lancar. minta formulir penonaktifan sementara dan persetujuannya. - Nanda Lestari, bagian Legal.",Email HR,Sedang
"Email dari Reza Pahlevi, Divisi Corporate Treasury. Berdasarkan laporan posisi kas harian, terjadi penurunan saldo rekening utama hingga Rp 287.000.000 akibat percepatan pembayaran kontraktor. Dengan kondisi saat ini, cadangan kas hanya cukup untuk operasional selama enam hari kerja. Mohon persetujuan penggunaan fasilitas kredit modal kerja untuk menjaga kelangsungan aktivitas perusahaan.",Laporan Keuangan,Tinggi
"report dari Elsa Fitriani, departemen Operasional. Kami mengajukan anggaran pemeliharaan mesin produksi sebesar Rp 75.000.000 untuk kuartal berikutnya. Perawatan dilakukan guna mengurangi risiko gangguan operasional. Rincian kebutuhan telah dilampirkan pada dokumen pendukung.",Laporan Keuangan,Sedang
"Sehubungan dengan rencana penandatanganan MoU strategis bulan depan, kami memerlukan sewa jasa dekorasi backdrop dan mini garden untuk area panggung aula utama kantor. Pengadaan jasa ini penting untuk memberikan kesan profesional kepada para mitra bisnis eksternal yang hadir. Estimasi biaya sewa dekorasi event ini adalah Rp7.000.000. Permintaan diajukan oleh Denny Cakra dari Divisi Hubungan Kelembagaan.",Permintaan Pengadaan,Sedang
"Laporan dari Tommy Hermawan, Divisi Akuntansi. Rekonsiliasi persediaan menemukan selisih nilai stok sebesar Rp 121.000.000 dibanding catatan pembukuan. Selisih ini cukup material terhadap laporan keuangan periode berjalan. Tim gudang dan akuntansi diminta melakukan pengecekan ulang.",Laporan Keuangan,Tinggi
"Yth. HRD Manager, Saya Siti Aminah dari departemen Customer Service ingin mengajukan minta surat keterangan kerja untuk keperluan pengajuan KPR di Bank Mandiri. Dalam surat tersebut mohon dicantumkan posisi jabatan, masa kerja, dan penghasilan tetap per bulan saya. Persyaratan bank membutuhkan surat ini dalam jangka waktu paling lambat minggu depan sehingga saya mohon agar bisa diproses sesegera mungkin. Jika ada formulir atau persyaratan tambahan yang perlu saya isi, mohon informasikan kepada saya. Terima kasih banyak atas bantuannya.",Email HR,Sedang
"Tim IT, saya Fitriani dari Divisi HR email kantor untuk karyawan baru bernama Arman Hidayat. Karyawan tersebut mulai bekerja minggu ini dan perlu mengirim komunikasi resmi ke beberapa departemen. Mohon dibuatkan akun email, akses kalender, dan konfigurasi awal di laptopnya. karyawan sudah tersedia di sistem HRIS.",Tiket IT,Sedang
"Halo Helpdesk, saya Tiara Mentari dari Divisi Customer Experience ingin meminta saran mengenai headset yang kompatibel dengan aplikasi meeting kantor. Headset lama saya masih berfungsi, tetapi busanya sudah mulai rusak. Permintaan ini belum mendesak karena saya masih bisa mengikuti meeting. Mohon rekomendasi tipe perangkat yang sesuai standar pengadaan perusahaan.",Tiket IT,Rendah
"Kami mengajukan pembelian 2 unit pointer laser presentasi nirkabel (wireless presenter logitech) sebagai tambahan cadangan alat bantu di ruang meeting besar. Alat penunjuk yang ada saat ini masih berfungsi dengan baik, namun cadangan diperlukan mengantisipasi apabila baterai habis mendadak saat rapat berjalan. Estimasi harga untuk kedua unit pointer berkualitas standar ini adalah Rp 800.000. Pengadaan ini tidak mendesak dan dapat disatukan dengan jadwal belanja inventaris bulanan. Pengajuan dari Lukman Hakim, Divisi Administrasi Kantor.",Permintaan Pengadaan,Rendah
Juwita Sartika dari Divisi Administrasi mengajukan pembelian 3 unit lemari arsip (filing cabinet) dengan 4 laci merek Lion. fisik invoice dan perpajakan tahun lalu sudah menumpuk atas meja kerja dan membutuhkan tempat penyimpanan yang aman serta tahan Spesifikasi yang diminta menggunakan sistem penguncian sentral demi keamanan dokumen. total harga adalah Rp 10.500.000.,Permintaan Pengadaan,Sedang
Tanda arah penunjuk keluar masuk lahan parkir basement staf direkatkan jelas memakai stiker fosfor panah hijau neon yang bersinar pada titik lampu agak temaram. Petugas perawat rambu harus menggosok stiker ini setiap awal pergantian triwulan karena debu asap knalpot mobil sering membuatnya nampak kusam. rekapitulasi cepat dapat dihubungi melalui interkom petugas loket apabila karyawan mendapati ada rambu jalur yang lepas sehingga keliru terarah.,SOP,Rendah
Pengelolaan persediaan air kemasan mineral gelas bukaan tutup ditarik ujung penusuk khusus diletakkan berpusat pada troli rak bersusun sudut ruang aula tunggu antrean besar calon kandidat. Petugas SDM akan meletakkan tanda bertuliskan bebas diambil pada papan pigura akrilik mini tepat sebelah rak sedotan terbungkus higienis pelindungnya dengan pantauan batas penumpukan sisa plastiknya tak sampai mencemari meja lantai acara rekrutmen. Selalu tawarkan kepada pencari kerja minuman itu usai mereka rampung mengikuti tes psikologi tertulis tiga tanpa putus sebelum akhirnya mereka diundang lanjut wawancara panggilan per orangan tim penguji.,SOP,Rendah
"Laporan dari Indah Paramita, Divisi Audit Operasional. Pemeriksaan mendadak menemukan kontrak jasa konsultan senilai Rp 149.000.000 yang belum memiliki dokumen evaluasi vendor. Temuan ini berpotensi menjadi catatan penting dalam audit tahunan. Mohon unit pengguna segera melengkapi dokumen yang diperlukan.",Laporan Keuangan,Tinggi
Setiap indikasi penipuan atau fraud keuangan harus segera dilaporkan ke tim audit internal. Akses sistem bagi pihak yang dicurigai akan dibekukan sementara untuk keperluan investigasi. Proses hukum akan ditempuh jika terbukti ada pelanggaran pidana.,SOP,Tinggi
"Laporan dari Kurniawan Putra, Divisi Engineering. Kami mengajukan anggaran tambahan Rp 89.000.000 untuk penggantian perangkat monitoring produksi sudah usang. Investasi ini diperlukan untuk menjaga keandalan operasional fasilitas. Proposal teknis telah dilampirkan untuk",Laporan Keuangan,Sedang
"Saya, Melati Sari dari unit Keuangan, mengajukan pengadaan 2 unit mesin penghitung uang. Spesifikasi dilengkapi fitur deteksi uang palsu. Estimasi harga per unit Rp7.000.000. Perangkat akan meningkatkan efisiensi proses kas harian.",Permintaan Pengadaan,Sedang
"Halo rekan HR, saya ingin mengirimkan berkas permintaan reimbursement untuk biaya sewa kendaraan operasional dan tol selama melakukan kunjungan audit ke 5 pabrik mitra di Jawa Tengah minggu lalu. Nota pengeluaran asli beserta form kalkulasi jarak tempuh yang ditandatangani oleh manajer regional telah saya unggah dalam lampiran email ini. tolong ditinjau agar pengembalian dana tersebut bisa dicairkan pada siklus tengah bulan Juni ini. Terima kasih banyak. - Eka Santoso, Divisi Quality Control.",Email HR,Sedang
"Divisi Desain Kreatif membutuhkan 3 unit Apple iMac 24 inci dengan chip M3 dan RAM 16GB sesegera mungkin. Perangkat yang digunakan tim saat ini sudah tidak kompatibel dengan pembaruan software rendering terbaru, sehingga memperlambat pembuatan aset untuk kampanye peluncuran produk baru minggu depan. Estimasi biaya untuk ketiga unit tersebut adalah Rp 75.000.000. Kami sangat mengharapkan persetujuan cepat agar tenggat waktu pameran dapat terpenuhi. Pengajuan oleh Siti Aminah, Divisi Desain Kreatif.",Permintaan Pengadaan,Tinggi
"Email dari Hendra Kusnadi, Divisi Revenue Control. Pendapatan aktual bulan ini lebih rendah Rp 207.000.000 dibanding target yang telah ditetapkan dalam rencana kerja. Penurunan terutama berasal dari berkurangnya volume penjualan pada segmen korporasi. Analisis lanjutan diperlukan untuk menentukan langkah perbaikan.",Laporan Keuangan,Tinggi
"Saya, Yusuf Ramadhan dari Divisi Pengadaan, mengajukan kontrak jasa keamanan untuk area kantor dan gudang. Layanan mencakup 8 personel keamanan selama 12 bulan. Kebutuhan ini merupakan bagian dari operasional rutin perusahaan. Estimasi biaya Rp420.000.000 per tahun.",Permintaan Pengadaan,Sedang
"Setiap kontrak kerja sama dengan pihak agensi eksternal direviu ulang setiap tahunnya. Tim pengadaan akan menilai performa metrik keberhasilan yang telah disepakati. Jika performa berada di bawah standar, kontrak dapat diputus sepihak sesuai klausa awal.",SOP,Sedang
"Apabila terjadi pandemi penyakit menular yang parah, perusahaan langsung memberlakukan protokol work from home penuh. Akses fisik ke kantor pusat ditutup total kecuali untuk petugas pemeliharaan esensial. Setiap pegawai wajib melaporkan kondisi kesehatannya melalui portal HR setiap hari.",SOP,Tinggi
"Selamat siang Bapak/Ibu HRD. Saya membutuhkan Surat Keterangan Penghasilan (SKP) resmi dalam format cetak untuk melengkapi dokumen persyaratan pengajuan kredit kepemilikan kendaraan bermotor (KKB) di bank swasta. Mohon surat tersebut memuat rincian gaji pokok beserta tunjangan tetap saya selama 3 bulan terakhir dengan tanda tangan basah manajemen HRD. Bila dokumen sudah rampung, saya akan mengambilnya langsung di kubikel bagian penggajian. - Yoga Pratama, Divisi Network Engineer.",Email HR,Sedang
"rekapitulasi dari Maya Lestari, bagian Asset Verification. Tim menemukan beberapa aset teknologi informasi dengan nilai buku Rp 153.000.000 yang sudah tidak digunakan namun masih tercatat aktif. Kondisi tersebut menyebabkan nilai aset perusahaan menjadi tidak akurat. Mohon persetujuan untuk proses penghapusan aset sesuai prosedur.",Laporan Keuangan,Tinggi
"Sistem AC presisi di ruang pusat server data (Data Center) mati mendadak dan suhu ruangan melonjak hingga 35 derajat Celcius, berisiko tinggi membakar seluruh chipset server. Kami memerlukan jasa perbaikan overhaul kompresor AC darurat dari vendor spesialis hari ini juga untuk menghindari downtime sistem nasional. Estimasi biaya pengerjaan darurat dan penggantian suku cadang ini adalah Rp 14.500.000. Keterlambatan hitungan jam akan berdampak kerugian materiil yang masif. Pengajuan dari Hendra Wijaya, Divisi Fasilitas dan Umum.",Permintaan Pengadaan,Tinggi
"Laporan dari Nita Lestari, Divisi Akuntansi. Rekapitulasi akhir biaya operasional mencapai Rp 498.000.000 atau 27% di target Kenaikan berasal dari biaya logistik pemeliharaan fasilitas. tindakan pengendalian biaya pada periode berikutnya.",Laporan Keuangan,Tinggi
"Laporan dari Dian Puspita, Divisi Akuntansi. Hasil penutupan buku sementara menunjukkan kerugian operasional sebesar Rp 96.000.000 akibat peningkatan biaya bahan baku. Kondisi ini berbeda signifikan dibanding proyeksi awal yang memperkirakan laba. Diperlukan analisis mendalam sebelum laporan final diterbitkan.",Laporan Keuangan,Tinggi
"Email dari Lestari Ayuningrum, Divisi Keuangan Korporat. Terdapat lonjakan pengeluaran promosi hingga Rp 286.000.000 pada kuartal ini tanpa revisi anggaran yang disetujui. Kondisi tersebut menyebabkan deviasi signifikan terhadap rencana keuangan tahunan. Mohon klarifikasi dari unit pemasaran terkait penggunaan dana tersebut.",Laporan Keuangan,Tinggi
"Server utama untuk basis data keuangan mengalami kerusakan total pada hardware penyimpanan dan tidak dapat diperbaiki lagi. Kami meminta pengadaan mendesak 1 unit Server HP ProLiant DL380 dengan konfigurasi RAID 5 dan kapasitas total 10TB. Tanpa server ini, operasional pencatatan transaksi harian perusahaan terhenti sepenuhnya. Estimasi biaya untuk penggantian server ini adalah Rp 85.000.000. Pengajuan dari Siti Rahma, Manajer Keuangan.",Permintaan Pengadaan,Tinggi
"Divisi Sales memerlukan pengadaan 4 unit proyektor Epson EB-E500 untuk menggantikan proyektor lama yang lampunya sudah redup dan berkedip. Alat presentasi ini sangat mendesak karena akan digunakan untuk pitch meeting dengan calon investor eksternal pada hari Kamis ini. Estimasi total anggaran yang dibutuhkan adalah sebesar Rp 24.000.000. Presentasi yang buruk akibat kualitas visual yang rendah dapat mengurangi kredibilitas perusahaan di mata investor. Pengajuan oleh Rinaawati, Divisi Penjualan.",Permintaan Pengadaan,Tinggi
"Selamat siang, saya Bagas dari Divisi Legal ingin batas ukuran lampiran email kantor. dokumen kontrak biasanya berukuran besar setelah dipindai. ingin memastikan apakah sebaiknya dikirim lewat email atau link penyimpanan cloud. Mohon informasi kebijakan yang berlaku.",Tiket IT,Rendah
"Selamat pagi Tim HRD. Saya ingin melaporkan temuan indikasi fraud dan dana kas kecil puluhan juta rupiah yang diduga dilakukan oleh oknum senior di divisi kami. Saya menemukan kejanggalan pada laporan kuitansi fiktif saat melakukan rekonsiliasi data tadi malam. Demi integritas perusahaan, mohon HR segera menjadwalkan audit investigasi khusus dan menonaktifkan sementara hak akses sistem oknum tersebut per hari ini. - Nina Marlina, Divisi Internal Audit.",Email HR,Tinggi
"Email dari Galih Nugraha, Divisi Pengadaan. Rekap invoice vendor bulan ini menunjukkan total tagihan sebesar 143.000.000 lima pemasok aktif. Seluruh dokumen pendukung telah diverifikasi oleh tim terkait. Mohon penjadwalan pembayaran sesuai prosedur perusahaan.",Laporan Keuangan,Sedang
"Halo IT Helpdesk, nama saya Kartika Sari, Sekretaris di departemen Manajemen Eksekutif. Seluruh perangkat presentasi di ruang Boardroom lantai 12 mengalami gangguan teknis mendadak yaitu sistem proyektor tidak bisa menampilkan input dari PC apapun dan layar hanya menunjukkan pesan No Signal. Rapat Dewan Komisaris yang dipimpin langsung oleh Komisaris Utama akan dimulai dalam 45 menit dan presentasi laporan tahunan adalah agenda utama yang tidak bisa dilakukan tanpa perangkat tersebut. Teknisi AV rutin kami sedang cuti hari ini dan tidak ada yang tahu cara menangani perangkat tersebut selain Tim IT. Mohon segera kirim teknisi yang berpengalaman dengan perangkat AV ke ruang Boardroom lantai 12 sekarang juga. Ini adalah prioritas tertinggi dari pimpinan. Kartika Sari, Executive Secretary, Ext. 1001, HP 0857-0011-2233.",Tiket IT,Tinggi
"Yth. Helpdesk IT, saya Siska Lavenia dari Divisi Payroll ingin meminta setup email untuk karyawan kontrak baru bernama Deni Firmansyah. Akun email diperlukan untuk menerima jadwal kerja dan dokumen administrasi internal. Karyawan tersebut mulai aktif pada awal minggu depan. Mohon dibuatkan email, kalender, dan akses dasar sesuai standar onboarding.",Tiket IT,Sedang
Sistem pengarsipan kontrak legal perusahaan kini menggunakan penyimpanan cloud terenkripsi khusus. Hanya staf departemen legal yang memiliki akses penuh ke folder tersebut. Setiap dokumen fisik harus dipindai dengan resolusi tinggi sebelum diunggah ke dalam sistem.,SOP,Sedang
Setiap surat penawaran yang masuk ke surel pribadi karyawan harus ke surel departemen purchasing. dilarang memberikan janji kerja secara langsung kepada perwakilan vendor mana pun. Hal ini untuk memastikan proses negosiasi berjalan dan dapat dipertanggungjawabkan.,SOP,Sedang
"Saya, Nurul Hidayah dari Divisi Infrastruktur, mengajukan pengadaan 6 unit point Wi-Fi Perangkat jaringan saat ini sering mengalami gangguan dan menyebabkan koneksi tidak stabil. Kondisi tersebut berdampak langsung pada produktivitas Estimasi harga Rp6.500.000 per unit.",Permintaan Pengadaan,Tinggi
Setelan default pada konfigurasi jam standar mesin pencetak kuitansi setruk layanan konsumen divalidasi lewat acuan dinding utama di pusat kantor operasional yang selalu kalibrasi setidaknya satu menit lebih dini setiap bulan demi efisiensi presisi waktu pelayanan. kasir cabang wajib cetakan pertama tanda bayar pelanggan setiap awal shift hariannya sudah memuat waktu akurat menit berjalan sebelum resmi diserahkan senyum pada nasabah konsumen terhormat usai melunasi tagihannya selesai antreannya Kerusakan lambat jam alat peranti ini menunda pengarsipan audit akuntansi tutup buku karena sinkronisasi antara perangkat lokal pos pelayanan cabang dan pusat jaringan sinkron menjadi kacau berselisih jam yang oleh aturan internal pemroses sistem perpajakan manual nanti.,SOP,Rendah
Kami membutuhkan pengadaan kendaraan operasional berupa 1 unit sepeda motor Honda Vario 125cc untuk menunjang mobilitas kurir kantor dalam mengirimkan dokumen antar instansi. Motor kurir yang ada saat ini sering mogok dan membutuhkan biaya servis yang semakin mahal. Estimasi harga motor operasional baru tersebut adalah Rp23.000.000. permintaan dikirim oleh Rizky Ramadhan dari unit Logistik.,Permintaan Pengadaan,Sedang
"Siang IT. Printer utama di lantai direksi tiba-tiba paper jam parah dan mengeluarkan asap tipis. Saya Ayu, sekretaris Direksi, sedang mencetak kontrak kerja sama yang harus ditandatangani jam 2 siang ini. Mohon segera datangkan teknisi untuk memperbaikinya. Jika tidak bisa diperbaiki, tolong siapkan printer pengganti sekarang juga.",Tiket IT,Tinggi
"Sehubungan dengan penambahan staf administrasi baru di divisi kami, kami memerlukan tambahan meja kerja baru. Kami mengajukan pengadaan 2 Meja Kantor ukuran 120cm dengan laci susun. Estimasi anggaran diperlukan untuk furniture ini adalah Rp3.200.000. ini dibuat oleh Dian Permata dari Administrasi",Permintaan Pengadaan,Sedang
Sistem presensi sidik jari kini digantikan dengan aplikasi pengenalan wajah di telepon pintar staf Presensi hanya bisa dilakukan jika staf berada dalam radius lima puluh meter dari gedung kantor. Karyawan lapangan wajib menggunakan fitur geotagging pada aplikasi tersebut.,SOP,Sedang
"Laporan dari Widya Anggraini, Divisi Akuntansi Biaya. Evaluasi produksi menunjukkan kenaikan konsumsi bahan pendukung senilai Rp 146.000.000 dibanding standar yang telah ditetapkan. Penyimpangan ini terjadi pada beberapa lini utama. Analisis akar perlu segera dilakukan mencegah peningkatan lebih lanjut.",Laporan Keuangan,Tinggi
Tolong lakukan pengadaan jasa cleaning service darurat sebanyak 3 personel dari vendor eksternal untuk membersihkan area lantai 2 yang terdampak banjir akibat pipa bocor tadi malam. Operasional kantor terganggu total karena genangan air berlumpur menutupi ruang kerja utama. Pembersihan harus diselesaikan hari ini juga agar pegawai bisa kembali bekerja besok pagi. Estimasi biaya jasa pembersihan menyeluruh ini adalah Rp 3.500.000.,Permintaan Pengadaan,Tinggi
Selamat pagi. software AutoCAD yang saya gunakan sepertinya habis masa berlakunya dalam 5 lagi. Saya Arif dari divisi R&D masih menggunakan software ini untuk proyek desain produk baru minggu depan. Tolong memperpanjang lisensinya agar pekerjaan saya tidak terganggu. Kode aktivasi lama sudah saya siapkan jika diperlukan.,Tiket IT,Sedang
"Saya, Dewi Anggraini dari unit SDM, mengajukan pengadaan 20 unit kursi kerja ergonomis. Kursi akan digunakan untuk mengganti sebagian furnitur yang sudah aus. Spesifikasi mencakup sandaran punggung dan pengaturan ketinggian. Estimasi harga Rp2.300.000 per unit.",Permintaan Pengadaan,Sedang
"Kami mengusulkan pengadaan 1 unit lemari arsip besi lipat dengan 4 pintu laci (filling cabinet) untuk menyimpan berkas fisik pegawai yang terus bertambah di ruang HRD. Dokumen penting seperti kontrak kerja dan data rekam medis saat ini sudah melebihi kapasitas penyimpanan yang ada. Estimasi harga untuk lemari besi tahan api ini adalah Rp 3.800.000. Penyimpanan yang rapi akan memudahkan proses audit berkas internal nantinya. permohonan dari Maya Indah, Divisi Sumber Daya Manusia.",Permintaan Pengadaan,Sedang
"Selamat pagi Bapak/Ibu HRD. Berdasarkan pengumuman pendaftaran program beasiswa pelatihan keahlian analisis data yang diadakan dinas ketenagakerjaan, saya tertarik untuk ikut serta sebagai wakil dari perusahaan. Saya telah mengisi formulir internal dan mendapatkan rekomendasi tertulis dari direktur divisi kami. Mohon kesediaan HRD untuk membuatkan surat tugas resmi dan memproses administrasi pendaftarannya sebelum batas waktu penutupan minggu depan. - Maya Sofia, Divisi Data Analytics.",Email HR,Sedang
"Sehubungan dengan adanya gangguan pada router utama gedung yang menyebabkan jaringan internet kantor putus nyambung, kami meminta pengadaan unit pengganti. Kami memerlukan 1 unit Router Cisco ISR 4331 untuk memastikan konektivitas data antar cabang kembali stabil hari ini. Estimasi harga perangkat jaringan ini adalah Rp45.000.000. Pengajuan ini dibuat oleh Hendra Kurniawan dari Divisi Infrastruktur IT.",Permintaan Pengadaan,Tinggi
Format pemberian penamaan folder penyimpanan gambar digital proyek pemasaran desain kini harus dipisahkan berdasarkan grup kuartal serta jenis media berjalannya contoh Q32026_Instagram_BrosurDiskon_Final. Penyusunan hirarki penamaan ini dimaksudkan mencegah risiko file resolusi desain hilang tenggelam bertumpuk pencarian ganda folder usang yang lama sudah tak disapa pembaruan akses revisinya di sistem peladen arsip cloud internal desainer kita. jadwalkan pemindahan pembersihan otomatis seluruh draf proyek setengah jadi maupun sketsa kotor mentah menuju jalur tong digital jaringan komputernya di tiap usai proyek produk besar perusahaan demi kelonggaran memori piringan simpan server utama grafis harian cepat mulus kencang proses simpan bukanya.,SOP,Rendah
departemen Marketing membutuhkan penggantian kursi kerja yang sudah rusak dan tidak ergonomis lagi untuk beberapa staf. Kami meminta pengadaan 5 unit Kursi Kantor Ergotec dengan sandaran jaring demi kenyamanan kerja tim. Estimasi alokasi yang dibutuhkan untuk pembelian kursi ini adalah Rp7.500.000. Permintaan ini diajukan oleh Doni Iskandar dari Divisi Pemasaran.,Permintaan Pengadaan,Sedang
Halo IT Support. Kami dari tim Procurement tidak bisa menerima maupun mengirim email ke pihak vendor sejak pagi tadi. Pesan yang dikirim selalu memantul dengan keterangan kegagalan pengiriman. Ada banyak dokumen tender yang harus cepat dikirimkan hari ini ke vendor. Tolong sesegera mungkin diperbaiki sistem emailnya.,Tiket IT,Tinggi
Penulisan memo internal pemberitahuan mutasi staf biasa tidak perlu dibagikan secara masif kepada seluruh perusahaan. Dokumen sirkulasi pemberitahuan ini cukup ditujukan bagi manajer departemen yang secara langsung bersinggungan urusan pekerjaannya dengan pegawai tersebut. Memo wajib diketik sesuai format resmi HRD dan mencantumkan tanggal berlaku pemindahan tugas.,SOP,Rendah
"harap cepat diproses pengadaan 5 unit laptop Dell Latitude 5440 untuk tim pengembang software di divisi IT. Laptop yang ada saat ini sering mengalami crash saat menjalankan kompilasi kode berat, sehingga menghambat progres proyek client X yang harus selesai akhir bulan ini. Spesifikasi yang dibutuhkan adalah prosesor Intel Core i7, RAM 16GB, dan SSD 512GB. Estimasi total biaya untuk pengadaan ini adalah Rp 90.000.000. Pengajuan oleh Bambang Wijaya, Divisi Teknologi Informasi.",Permintaan Pengadaan,Tinggi
"Kepada Tim HRD, Saya Fitriani Kusuma dari Divisi Operasional bermaksud menyampaikan keberatan resmi atas keputusan pemutusan kerja yang diberitahukan kepada secara pada tanggal 8 November Saya menerima surat PHK tersebut tanpa ada peringatan tertulis sebelumnya atau prosedur sebagaimana diatur dalam PKB perusahaan. Selain itu, perhitungan pesangon yang tertera tidak dengan ketentuan UU Cipta Kerja berlaku. Saya meminta penjelasan mengenai alasan PHK yang sah hukum dan perhitungan ulang hak-hak saya. Apabila tidak ada respons dalam 3 hari kerja, saya akan melibatkan kuasa hukum dan melaporkan ke Dinas Ketenagakerjaan.",Email HR,Tinggi
"Yth. Ibu Sari Wulandari selaku HRD Manager, Dengan sangat saya, Arif Hidayat dari Divisi ingin melaporkan situasi serius yang telah berlangsung selama 2 bulan antara dan atasan langsung saya, Bapak Hendro Susilo. Beliau sering memberikan instruksi yang tidak masuk akal jam kerja hingga tengah malam dan marah-marah secara tidak profesional di depan rekan kerja ketika saya tidak merespons Kondisi ini sangat memengaruhi kesehatan dan produktivitas kerja saya secara Saya sudah mencoba berbicara langsung namun tidak membuahkan hasil dan situasinya justru semakin memburuk. Saya HRD dapat atau mengambil tindakan yang diperlukan sebelum saya terpaksa langkah lebih lanjut.",Email HR,Tinggi
Yth. Tim saya Nadia Putri Divisi Procurement tidak bisa membuka email kantor sejak pagi. Aplikasi meminta password berulang kali dan versi webmail juga menolak login. Saya sedang menunggu konfirmasi vendor untuk tender yang harus dikirim hari ini. Mohon bantuan reset password atau pengecekan akun secepatnya.,Tiket IT,Tinggi
"Laporan dari Mila Oktavia, Divisi Operasional Area. Kami mengajukan tambahan anggaran Rp 41.000.000 untuk kebutuhan perbaikan kendaraan operasional. Beberapa unit membutuhkan penggantian komponen penting agar tetap layak digunakan. Mohon persetujuan sebelum pekerjaan dimulai.",Laporan Keuangan,Sedang
"Kepada Yth. HRD Manager, Saya Ferdi Kurniawan, Staf bagian Business Development, ingin menanyakan apakah perusahaan menyediakan program konseling psikologis atau Employee Assistance Program bagi tenaga kerja Saya mendengar beberapa perusahaan sudah menyediakan fasilitas ini dan ingin mengetahui apakah benefit serupa juga tersedia di sini. Jika tersedia, mohon diinformasikan cara mengaksesnya dan apakah bersifat rahasia atau ada pelaporan ke manajemen. Terima kasih atas informasinya.",Email HR,Rendah
"Email dari Yolanda Sari, bagian Procurement Support. Rekap invoice penyedia jasa pelatihan menunjukkan total tagihan sebesar Rp 54.000.000. Dokumen pendukung dan berita acara kegiatan telah diterima lengkap. harap penjadwalan pembayaran pada siklus berikutnya.",Laporan Keuangan,Sedang
"Selamat pagi HRD, saya Rina Wulandari dari Divisi Keuangan. Saya menerima informasi atasan bahwa kontrak kerja saya kemungkinan tidak diperpanjang, namun ada pemberitahuan resmi dari perusahaan. Saya kejelasan terkait status pekerjaan saya untuk administrasi pribadi. Mohon informasi lebih lanjut mengenai proses dan jadwal keputusan tersebut.",Email HR,Tinggi
"Selamat siang Bapak/Ibu di bagian HR. Saya membutuhkan Surat Keterangan Kerja (SKK) menyatakan bahwa saya karyawan di ini untuk pengajuan KPR ke bank. Mohon surat tersebut ditandatangani oleh pejabat HR yang dan dicap resmi perusahaan. Jika sudah mohon informasikan agar saya bisa mengambilnya di meja HRD. Terima kasih banyak. - Joko Widodo, Divisi Teknik.",Email HR,Sedang
Penataan kursi ruang serbaguna digunakan untuk rapat rutin atau pagi menjadi tanggung jawab penyelenggara acara. Kembalikan meja dan kursi format penataan standar seperti bentuk ruang kelas. Bersihkan setiap sampah kertas dan botol minuman ringan sebelum meninggalkan tempat.,SOP,Rendah
"Yth. Helpdesk IT, saya Andi Saputra dari Divisi Operasional mengalami masalah pada akses VPN. Saya sedang berada di luar kantor kunjungan cabang dan harus mengunggah laporan stok sebelum pukul 11.30. Aplikasi VPN selalu menampilkan connecting lalu terputus sendiri. Mohon bantuan segera karena data tersebut diperlukan untuk keputusan pengiriman hari ini.",Tiket IT,Tinggi
"unit Pemasaran mengusulkan pengadaan 1 unit kamera mirrorless Sony Alpha 7 IV beserta lensa kit 28-70mm untuk kebutuhan dokumentasi konten jangka panjang. Kamera ini nantinya akan digunakan secara berkala oleh tim internal untuk mengambil foto produk baru dan acara korporat demi menghemat biaya sewa fotografer luar di masa depan. Estimasi total investasi untuk pembelian alat kamera berkualitas tinggi ini adalah Rp 38.000.000. Pengadaan ini bersifat rencana penambahan aset non-mendesak untuk kuartal depan. permohonan oleh Kevin Sanjaya, Divisi Pemasaran.",Permintaan Pengadaan,Rendah
"Lisensi software Adobe Creative Cloud untuk 3 desainer grafis di tim pemasaran telah kedaluwarsa hari ini, menyebabkan proyek pembuatan materi iklan klien tertunda. Kami memerlukan perpanjangan lisensi tahunan untuk 3 user tersebut secepatnya demi mengejar tenggat waktu peluncuran produk baru. Estimasi biaya langganan tahunan ini adalah Rp 36.000.000 untuk 3 akun. Keberlangsungan kampanye digital sangat bergantung pada persetujuan ini. Pengajuan dari Rian Hidayat, Divisi Pemasaran Kreatif.",Permintaan Pengadaan,Tinggi
"Kepada Yth. HRD Manager, Saya Nurul Azizah, Staf Administrasi Divisi Legal, ingin melaporkan yang saya nilai sebagai pelecehan verbal dari salah satu pimpinan senior perusahaan ini. Kejadian berlangsung pada Kamis, 7 November di ruang lantai 5 di mana beliau menggunakan yang merendahkan dan mengancam pekerjaan saya di depan dua rekan kerja. Saya merasa tidak aman untuk terus bekerja dalam seperti ini tanpa ada dari pihak perusahaan. Mohon HRD menindaklanjuti laporan ini sesuai kebijakan zero tolerance terhadap yang tercantum dalam peraturan perusahaan. Saya memberikan keterangan lebih lanjut para saksi yang hadir.",Email HR,Tinggi
"Email dari Sari Handoko, Divisi Akuntansi Manajemen. Hasil analisis biaya menunjukkan lonjakan pengeluaran konsultasi eksternal hingga Rp pada semester Nilai tersebut jauh melebihi alokasi yang disetujui direksi. Perlu dilakukan evaluasi efektivitas penggunaan jasa konsultan.",Laporan Keuangan,Tinggi
"Selamat pagi Tim IT, saya Ratri Anindya dari unit Training membutuhkan instalasi aplikasi Zoom versi terbaru di notebook ruang pelatihan. Versi yang terpasang saat ini sering meminta update saat dibuka. Pelatihan online akan dilaksanakan minggu depan dengan peserta dari cabang. Mohon dijadwalkan update dan pengecekan audio kamera sebelum acara.",Tiket IT,Sedang
"pagi Tim IT, Putri dari Divisi Customer Success ingin meminta pemasangan aplikasi antivirus terbaru di laptop tim baru. Laptop sudah digunakan untuk onboarding, tetapi belum terlihat ikon antivirus di taskbar. Kami ingin memastikan perangkat aman sebelum digunakan untuk akses data Mohon dilakukan pengecekan dan instalasi belum terpasang.",Tiket IT,Sedang
penulisan tanda tangan otomatis atau signature pada surel resmi karyawan wajib seragam mencantumkan logo perusahaan terbaru. Informasi ponsel pribadi boleh dihilangkan jika karyawan tidak nyaman di korespondensi luar. Gunakan jenis huruf Arial dengan ukuran standar dua belas poin tulisan tersebut.,SOP,Rendah
"Selamat siang Tim HR, berhubung saya telah mengajukan surat pengunduran diri resmi sebulan yang lalu, hari Jumat ini merupakan hari terakhir saya bekerja di perusahaan. Saya ingin menanyakan prosedur pengembalian aset berupa PC ID card, dan token perbankan milik kantor yang ada pada saya. dimohon diinfokan jadwal exit interview serta proses penandatanganan surat kliring aset (clearance sheet) agar hak parklaring saya bisa diproses tepat waktu. - Denny Rachman, Divisi Treasury.",Email HR,Sedang
Permintaan lembur harus diajukan oleh supervisor tim kepada sebelum jam empat sore. Pekerjaan yang memiliki persetujuan tertulis tidak akan kompensasinya. Jam lembur maksimal dibatasi hingga tiga jam per hari sesuai peraturan ketenagakerjaan.,SOP,Sedang
"report dari Farhan Syahputra, departemen Market Expansion. Kami mengajukan tambahan anggaran sebesar Rp 83.000.000 untuk kegiatan penjajakan pasar di wilayah baru. Dana tersebut akan digunakan untuk riset lapangan, perjalanan dinas, dan analisis kompetitor. Mohon evaluasi sesuai kebijakan investasi perusahaan.",Laporan Keuangan,Sedang
"Email dari Kiki Saputri, Divisi Support Service. Biaya rutin penggantian dispenser dan kebutuhan air minum kantor bulan ini tercatat sebesar Rp 2.100.000. Pengeluaran tersebut sesuai dengan rata-rata penggunaan bulanan. Laporan disampaikan untuk keperluan pencatatan rutin.",Laporan Keuangan,Rendah
"Email dari Ahmad Fauzi, Divisi Finance Control. Berdasarkan evaluasi laporan keuangan konsolidasi bulan Juni, ditemukan selisih pencatatan pendapatan sebesar Rp 182.000.000 antara sistem ERP dan laporan cabang. Perbedaan tersebut berpotensi memengaruhi hasil laporan kuartalan yang akan disampaikan kepada direksi. Mohon seluruh cabang melakukan verifikasi data transaksi paling lambat hari ini.",Laporan Keuangan,Tinggi
"Yth. HRD Gemilang Nusantara, Saya Taufik Ismail dari Divisi Purchasing bermaksud mengajukan reimbursement atas biaya pelatihan eksternal yang saya ikuti atas anjuran atasan pada tanggal 28–29 Oktober 2024. Biaya pendaftaran pelatihan Supply Chain Management tersebut sebesar 3.500.000 dan sudah saya bayar dengan kesepakatan akan diganti Terlampir saya kirimkan bukti transfer, sertifikat keikutsertaan, dan ringkasan materi sebagaimana dipersyaratkan. konfirmasi apakah dokumen yang saya lampirkan sudah lengkap dan kapan pencairan dapat dilakukan. Terima",Email HR,Sedang
Siang Mas atau Mba IT. Ada notifikasi dari sistem antivirus di PC saya yang mengatakan bahwa database virusnya kadaluarsa selama 30 hari. Saya Sari dari General Affairs sudah mencoba klik update namun selalu gagal karena butuh akses administrator. Mohon bantuannya untuk meremote PC saya dan melakukan update. Saya takut ada malware yang masuk jika dibiarkan.,Tiket IT,Sedang
"Saya, Nanda Putri dari unit Sekretariat, mengajukan pengadaan layanan catering rapat untuk 100 peserta. Kegiatan akan berlangsung selama dua hari pada bulan depan. Paket yang dibutuhkan mencakup makan siang dan dua kali coffee break. Estimasi biaya Rp150.000 per peserta per hari.",Permintaan Pengadaan,Sedang
"rekapitulasi dari Bagus Wiratama, bagian Warehouse Support. Dana kas kecil digunakan sebesar Rp 820.000 untuk pembelian alat penanda rak dan perlengkapan administrasi gudang. Seluruh transaksi telah dicatat dalam laporan harian. Tidak ditemukan penggunaan dana di luar kebutuhan operasional.",Laporan Keuangan,Rendah
"Yth. Tim IT, saya Joko Susilo dari Divisi Plant Maintenance melaporkan komputer panel di ruang kontrol tidak menampilkan dashboard produksi. Layar hanya menunjukkan pesan aplikasi tidak dapat terhubung ke server. Operator tidak bisa memantau status downtime mesin secara langsung. Mohon segera dilakukan pengecekan karena informasi tersebut penting untuk keputusan teknis hari ini.",Tiket IT,Tinggi
"Sehubungan dengan selesainya masa rekrutmen staf baru, kami membutuhkan 6 unit kursi kerja ergonomis dengan sandaran punggung jaring dan penopang leher yang dapat disesuaikan. Banyak kursi kerja staf lama yang hidroliknya sudah bocor dan busanya telah mengeras sehingga kurang layak pakai. Estimasi total pengadaan kursi kantor baru ini adalah Rp 10.200.000. Penataan fasilitas kerja yang nyaman ini penting untuk mempertahankan produktivitas harian pegawai Pengajuan dari Ani Suryani, Divisi Sumber Daya Manusia.",Permintaan Pengadaan,Sedang
Setiap akses tidak sah ke ruang server fisik akan memicu alarm keamanan berintensitas tinggi. Tim patroli wajib menangkap dan menginterogasi menerobos masuk. Rekaman di ruang server harus diamankan sebagai barang,SOP,Tinggi
"Saya, Yoga Pratama dari bagian Pengembangan Bisnis, mengajukan pengadaan 1 unit layar interaktif untuk ruang inovasi. Spesifikasi ukuran 86 inci dengan fitur sentuh multi pengguna. Estimasi harga Rp55.000.000. Pengadaan bersifat tambahan untuk mendukung kolaborasi tim di masa mendatang.",Permintaan Pengadaan,Rendah
jendela pada gedung bertingkat perusahaan hanya boleh dilakukan oleh kontraktor spesialis bersertifikasi. Area pejalan kaki bawah kerja wajib disterilkan dari lalu lalang karyawan. Pekerjaan harus segera dihentikan jika kecepatan angin batas aman operasional.,SOP,Sedang
"Kepada Yth. HRD Manager, Saya Nurul Azizah, Staf Administrasi unit Legal, ingin melaporkan tindakan yang saya nilai sebagai pelecehan verbal dari salah satu pimpinan senior di perusahaan ini. Kejadian berlangsung pada Kamis, 7 November 2024 di ruang meeting lantai 5 di mana beliau menggunakan bahasa yang merendahkan dan mengancam pekerjaan saya di depan dua rekan kerja. Saya merasa tidak aman untuk terus bekerja dalam kondisi seperti ini tanpa ada tindakan dari pihak perusahaan. dimohon HRD menindaklanjuti laporan ini sesuai kebijakan zero tolerance terhadap pelecehan yang tercantum dalam peraturan perusahaan. Saya bersedia memberikan keterangan lebih lanjut beserta nama para saksi yang hadir.",Email HR,Tinggi
"Kami meminta pengadaan jasa keamanan tambahan sebanyak 4 personil dari vendor secure guard untuk mengamankan event peluncuran produk baru minggu depan. Mengingat banyaknya tamu VIP dan pejabat yang akan hadir, pengamanan ekstra sangat krusial demi kelancaran acara. Estimasi biaya jasa pengamanan ini adalah Rp12.000.000 untuk 3 hari acara. Permintaan ini diajukan oleh Siti Rahma dari unit Hubungan Masyarakat.",Permintaan Pengadaan,Tinggi
Tumbangnya tower telekomunikasi utama perusahaan menuntut aktivasi rute koneksi satelit cadangan darurat. Tim engineer wajib bergerak ke lokasi tower yang rubuh untuk melakukan inspeksi kerusakan. Layanan kepada klien VVIP harus diprioritaskan dalam pemulihan jaringan.,SOP,Tinggi
"Untuk mencegah kehilangan barang pribadi, karyawan dihimbau tidak meninggalkan dompet atau ponsel di atas meja tanpa pengawasan. Gunakan laci yang dilengkapi kunci untuk menyimpan barang berharga Anda. Perusahaan tidak bertanggung jawab atas kehilangan aset pribadi di lingkungan kerja.",SOP,Rendah
"rekap dari Tania Permata, departemen Asset Management. Inventarisasi aset tetap menemukan perbedaan nilai buku sebesar Rp 154.000.000 pada kelompok peralatan produksi. Selisih ini memerlukan penyesuaian sebelum proses audit tahunan dimulai. Tim terkait diminta menyelesaikan verifikasi dalam minggu ini.",Laporan Keuangan,Tinggi
"Email dari Meita Purnamasari, bagian Reception Services. Pengeluaran rutin untuk kebutuhan bunga meja dan dekorasi area penerima tamu mencapai Rp 1.560.000 bulan ini. Biaya tersebut sesuai dengan dana pemeliharaan lingkungan kantor. Tidak diperlukan tindak lanjut khusus dari tim keuangan.",Laporan Keuangan,Rendah
"Yth. Tim HRD, saya Arif Hidayat dari Divisi Operasional. ingin melaporkan adanya tindakan intimidasi verbal dari atasan langsung yang terjadi beberapa kali dalam rapat tim. Situasi tersebut membuat saya merasa tidak nyaman dan berdampak pada kondisi psikologis serta kinerja saya. Mohon HR untuk menindaklanjuti laporan ini secara rahasia.",Email HR,Tinggi
Pemotongan pita stiker label pengiriman di gulungan alat potong besar mesin dispenser otomatis meja pengepakan wajib disejajarkan rata potong asahnya setiap pagi agar gigi silet bergerigi pemutus tidak membuat hasil akhir perekat paket bergerigi jelek terkesan robek paksa gigi potongnya tumpul sering dimanfaatkan paksa ditarik kencang saat pengemasan bertumpuk dikejar tayang pesanan antrean harbonas pengiriman daring. Tim pemelihara kelayakan gerak peralatan meja pengemasan memastikan olesan minyak cairan silikon anti karet tertetes halus minimal pelumas di bagian putaran as roda besi penahan selotip lakban segel perusahan kita demi menjaga roda gelinding licin putarannya terpakai berkesinambungan tanpa bunyi derit melengking nyaring macet mesin yang sering memicu staf lekas lelah mendengarnya satu ruangan luas. staf yang tak bertugas membidangi departemen kirim pengemasan sama sekali dilarang menjamah memainkan menempel sisa pita gulung khusus bercap nomor segel ini untuk kepentingan melabeli tutup bekal boks plastik kardus sisa bingkisan acara kateringnya untuk dibawa bawa keluar lingkup kantor secara tanpa sepengetahuan ketua komite atau supervisor pabrik di hari hari penutupan bulan acara rapat internal besar karena nomer stiker sangat di lapor hitung akurat buangan sisa penggunannya sekalian rekonsiliasi kirimannya per kode resi jalannya tepat tanpa cacat.,SOP,Rendah
rekapitulasi pengeluaran bensin bagi kurir ekspedisi harus dilampiri struk asli dari pom bensin. Angka kilometer di speedometer wajib difoto sebelum dan sesudah pengiriman barang hari itu. Klaim yang diajukan tanpa foto bukti kilometer tidak akan diproses oleh keuangan.,SOP,Sedang
"Selamat pagi rekan-rekan HR. Saya ingin bertanya mengenai program benefit keanggotaan gym korporat yang bekerja sama dengan perusahaan kita. Apakah fasilitas diskon tersebut juga berlaku untuk anggota keluarga inti karyawan, ataukah hanya terbatas untuk karyawan yang bersangkutan saja? Mohon informasi detail atau brosur ketentuannya jika ada yang bisa dibagikan kepada kami. Terima kasih banyak. - Anisa Fitri, Divisi Pemasaran.",Email HR,Rendah
"Halo Tim IT, saya Vina Rahmawati dari unit Call Center melaporkan bahwa aplikasi telepon pelanggan tiba-tiba tidak bisa digunakan. Semua agen di meja saya tidak dapat menerima maupun melakukan panggilan keluar. Saat ini antrean pelanggan meningkat dan report komplain tidak bisa ditangani dengan normal. Mohon segera dicek karena layanan pelanggan sedang terganggu total.",Tiket IT,Tinggi
"Kepada Yth. HRD Manager, Saya Rizky Adiputra dari departemen IT Support bermaksud mengajukan dimohon mutasi ke Divisi Digital Transformation yang saat ini membuka lowongan internal. Saya merasa kompetensi dan pengalaman saya di bidang sistem dan jaringan selama 3 tahun sangat relevan dengan kebutuhan divisi tersebut. Selain itu, saya ingin mengembangkan karier di bidang transformasi digital yang lebih sesuai dengan rencana jangka panjang saya. Atasan di divisi saya saat ini sudah memberikan rekomendasi positif atas permohonan ini. Mohon HRD mempertimbangkan dan memberikan informasi mengenai proses seleksi internal yang berlaku.",Email HR,Sedang
"Kepada Tim HRD, Saya Wahyu Prasetyo dari Divisi Logistik bermaksud status perpanjangan kontrak kerja saya yang akan berakhir pada 31 Desember 2024. Saya sudah bekerja 2 tahun di perusahaan ini status karyawan dan belum menerima informasi apapun mengenai kelanjutan kontrak saya. Kepastian ini penting perencanaan keuangan dan karier saya ke depannya. Apakah ada persyaratan atau evaluasi tertentu yang perlu saya penuhi untuk proses perpanjangan ini? Mohon informasinya sebelum akhir November agar saya cukup waktu mempersiapkan segala sesuatunya.",Email HR,Sedang
"Halo rekan HR, saya ingin mengajukan pembaruan data status pernikahan pada sistem database kepegawaian (HRIS) perusahaan karena saya baru saja melangsungkan resmi minggu Dokumen pendukung berupa salinan Buku Nikah dari dan Kartu Keluarga terbaru sudah saya unggah langsung ke portal mandiri karyawan. Mohon diverifikasi admin HR agar status tunjangan keluarga dan insentif terkait dapat disesuaikan pada periode berikutnya. - Ari Wibowo, Divisi Tax Compliance.",Email HR,Rendah
"Tim IT yang terhormat, saya melaporkan kondisi darurat: server database produksi kami DB-PROD-01 mengalami crash pada pukul 09.22 WIB dan seluruh aplikasi internal tidak bisa mengakses data. Ini berdampak pada 5 aplikasi sekaligus termasuk sistem inventory, CRM, dan portal karyawan. Tim Development sudah mencoba restart service namun tidak berhasil dan muncul error log transaction log full. Mohon tim database administrator segera turun tangan karena downtime ini sudah berjalan lebih dari 45 menit dan berdampak pada seluruh operasional perusahaan. Ini adalah prioritas P1 yang harus diselesaikan segera. Agus Permana, Lead Developer, Ext. 3301.",Tiket IT,Tinggi
"Email dari Ferdiansyah Putra, Divisi Umum. Penggunaan dana petty minggu sebesar Rp 1.420.000 untuk kebutuhan transportasi internal dan pembelian perlengkapan kecil. Seluruh transaksi telah yang valid. Saldo kas kecil masih mencukupi hingga minggu.",Laporan Keuangan,Rendah
Kegagalan sistem kelistrikan utama rumah sakit harus langsung diikuti dengan pengaktifan generator cadangan. Teknisi listrik wajib memastikan daya tersalurkan ke ruang operasi dan ICU dalam waktu sepuluh detik. Pemantauan daya darurat harus dilakukan setiap jam hingga listrik utama pulih.,SOP,Tinggi
"Saya, Maya Lestari dari Divisi Keuangan, mengajukan pengadaan 1 unit server rack untuk penyimpanan data transaksi. Server dibutuhkan segera karena kapasitas yang ada sudah mencapai batas maksimum. Spesifikasi diperlukan adalah prosesor 16 core, RAM 64 GB, dan storage 8 TB RAID. Estimasi harga Rp120.000.000.",Permintaan Pengadaan,Tinggi
"Halo rekan HRD, saya ingin mengajukan klaim kacamata tahunan sesuai dengan kesehatan disediakan oleh perusahaan. Saya sudah pemeriksaan mata di optik rekanan resmi dan kuitansi pembelian lensa serta bingkai kacamata baru telah saya lampirkan di sini. Mohon dibantu untuk proses data dan pencairan dananya rekening saya pada periode penggantian berikutnya. Terima kasih. - Rizky Pratama, Pengembangan Bisnis.",Email HR,Sedang
"pagi IT, saya Elvira Damayanti dari Divisi Finance Control ingin bertanya mengenai cara mengaktifkan autentikasi dua faktor pada kantor. Saya meningkatkan keamanan akun sebelum mengakses sistem dari luar kantor. Saat ini akun saya masih bisa digunakan seperti Mohon dikirimkan panduan aktivasi dan informasi aplikasi authenticator yang direkomendasikan.",Tiket IT,Rendah
"Laporan dari Citra Wulandari, Divisi Administrasi. Rekap pembelian alat tulis kantor minggu ini mencapai Rp 1.250.000. Seluruh pembelian telah sesuai kebutuhan operasional harian. Tidak ada permintaan tambahan yang memerlukan persetujuan khusus.",Laporan Keuangan,Rendah
"Divisi Layanan Pelanggan memerlukan tambahan 3 unit komputer desktop (PC) untuk menggantikan komputer lama yang performanya sudah sangat lambat dan sering hang. Spesifikasi yang diusulkan adalah Intel i5, RAM 8GB, dengan monitor 21 inci standar kantoran. Estimasi anggaran untuk 3 unit PC tersebut adalah Rp 24.000.000. Penggantian ini penting demi meningkatkan kecepatan respon agen dalam melayani keluhan klien sehari-hari. Pengajuan dari Joko Susilo, Divisi Layanan Pelanggan.",Permintaan Pengadaan,Sedang
"Saya, Andi Pratama dari Divisi Teknologi Informasi, mengajukan pengadaan 8 unit laptop untuk tim pengembang yang sedang menangani proyek dengan tenggat waktu dua minggu lagi. Spesifikasi yang dibutuhkan adalah Intel Core i7, RAM 16 GB, SSD 512 GB. Beberapa perangkat lama mengalami kerusakan sehingga menghambat pekerjaan harian. Estimasi harga sebesar Rp15.000.000 per unit.",Permintaan Pengadaan,Tinggi
Saya Baskoro Adi dari Divisi Retail membutuhkan 5 unit tablet kasir portable Samsung Galaxy Tab A9 untuk dipasang di booth pameran dadakan mulai lusa. Tablet kasir yang lama hilang saat proses mobilisasi logistik kemarin malam dan kami tidak memiliki cadangan. Spesifikasi yang dibutuhkan adalah RAM minimal 4GB dan konektivitas 4G LTE agar transaksi pembayaran tidak terhambat. Estimasi total dana yang diperlukan adalah Rp 15.000.000.,Permintaan Pengadaan,Tinggi
"Yth. IT, saya Pramudya Siregar dari Divisi ingin mengetahui apakah ada ketentuan penggunaan flashdisk pribadi di komputer kantor. sering menerima file dari vendor melalui media eksternal. Sebelum saya ingin memastikan prosedur pemeriksaan keamanannya. Mohon informasi kebijakan yang berlaku kami tidak melanggar aturan IT.",Tiket IT,Rendah
"Email dari Karina Putri Ananda, Divisi Corporate Communication. Kami mengusulkan anggaran sebesar Rp 57.000.000 untuk produksi materi komunikasi perusahaan dan kampanye internal. Program ini bertujuan meningkatkan pemahaman karyawan terhadap strategi perusahaan. Mohon persetujuan untuk melanjutkan proses pengadaan.",Laporan Keuangan,Sedang
"Selamat pagi, saya Rudi Hermawan dari Divisi Distribusi tidak bisa login ke sistem WMS gudang. Pesan yang muncul adalah akun terkunci, padahal saya baru mencoba login satu kali ini. Tim gudang harus menyelesaikan proses outbound barang untuk pengiriman siang ini. Mohon dibantu reset akun atau pembukaan lock",Tiket IT,Tinggi
"Selamat siang Tim IT, saya Oka Mahendra dari Divisi Quality Assurance melaporkan inspeksi produk error saat menyimpan hasil pemeriksaan. Setiap kali klik submit, data dan muncul pesan internal server error. Hari ini ada audit mutu dari pelanggan dan semua hasil inspeksi harus terdokumentasi. Mohon segera ditindaklanjuti karena proses audit sedang berjalan.",Tiket IT,Tinggi
"Yth. Tim HRD, saya Lina Kartika dari Divisi Akuntansi. Saya ingin mengajukan cuti melahirkan sesuai rekomendasi dokter yang memperkirakan persalinan pada bulan depan. Saya telah menyiapkan proses serah terima pekerjaan kepada rekan yang ditunjuk. Mohon informasi terkait dokumen administrasi yang harus saya lengkapi.",Email HR,Sedang
"Email dari Nadya Pratiwi, Divisi Sekretariat Perusahaan. Penggunaan dana kas kecil minggu ini sebesar Rp 1.270.000 untuk kebutuhan legalisasi dokumen, pengiriman surat, dan pembelian perlengkapan administrasi. Semua transaksi telah didukung bukti pembayaran yang lengkap. Saldo kas kecil masih mencukupi untuk kebutuhan operasional rutin.",Laporan Keuangan,Rendah
Pemisahan kantong sampah organik berbahan kulit buah buahan pisang dan sayur makan siang pantry tidak lagi digabung memakai kantung plastik hitam tebal ukuran tong besar buangan melainkan dialihkan menuju karung daur ulang kompos berpori warna goni serat di pekarangan belakang dapur. Keputusan peduli daur lingkungan limbah sampah di fasilitas area staf istirahat masak makan bertujuan mencicil sertifikasi kantor sehat akreditasi penilaian lingkungan daerah percontohan tingkat wilayah provinsi. Staf kebersihan diminta selalu menegur secara ramah apabila mendapati rekan karyawan kelupaan dan memasukkan kulit buah melon utuh secara serampangan tak beraturan pada celah tempat penampung keranjang kertas daur ulang bekas buangan file surat mesin fotokopi lantai dasar itu.,SOP,Rendah
Email dari Divisi Revenue Ditemukan keterlambatan penagihan pelanggan korporasi dengan nilai total Rp 438.000.000. Kondisi tersebut langsung pada proyeksi penerimaan bulan berjalan. Mohon koordinasi intensif dengan tim penjualan dan penagihan.,Laporan Keuangan,Tinggi
"Email dari Suci Ramadhani, bagian Employee Development. Pengeluaran program mentoring staf selama bulan ini mencapai Rp 15.600.000. Biaya digunakan untuk materi pelatihan dan honor fasilitator internal. Seluruh penggunaan dana masih berada dalam batas anggaran yang tersedia.",Laporan Keuangan,Sedang
Pengajuan dana petty cash untuk keperluan operasional mendesak divisi dibatasi maksimal satu juta rupiah per transaksi. Kuitansi dan bukti pembelian asli harus segera dikembalikan ke kasir pada hari yang sama. Selisih dana petty cash akan menjadi tanggung jawab pribadi peminjam.,SOP,Sedang
"Selamat pagi Tim HRD, saya ingin mengajukan permohonan cuti melahirkan (maternity leave) 90 hari kalender, yang rencananya akan saya ambil mulai 10 Juli sampai dengan 8 2026. Surat medis dari rumah sakit bersalin terkait taksiran persalinan (HPL) sudah saya lampirkan lengkap di email ini. Proses serah terima tugas proyek penulisan modul pelatihan sudah saya selesaikan bersama tim asisten. Mohon konfirmasi - Rizka Amelia, Divisi Instructional Designer.",Email HR,Sedang
Audit internal untuk standar operasional divisi pelayanan pelanggan akan dilakukan tanpa pemberitahuan setiap kuartal. Auditor akan menggunakan metode mystery shopper dengan menelepon call center perusahaan. Hasil audit digunakan sebagai komponen utama dalam penentuan bonus kinerja tim.,SOP,Sedang
"Kepada Yth. Tim HR, perihal surat pemberitahuan PHK yang saya terima saya adanya ketidaksesuaian dalam perhitungan dan uang penghargaan masa kerja saya. Berdasarkan masa kerja yang sudah berjalan 5 tahun, jumlah yang tertera di surat tersebut di bawah ketentuan undang-undang yang berlaku. Saya meminta sesi audiensi khusus bersama HRD besok pagi untuk meluruskan rincian hak-hak saya. Terima kasih atas perhatiannya. - Dian Permata, Divisi Keuangan.",Email HR,Tinggi
Peminjaman kendaraan dinas operasional sekarang memerlukan persetujuan dari manajer fasilitas minimal dua hari sebelumnya. Karyawan harus mengisi log pemakaian kendaraan secara akurat di pos satpam. Kebersihan kendaraan setelah digunakan tanggung jawab penuh,SOP,Sedang
Halo IT Support. Saya Nisa dari Accounting ingin sekadar bertanya mengenai spesifikasi hardware laptop yang saya gunakan saat ini. Apakah memori RAM di laptop tipe ini masih bisa ditambah ke 16GB di masa depan? Saat ini performanya masih sangat baik dan mumpuni untuk pekerjaan harian saya. Saya hanya ingin tahu opsi yang tersedia jika suatu saat nanti butuh pembaruan.,Tiket IT,Rendah
minta cepat diproses pengadaan 5 unit laptop ASUS ExpertBook B5 dengan RAM 16GB dan SSD 512GB untuk tim Developer baru di divisi IT. Laptop ini sangat mendesak karena para personil baru akan onboard minggu depan untuk mengejar proyek sistem pembayaran e-commerce. Estimasi total anggaran adalah Rp75.000.000. Pengajuan ini dibuat oleh Budi Santoso selaku Kepala Divisi IT.,Permintaan Pengadaan,Tinggi
"Kami mengajukan permintaan pengadaan baju seragam kerja baru untuk 15 orang petugas satuan pengamanan (Satpam) internal perusahaan. Setiap personel akan mendapatkan 2 stel seragam PDH (Pakaian Dinas Harian) lengkap dengan atribut logo perusahaan baru. Estimasi total biaya pengerjaan konveksi dan penjahitan seragam ini adalah sebesar Rp 12.000.000. Jadwal pengerjaan diharapkan selesai dalam kurun waktu satu bulan. permintaan oleh heri sulistyo, bagian Keamanan.",Permintaan Pengadaan,Sedang
"Halo Helpdesk IT, saya Rika Amalia dari bagian Export Import melaporkan bahwa koneksi jaringan di area tim kami terputus total. Semua komputer tidak bisa mengakses internet maupun server dokumen internal. Kami sedang menyiapkan dokumen bea cukai yang harus dikirim hari ini. tolong penanganan segera karena pengiriman barang bisa tertunda.",Tiket IT,Tinggi
"Selamat pagi Tim saya Nabila Oktaviani dari Divisi Corporate Communication membutuhkan instalasi aplikasi desain Canva Desktop di laptop Aplikasi ini akan digunakan untuk menyiapkan materi internal. Kebutuhannya tidak mendesak ini, tetapi akan mulai dipakai minggu depan. Mohon dibantu instalasi kebijakan software perusahaan.",Tiket IT,Sedang
"Yth. HRD, saya Aditya Permana dari bagian Teknik. Saya ingin mengetahui prosedur permintaan surat pengalaman kerja apabila suatu saat dibutuhkan untuk keperluan administrasi profesional. Saat ini saya hanya ingin memahami proses dan persyaratannya. Mohon informasi yang dapat dijadikan referensi.",Email HR,Rendah
"Tim HRD, Saya Agung Staf Divisi Supply Chain, ingin apakah sisa cuti tahunan yang tidak diambil pada tahun 2024 bisa ke tahun 2025 atau akan hangus di akhir tahun. Saya memiliki sisa 6 hari cuti yang belum digunakan dan ingin memastikan tidak ada hak yang hilang karena saya. Jika ada batas waktu atau prosedur pengajuan carry-over, mohon dapat dijelaskan secara Terima kasih atas informasinya.",Email HR,Rendah
Divisi Purchasing memerlukan pengadaan 1 unit Lemari Arsip Besi Brother dengan pintu kaca untuk menyimpan berkas invoice vendor yang semakin menumpuk. yang ada sudah penuh dan tidak muat lagi menampung dokumen fisik baru. Estimasi anggaran untuk pembelian lemari besi ini adalah Rp3.800.000. Pengajuan dikirim oleh Nanda Saputra dari Divisi Purchasing.,Permintaan Pengadaan,Sedang
Selamat siang saya Citra Divisi Keuangan. Saya salinan slip gaji tiga bulan terakhir untuk keperluan arsip pribadi. Dokumen tersebut tidak lagi tersedia pada portal biasa saya akses. Mohon untuk mengirimkan salinan atau cara mendapatkannya.,Email HR,Rendah
"Halo Tim IT, saya Evi Susanti dari unit Customer Service ingin meminta pengecekan ringan pada headset kantor. Suara dari headset masih berfungsi, tetapi kadang terdengar kecil saat digunakan untuk meeting online. Kendala ini belum menghambat pekerjaan karena saya masih bisa memakai perangkat cadangan. minta dibantu pemeriksaan saat jadwal teknisi tersedia.",Tiket IT,Rendah
"Email dari Aldo Firmansyah, Divisi Produksi. Pengeluaran pemeliharaan mesin selama bulan ini tercatat sebesar Rp 29.000.000. Seluruh dilakukan sesuai jadwal maintenance yang telah ditetapkan. Laporan rinci biaya tersedia untuk kebutuhan audit internal.",Laporan Keuangan,Sedang
"rekap dari Shinta Wulandari, unit Internal Assurance. Rekonsiliasi transaksi antar sistem menemukan perbedaan pencatatan pendapatan sebesar Rp 139.000.000. Selisih tersebut memengaruhi laporan manajemen yang telah beredar ke beberapa unit kerja. Diperlukan koreksi segera sebelum data digunakan dalam pengambilan keputusan strategis.",Laporan Keuangan,Tinggi
"Halo Tim IT, saya Putri Meilani dari bagian Akuntansi. notebook saya dengan asset tag LPT-2022-078 tiba-tiba tidak bisa masuk ke Windows dan hanya menampilkan layar hitam dengan kursor berkedip setelah proses booting. Sudah saya coba cabut dan pasang kembali baterai serta charger namun kondisinya tetap sama dan tidak ada perubahan sama sekali. Hari ini adalah batas akhir rekonsiliasi laporan bulanan yang harus dikirim ke kantor pusat dan semua file rekonsiliasi tersimpan di laptop tersebut tanpa backup di tempat lain. Mohon segera kirimkan teknisi ke meja saya di lantai 3 ruang Akuntansi nomor meja AC-14 sebelum pukul 09.30 WIB dan jika memungkinkan tolong bawa laptop pinjaman sementara. Putri Meilani, Finance Accounting Staff, Ext. 3301, HP 0878-4455-6677.",Tiket IT,Tinggi
"Divisi IT bermaksud melakukan penambahan stok kabel LAN Cat6 sebanyak 2 roll untuk keperluan maintenance jaringan internal jangka panjang di masa depan. Saat ini stok kabel di gudang masih mencukupi, namun pembelian ini agar harga terkunci sebelum ada inflasi akhir tahun. Estimasi biaya pengadaan kabel ini adalah Rp4.400.000. Permintaan diajukan oleh Joko Susilo dari Divisi Jaringan IT.",Permintaan Pengadaan,Rendah
"Yth. HRD, saya Budi Santoso dari Divisi Logistik ingin melaporkan insiden kecelakaan kerja yang saya alami pagi ini di area gudang. Saya terpeleset saat memindahkan barang dan mengalami cedera pada pergelangan kaki sehingga harus mendapatkan penanganan medis. Saya memerlukan arahan terkait prosedur pelaporan resmi dan klaim yang dapat diajukan. Mohon bantuannya untuk proses selanjutnya.",Email HR,Tinggi
"Email dari Radit Saputra, departemen Capital Expenditure. Pengadaan mesin produksi baru telah menghabiskan dana Rp 468.000.000 dan melampaui estimasi awal proyek. Kenaikan biaya dipicu oleh perubahan spesifikasi teknis dari pemasok. dimohon arahan manajemen mengenai penyesuaian anggaran investasi.",Laporan Keuangan,Tinggi
"Halo rekan HRD, saya mengabarkan bahwa malam ini terjadi kecelakaan kerja serius di area kitchen restoran cabang Sudirman saat proses persiapan penutupan. Tangan salah satu staf commis kami, sdr. Fikri, terkena tumpahan minyak panas dari penggorengan hingga mengalami luka bakar derajat dua yang cukup luas. Saat ini korban sudah dilarikan ke IGD RS Pertamina oleh tim operasional. tolong instruksi kilat mengenai prosedur penjaminan rumah sakit menggunakan BPJS Ketenagakerjaan malam ini juga. - Riko Antoni, departemen Food & Beverage.",Email HR,Tinggi
"Bagi karyawan yang menggunakan koneksi VPN kantor dari fasilitas publik, wajib mengaktifkan autentikasi multifaktor. Mengunduh data perusahaan berukuran besar melalui jaringan Wi-Fi kafe sangat tidak Segala aktivitas VPN karyawan akan dimonitor oleh sistem sekuritas jaringan pusat.",SOP,Sedang
"Dalam rangka meningkatkan kenyamanan presentasi internal tim, kami mengusulkan pengadaan 1 unit Wireless Laser Presenter Logitech R500. Alat ini bersifat opsional untuk membantu kelancaran pemaparan ide kreatif saat meeting mingguan agar presenter bisa bergerak lebih bebas. Estimasi harga perangkat pendukung ini adalah Rp650.000. Pengajuan dikirim oleh Bagus Permadi dari Divisi Business Development.",Permintaan Pengadaan,Rendah
"Yth. Helpdesk IT, saya Tania Kusuma dari Divisi Sekretariat Direksi mengalami kendala pada laptop yang tidak bisa terhubung ke proyektor ruang rapat. Rapat direksi dengan mitra eksternal akan dimulai dalam waktu dekat dan materi presentasi hanya ada di laptop tersebut. Kabel HDMI sudah diganti, tetapi layar tetap tidak muncul di proyektor. Mohon bantuan segera untuk pengecekan atau penyediaan perangkat pengganti.",Tiket IT,Tinggi
"rekap dari Andika Pratama, bagian Service Center. Total biaya operasional pusat layanan pelanggan tercatat sebesar Rp 29.400.000 pada periode berjalan. Pengeluaran mencakup perangkat kerja, komunikasi, dan kebutuhan pendukung layanan. Tidak ditemukan penyimpangan dari rencana anggaran.",Laporan Keuangan,Sedang
"Siang IT. Printer utama di lantai direksi tiba-tiba paper jam parah dan mengeluarkan asap tipis. Saya Ayu, sekretaris Direksi, sedang mencetak kontrak kerja sama yang harus ditandatangani jam 2 siang ini. minta sesegera mungkin datangkan teknisi untuk memperbaikinya. Jika tidak bisa diperbaiki, tolong siapkan printer pengganti sekarang juga.",Tiket IT,Tinggi
Tolong pertimbangkan pengadaan 5 unit dispenser air galon bawah merek Sharp untuk penambahan fasilitas di ruang tunggu tamu VIP dan area pantry belakang. Rencana penambahan ini ditujukan untuk peningkatan estetika ruangan dalam jangka panjang agar galon air tidak terlihat mencolok di luar kabinet. Estimasi alokasi total yang diusulkan adalah Rp 13.500.000.,Permintaan Pengadaan,Rendah
"Email dari Rahmat Hidayat, unit Umum. rekap petty cash minggu pertama menunjukkan penggunaan dana sebesar Rp 2.350.000. Pengeluaran digunakan untuk kebutuhan transportasi dan pembelian perlengkapan kecil. Saldo kas kecil masih mencukupi untuk minggu berikutnya.",Laporan Keuangan,Rendah
"Halo Tim IT, saya Evi Susanti dari Divisi Customer Service ingin meminta pengecekan ringan pada headset kantor. Suara dari headset masih berfungsi, tetapi kadang terdengar kecil saat digunakan untuk meeting online. Kendala ini belum menghambat pekerjaan karena saya masih bisa memakai perangkat cadangan. Mohon dibantu pemeriksaan saat jadwal teknisi tersedia.",Tiket IT,Rendah
"Kami membutuhkan penyediaan jasa catering eksternal mendesak untuk kunjungan mendadak dari delegasi investor asing besok siang. Total pesanan adalah sebanyak 35 paket menu makan premium lengkap dengan hidangan penutup tradisional. biaya untuk layanan eksklusif ini adalah Rp 8.750.000. Mengingat pentingnya impresi pertama para investor terhadap profesionalisme perusahaan, persetujuan cepat sangat kami harapkan. Pengajuan dari Dewi Divisi Hubungan Masyarakat.",Permintaan Pengadaan,Tinggi
"Halo Helpdesk, saya Pandu Wicaksono dari Divisi Warehouse melaporkan printer label barcode tidak bisa mencetak sejak pukul 07.30. Status perangkat menyala, tetapi setiap perintah cetak berhenti di antrean tanpa hasil. Pengiriman barang ke beberapa toko tidak bisa diproses tanpa label barcode. Mohon teknisi segera mengecek perangkat atau menyediakan printer cadangan.",Tiket IT,Tinggi
"Tim HRD. Saya ingin melaporkan adanya pemotongan gaji yang sangat signifikan pada slip gaji saya bulan Mei ini tanpa adanya pemberitahuan atau surat peringatan sebelumnya. Saya merasa tidak melakukan pelanggaran apa pun yang dapat memicu denda atau pemotongan sebesar ini. penjelasan dan segera dari pihak HR karena pemotongan ini mengganggu arus kas bulanan saya. - Rian Hidayat, Divisi Produksi.",Email HR,Tinggi
"Kepada Yth. HRD Manager, Saya Ferdi Kurniawan, Staf Divisi Business Development, ingin menanyakan apakah perusahaan menyediakan program Employee Assistance Program (EAP) atau konseling psikologis gratis bagi karyawan. Saya mendengar beberapa perusahaan besar sudah menyediakan fasilitas ini dan ingin mengetahui apakah benefit serupa juga tersedia di sini. Jika tersedia, mohon diinformasikan cara mengaksesnya dan apakah sifatnya rahasia atau ada pelaporan ke manajemen. Terima kasih atas informasinya.",Email HR,Rendah
permen makanan ringan di resepsionis depan adalah tanggung jawab bagian layanan umum. Pengisian permen tersebut dijadwalkan secara rutin saat shift kerja awal pukul delapan pagi. Mohon jangan memajang produk makanan yang mereknya berasal dari kompetitor industri kita secara eksplisit di meja layanan tersebut.,SOP,Rendah
"Email dari Rendy Kresna, bagian Pengendalian Keuangan. Tim menemukan perbedaan saldo rekening escrow sebesar Rp 121.000.000 antara catatan internal dan rekap bank. Selisih tersebut berpotensi memengaruhi penyajian posisi kas perusahaan. Mohon dilakukan investigasi dan konfirmasi kepada pihak bank sesegera mungkin.",Laporan Keuangan,Tinggi
"Kepada Tim HRD, istri saya saat ini mendadak mengalami pendarahan hebat dan harus segera menjalani operasi darurat di rumah sakit karena komplikasi kehamilan. Oleh karena itu, saya tidak bisa masuk kerja hari ini dan besok demi mendampingi beliau di ruang operasi. Mohon izin dan kebijaksanaannya untuk memproses cuti darurat saya ini. Saya akan mengirimkan surat keterangan dokter dari rumah sakit menyusul setelah situasi mereda. - Aditya Putra, Divisi Analisis Data.",Email HR,Tinggi
Halo Tim IT. Mohon bantuannya untuk menginstal aplikasi Adobe Illustrator di laptop saya. Aplikasi ini sangat saya butuhkan untuk membuat desain banner promosi bulan depan. Atasan saya sudah memberikan persetujuan melalui sistem internal kita. Kapan kira-kira teknisi bisa meremote laptop saya untuk instalasi?,Tiket IT,Sedang
"Laporan dari Bagus Wiratama, Divisi Warehouse Dana kas kecil digunakan sebesar Rp untuk pembelian alat penanda rak dan perlengkapan administrasi gudang. Seluruh transaksi telah dalam laporan harian. Tidak ditemukan penggunaan dana di luar kebutuhan operasional.",Laporan Keuangan,Rendah
"Selamat siang Bapak/Ibu HR, saya ingin memberikan kecil dari rekan-rekan karyawati mengenai keterbatasan kubikal toilet wanita yang berada di area kantor lantai 3 utama. Pada jam-jam sibuk seperti awal kerja dan siang, antrean panjang sering terjadi sehingga menguras waktu produktif kami cukup signifikan. Mohon masukan dapat dalam rapat fasilitas gedung untuk opsi penambahan di masa depan. - Siska Amelia, Divisi Public Relations.",Email HR,Rendah
Standar penamaan file presentasi untuk rapat direksi kini wajib menggunakan format tanggal tahun dan nama unit Contohnya: 20260602_Marketing_Q1_Report.pptx untuk memudahkan pencarian file di server cloud. File yang tidak mengikuti standar penamaan ini akan ditolak oleh staf sekretariat direksi.,SOP,Sedang
"Selamat pagi Tim IT, saya Laras Puspitasari dari Divisi Administration ingin meminta informasi jadwal backup data server bersama. Tim kami ingin memahami kapan data folder departemen dicadangkan. Tidak ada file yang hilang atau masalah akses saat ini. Mohon penjelasan singkat mengenai frekuensi backup dan prosedur pemulihan jika suatu saat diperlukan.",Tiket IT,Rendah
"Saya, Hendra Wijaya dari Divisi Umum, perpanjangan kontrak jasa cleaning service untuk area kantor pusat. Layanan mencakup 5 petugas kebersihan selama satu tahun. Kebutuhan ini merupakan bagian dari operasional rutin perusahaan. Estimasi biaya Rp180.000.000 per tahun.",Permintaan Pengadaan,Sedang
"Halo Tim IT, saya Hadi Permana dari departemen Facility membutuhkan konfigurasi akses Wi-Fi untuk tablet operasional gedung. Tablet tersebut akan digunakan untuk mencatat checklist kebersihan dan inspeksi fasilitas. Saat ini perangkat belum dapat masuk ke jaringan kantor karena memerlukan registrasi MAC address. minta dibantu pendaftaran perangkat dan uji koneksi.",Tiket IT,Sedang
"Saya, Fitri dari Divisi Keuangan, mengajukan pengadaan 6 unit untuk staf baru. Spesifikasi yang dibutuhkan adalah Intel Core i5, RAM 8 GB, dan SSD 512 GB. Pengadaan ini bagian dari kebutuhan operasional tahunan. harga per unit.",Permintaan Pengadaan,Sedang
"rekapitulasi dari Rina Kusuma, unit Audit Internal. Tim menerima pemberitahuan audit mendadak terkait penggunaan anggaran proyek transformasi digital. Total dana yang telah digunakan mencapai Rp 425.000.000 dan beberapa dokumen pendukung masih belum lengkap. Seluruh unit terkait diminta menyerahkan bukti transaksi paling lambat besok pagi.",Laporan Keuangan,Tinggi
"Laporan dari Fitri Handayani, Divisi Pajak. Dalam proses rekonsiliasi ditemukan kekurangan setor PPN sebesar Rp 53.000.000 pada periode sebelumnya. Jika tidak segera dibayarkan, perusahaan berpotensi dikenakan sanksi administrasi. Mohon persetujuan pelunasan sebelum batas waktu pelaporan.",Laporan Keuangan,Tinggi
"ada terkait koneksi internet lambat yang sifatnya bukan mati total, karyawan dapat mengisi log di portal intranet. Tim dukungan teknis IT akan memproses perbaikan jaringan ini dalam kurun waktu dua puluh empat jangan menelepon langsung ke nomor darurat server untuk kendala ini.",SOP,Rendah
Dua dari tiga kamera CCTV di area gerbang logistik terputus total akibat tersambar petir semalam. membutuhkan pengadaan unit IP Camera Hikvision Outdoor beserta kabel instalasi baru untuk memulihkan sistem keamanan pengawasan aset keluar masuk ini. Estimasi biaya yang diusulkan adalah Rp 4.500.000 termasuk biaya cepat oleh teknisi. Pengajuan Joko Divisi Keamanan Internal.,Permintaan Pengadaan,Tinggi
"Laporan dari Vina Melati, Divisi Pengendalian Internal. Audit sejumlah pembayaran vendor dengan total Rp 92.000.000 yang diproses tanpa lampiran berita acara penerimaan Temuan ini berisiko menimbulkan masalah kepatuhan. unit terkait memberikan klarifikasi tertulis.",Laporan Keuangan,Tinggi
"Selamat siang, saya Yoga Firmansyah dari Divisi Operasional ingin meminta instalasi aplikasi scanner dokumen di komputer administrasi. Scanner sudah terhubung melalui USB, tetapi komputer belum memiliki driver yang sesuai. Dokumen pengiriman biasanya perlu dipindai setiap sore untuk arsip digital. Mohon bantuan instalasi driver dan pengecekan fungsi scan.",Tiket IT,Sedang
"dari Ayu Divisi Administrasi. Pengeluaran kantor cabang selama periode berjalan tercatat sebesar Rp 9.800.000. Biaya mencakup utilitas, perlengkapan kantor, dan kebutuhan administrasi rutin. transaksi telah didukung bukti yang lengkap.",Laporan Keuangan,Sedang
"Halo Tim IT, saya Adinata dari Divisi Facility Management ingin menanyakan alur permintaan pemasangan LAN di ruang kerja baru. Ruangan tersebut baru akan digunakan bulan depan untuk tim sementara. Saat ini belum ada aktivitas di tersebut. tahapan pengajuan, estimasi pihak yang perlu memberikan persetujuan.",Tiket IT,Rendah
"Kepada Yth. Tim HR, perihal surat pemberitahuan PHK yang saya terima kemarin, saya menemukan adanya ketidaksesuaian dalam perhitungan pesangon dan uang penghargaan masa kerja saya. Berdasarkan masa kerja saya yang sudah berjalan 5 tahun, jumlah yang tertera di surat tersebut di bawah ketentuan undang-undang yang berlaku. Saya meminta sesi audiensi khusus bersama HRD besok pagi untuk meluruskan rincian hak-hak saya. Terima kasih atas perhatiannya. - Dian Permata, Divisi Keuangan.",Email HR,Tinggi
"Setiap pegawai yang mendapatkan fasilitas ponsel dinas wajib menandatangani surat perjanjian tanggung jawab aset. Ponsel tidak boleh di-root atau dimodifikasi sistem operasinya dengan alasan apapun. Jika staf keluar dari perusahaan, ponsel wajib dikembalikan lengkap dengan pengisi dayanya.",SOP,Sedang
"Untuk menunjang mobilitas operasional tim penjualan lapangan, kami membutuhkan tambahan 2 unit sepeda motor matic Honda Vario 125cc. Kendaraan roda dua ini akan digunakan untuk melakukan kunjungan harian dan penagihan ke toko-toko mitra di pelosok daerah yang tidak terjangkau mobil operasional. Estimasi anggaran pengadaan kendaraan baru ini beserta pengurusan dokumen STNK/BPKB dinas adalah Rp 48.500.000. Fasilitas ini diyakini mampu meningkatkan coverage sales harian. Pengajuan dari Doni Kusuma, Divisi Penjualan.",Permintaan Pengadaan,Sedang
"Penerimaan barang masuk dari supplier ke gudang logistik mengharuskan pengecekan faktur secara detail. Staf penerima wajib menghitung jumlah fisik barang dan membandingkannya dengan surat jalan. Jika terdapat ketidaksesuaian jumlah, barang tidak boleh dimasukkan ke dalam sistem stok utama.",SOP,Sedang
"Kepada Yth. HRD Manager, Saya Nurul Azizah, Staf Administrasi unit Legal, ingin melaporkan tindakan yang saya nilai sebagai pelecehan verbal dari salah satu klien internal senior di perusahaan ini. Kejadian berlangsung pada Kamis, 7 November 2024 di ruang meeting lantai 5 di mana beliau menggunakan bahasa yang merendahkan dan mengancam pekerjaan saya di depan dua rekan kerja lainnya. Saya merasa tidak aman dan tidak nyaman untuk terus bekerja dalam kondisi seperti ini tanpa ada tindakan dari pihak perusahaan. Saya harap HRD menindaklanjuti laporan ini sesuai dengan kebijakan zero tolerance terhadap pelecehan yang tercantum dalam peraturan perusahaan. Saya bersedia memberikan keterangan lebih lanjut dan menyerahkan nama saksi-saksi yang hadir saat kejadian.",Email HR,Tinggi
"Jika terdeteksi adanya virus ransomware pada jaringan lokal, koneksi internet seluruh kantor cabang harus diputus. Komputer yang terinfeksi wajib dicabut dari jaringan LAN fisik secepatnya Tim forensik digital akan menangani pemulihan data dari sistem cadangan.",SOP,Tinggi
Terjadinya banjir bandang yang merendam area data center mengharuskan shut down seluruh server fisik seketika. Sistem kelistrikan area tersebut harus diputus oleh PLN atas permintaan perusahaan. Tim IT harus bersiap memindahkan operasional penuh ke data center cadangan di kota lain.,SOP,Tinggi
"Yth. Tim HRD, Saya Anita Suryani, Koordinator Training, ingin memohon surat keterangan pengalaman kerja keperluan pendaftaran beasiswa S2 di salah satu universitas negeri. Saya sudah bekerja di perusahaan ini selama 4 tahun dan membutuhkan surat yang mencantumkan posisi, kerja, deskripsi singkat saya. Batas waktu pendaftaran beasiswa adalah 30 November 2024 sehingga saya sangat membutuhkan surat ini dalam minggu ini. Mohon jika ada biaya administrasi atau prosedur khusus yang berlaku dapat diinformasikan kepada saya. Atas perhatian dan bantuannya saya terima kasih.",Email HR,Sedang
"Kami memerlukan pengadaan 15 buah tanaman hias indoor beserta pot estetiknya untuk diletakkan di sudut-sudut koridor gedung kantor guna memberikan kesan asri dan segar. Pilihan tanaman difokuskan pada jenis yang mudah dirawat di dalam ruangan seperti lidah mertua atau monstera. Estimasi total biaya pembelian tanaman beserta jasa dekorasi awal ini adalah Rp 3.000.000. Proyek dekorasi estetika ini dapat dilaksanakan kapan saja tanpa mengganggu prioritas utama operasional. permohonan dari Indah Permatasari, departemen Umum.",Permintaan Pengadaan,Rendah
"Saya Latifah Nurul Divisi QA mengajukan pembelian 2 digital analitis merek Ohaus dengan tingkat ketelitian 0,1 miligram. Alat ukur lama laboratorium pengujian mutu sudah tidak konsisten hasil kalibrasinya dan lolos ambang batas kesalahan. Spesifikasi wajib angin (draftshield) bermaterial kaca transparan. Estimasi anggaran yang adalah 19.000.000.",Permintaan Pengadaan,Sedang
"Email dari Heru Setiawan, departemen Perencanaan Keuangan. Analisis realisasi budget semester pertama menunjukkan kelebihan penggunaan dana sebesar Rp 213.000.000 pada beberapa program strategis. Selisih tersebut terutama berasal dari biaya implementasi sistem baru yang tidak diperkirakan sebelumnya. Mohon dilakukan pembahasan khusus sebelum penyusunan revisi anggaran semester kedua.",Laporan Keuangan,Tinggi
"rekapitulasi dari Nurul Afifah, bagian Pajak Internal. Tim menemukan transaksi dengan nilai Rp 69.000.000 yang belum dimasukkan dalam perhitungan kewajiban pajak bulan lalu. Jika tidak segera diperbaiki, terdapat risiko koreksi saat pemeriksaan otoritas pajak. Mohon persetujuan untuk melakukan pembetulan pelaporan.",Laporan Keuangan,Tinggi
"Saya Farida Utami dari Divisi HRD mengajukan pengadaan software HRIS payroll berbasis cloud dengan lisensi tahunan untuk 150 karyawan perusahaan. Sistem pencatatan manual saat ini sudah tidak efisien dan sering menimbulkan kesalahan perhitungan lembur bulanan. Spesifikasi modul yang wajib ada meliputi manajemen absensi, perhitungan PPh 21, dan integrasi BPJS Kesehatan. Estimasi biaya langganan tahun pertama adalah Rp 45.000.000.",Permintaan Pengadaan,Sedang
"Selamat siang rekan-rekan IT. Belakangan ini baterai laptop saya sepertinya jadi lebih cepat habis dari biasanya, maksimal hanya tahan sekitar satu jam. Saya Rini dari Marketing, saat ini masih bisa bekerja normal karena selalu colok charger di meja kerja. Jika nanti ada stok baterai baru untuk tipe Lenovo ini, mohon saya dimasukkan ke daftar antrean ya. Terima kasih.",Tiket IT,Rendah
"pagi rekan HR. Saya ingin mengadukan bahwa akun payroll dan akses portal HRIS telah oleh pihak dikenal sejak tadi malam, di mana nomor rekening bank saya diubah secara sepihak di sistem. Saya khawatir informasi pribadi dan detail gaji saya disalahgunakan untuk tindakan kriminal atau pinjaman online. Mohon tim HR segera membekukan sementara saya melakukan investigasi forensik digital hari ini juga. Terima kasih. - Aditya Pratama, Divisi Digital Marketing.",Email HR,Tinggi
"Email dari Budi Santoso, Divisi Keuangan. Berdasarkan laporan laba rugi bulan terjadi penurunan bersih sebesar 18% dibanding bulan sebelumnya. Selisih berasal kenaikan biaya operasional sebesar Rp yang belum dianggarkan. Mohon dilakukan evaluasi segera terhadap seluruh divisi terkait karena berdampak langsung pada target kuartal ini.",Laporan Keuangan,Tinggi
Laporan pengeluaran bensin bagi kurir harus dilampiri struk asli dari pom Angka kilometer di speedometer difoto sebelum dan sesudah pengiriman barang hari itu. Klaim yang diajukan foto bukti kilometer tidak akan diproses oleh keuangan.,SOP,Sedang
"Email dari Joko Saputra, departemen Keuangan Regional. Arus kas masuk bulan ini mengalami penurunan hingga 35% dibanding rata-rata enam bulan terakhir. Beberapa pelanggan utama menunda pembayaran dengan total nilai Rp 348.000.000. Kondisi ini mulai memengaruhi kemampuan perusahaan memenuhi kewajiban operasional.",Laporan Keuangan,Tinggi
"Setiap ada rekapitulasi media mengenai krisis reputasi perusahaan, direktur komunikasi harus mengambil alih kendali informasi. Tidak ada satu pun kepala cabang yang boleh memberikan wawancara independen. Rapat krisis dewan direksi harus diselenggarakan maksimal dua jam pasca berita beredar.",SOP,Tinggi
"Laporan dari Bayu Wicaksono, Divisi Keuangan Proyek. Pengeluaran proyek ekspansi gudang telah mencapai Rp 391.000.000 sementara progres pekerjaan baru mencapai 55%. Kondisi ini menunjukkan adanya risiko overbudget pada fase berikutnya. Mohon evaluasi kontrak dan estimasi biaya tersisa.",Laporan Keuangan,Tinggi
"Untuk merapikan manajemen berkas bulanan, semua stopmap harus diganti dengan yang baru. Staf pengarsipan wajib mencetak ulang label nama folder menggunakan mesin pembuat label yang terstandarisasi. Dokumen rutin ini akan disimpan di rak besi dengan sistem penyusunan secara",SOP,Rendah
"Halo rekan HR, saya ingin mengirimkan berkas pengajuan reimbursement untuk biaya sewa kendaraan operasional dan tol selama melakukan kunjungan audit ke 5 pabrik mitra di Jawa Tengah minggu lalu. Nota pengeluaran asli beserta form kalkulasi jarak tempuh yang ditandatangani oleh manajer regional telah saya unggah dalam lampiran email ini. Mohon ditinjau agar pengembalian dana tersebut bisa dicairkan pada siklus tengah bulan Juni ini. Terima kasih banyak. - Eka Santoso, Divisi Quality Control.",Email HR,Sedang
"Divisi TI membutuhkan segera 5 unit laptop Dell XPS 15 dengan spesifikasi prosesor Intel i7, RAM 32GB, dan SSD 1TB untuk tim developer baru yang akan masuk minggu depan. Laptop yang ada saat ini tidak memadai untuk menjalankan software kompilasi berat yang dibutuhkan proyek. Estimasi total anggaran yang diajukan adalah sebesar Rp 150.000.000. Pengadaan ini sangat mendesak agar karyawan baru bisa langsung bekerja efektif sejak hari pertama. Pengajuan dari Bambang Wijaya, Kepala Divisi TI.",Permintaan Pengadaan,Tinggi
"Kepada tim saya Intan Permata dari Divisi Procurement. Saya mendapatkan informasi mengenai restrukturisasi yang berpotensi berdampak pada posisi saya. Karena informasi beredar masih simpang siur, saya berharap HR dapat memberikan penjelasan resmi status dan hak karyawan yang terdampak. informasi dapat disampaikan sesegera mungkin.",Email HR,Tinggi
"Halo HRD, saya Hendra Wijaya dari bagian Operasional. Saya ingin menanyakan apakah perusahaan memiliki program bantuan pendidikan atau pelatihan bersertifikat bagi tenaga kerja Saya tertarik mengikuti pelatihan yang dapat mendukung pengembangan karier saya. Mohon informasi apabila ada program yang sedang berjalan.",Email HR,Rendah
Saya Kiki Zakaria dari Divisi Media meminta pengadaan 1 unit kamera mirrorless Sony Alpha 7 IV beserta lensa kit 28-70mm untuk kebutuhan dokumentasi kegiatan internal perusahaan. Kamera lama yang digunakan staf humas mengalami kerusakan pada sensor gambar sehingga hasil foto bergaris vertikal. Perangkat ini sangat penting untuk pembaruan konten media sosial korporat. Estimasi harga total adalah Rp 36.000.000.,Permintaan Pengadaan,Sedang
Siang rekan-rekan IT. Database aplikasi inventory sepertinya crash karena semua inputan barang masuk hari ini tidak tersimpan sama sekali. Tim gudang tidak bisa melanjutkan proses penerimaan barang dari supplier yang sudah menumpuk di loading dock. Tolong jadikan prioritas karena ini membuat operasional gudang terhenti total.,Tiket IT,Tinggi
"Halo Tim IT, saya Dewi Kartikasari dari Divisi Accounting meminta pengecekan printer yang hasil cetaknya bergaris. Printer masih bisa digunakan, tetapi dokumen invoice menjadi kurang saat dicetak. Masalah ini sudah terjadi sejak kemarin setelah toner diganti. Mohon dibantu pengecekan kualitas cetak dan kalibrasi printer.",Tiket IT,Sedang
Standar kelengkapan papan putih ruang ruang sidang ideasi kecil terdiri atas dua warna pulpen spidol warna dan terang hitam merah dengan bantalan spons penghapus busa yang menempel magnet erat pada batang tepian alumuniumnya terjaga awet. Hindari penggunakan alat tulis marker spidol permanen non hapus tanpa air dan cairan kimia yang sangat merusak permukaan laminasi licin lapisan akriliknya ketika salah gambar coret di presentasinya berjalan berjam-jam alot. Bagi rapat yang dinding penuh corat coret diharap foto segera hasil jepret tulisannya memakai jinjing lalu sapu bersih permukaannya dari seluruh angka gambar yang terekam pasca rapat karena dilarang keras meninggalkan petunjuk pesan rahasia strategi pemasaran pada fasilitas milik bersama sering gonta ganti peruntukan divisi rapatnya jadwal dadakan dan umum ini.,SOP,Rendah
Saya Juwita Sartika dari Divisi Administrasi mengajukan pembelian 3 unit lemari arsip besi (filing cabinet) dengan 4 laci merek Lion. Dokumen fisik invoice dan perpajakan tahun lalu sudah menumpuk di atas meja kerja dan membutuhkan tempat penyimpanan yang aman serta tahan api. Spesifikasi yang diminta menggunakan sistem penguncian sentral demi keamanan dokumen. Estimasi total harga adalah Rp 10.500.000.,Permintaan Pengadaan,Sedang
"Halo Helpdesk IT, saya M. Ridwan dari Divisi Risk Management ingin meminta akses ke dashboard risiko operasional. Saya baru dipindahkan ke tim tersebut dan belum memiliki hak akses ke modul monitoring. Saat ini saya masih melihat data melalui akun rekan kerja, tetapi kurang ideal untuk pencatatan aktivitas. Mohon dibuatkan akses pribadi dengan role viewer atau sesuai arahan atasan.",Tiket IT,Sedang
"Kepada Yth. HRD Manager, Saya Rizky Adiputra dari Divisi IT Support bermaksud mengajukan permohonan mutasi ke Divisi Digital Transformation yang saat ini membuka lowongan internal. Saya merasa kompetensi dan pengalaman saya di bidang sistem dan jaringan selama 3 tahun sangat relevan dengan kebutuhan divisi tersebut. Selain itu, saya ingin mengembangkan karier di bidang transformasi digital yang lebih sesuai dengan rencana jangka panjang saya. Atasan di divisi saya saat ini sudah memberikan rekomendasi positif atas permohonan ini. Mohon HRD mempertimbangkan dan memberikan informasi mengenai proses seleksi internal yang berlaku.",Email HR,Sedang
"Saya, Joko Susilo dari Divisi Operasional, mengajukan penambahan stok 10 unit kipas berdiri untuk gudang. Pengadaan dilakukan sebagai persiapan menghadapi peningkatan aktivitas pada tahun depan. Spesifikasi yang dibutuhkan adalah 18 inci tiga tingkat kecepatan. harga Rp650.000 per unit.",Permintaan Pengadaan,Rendah
"Email dari Danu Prasetyo, departemen Finance Shared Service. Saat rekonsiliasi rekening ditemukan transaksi keluar sebesar Rp 127.000.000 yang belum memiliki referensi dokumen pendukung. Nilai tersebut cukup material terhadap saldo kas perusahaan. Investigasi diminta dilakukan sesegera mungkin mungkin.",Laporan Keuangan,Tinggi
"Email dari Vino Mahardika, Divisi Analisis Keuangan. Kinerja salah satu lini usaha menunjukkan penurunan margin kotor Rp 219.000.000 kuartalan. Kondisi dipengaruhi oleh biaya distribusi dan penurunan harga jual produk. Diperlukan langkah perbaikan agar tetap tercapai.",Laporan Keuangan,Tinggi
"rekap dari Niken Larasati, departemen Legal. Biaya konsultasi hukum dan administrasi kontrak bulan ini mencapai Rp 24.500.000. Pengeluaran tersebut digunakan untuk penyusunan dokumen kerja sama baru. Tidak terdapat biaya di luar anggaran yang telah disetujui.",Laporan Keuangan,Sedang
"Kepada tim HRD, saya Nisa Khairunnisa dari Divisi Layanan Pelanggan. Saya baru pindah alamat tempat tinggal dan ingin memperbarui data domisili pada perusahaan. juga ingin memastikan perubahan tersebut memerlukan dokumen pendukung tertentu. Mohon arahan lebih lanjut.",Email HR,Rendah
"Selamat pagi Tim HRD. Saya berencana melaksanakan ibadah Umroh pada bulan September mendatang dan ingin berkonsultasi mengenai hak cuti keagamaan yang difasilitasi oleh aturan perusahaan kita. Berapa hari kerja alokasi cuti khusus ibadah yang diberikan tanpa memotong kuota cuti tahunan reguler saya, dan dokumen konfirmasi dari biro travel apa saja yang wajib disertakan sebagai syarat formal? Mohon penjelasannya untuk pengaturan jadwal kerja tim. - Ryan Ardiansyah, Divisi Project Management Officer.",Email HR,Rendah
"Email Ahmad Fauzi, Divisi Finance Control. Berdasarkan evaluasi laporan keuangan konsolidasi Juni, ditemukan selisih pencatatan pendapatan Rp antara sistem ERP dan laporan cabang. Perbedaan tersebut memengaruhi hasil laporan kuartalan yang akan disampaikan kepada direksi. Mohon cabang melakukan verifikasi data transaksi paling lambat hari",Laporan Keuangan,Tinggi
"Email dari Celine Maharani, Divisi Learning Center. Kami mengusulkan anggaran Rp 52.000.000 untuk pengembangan modul pelatihan digital karyawan. Program ini direncanakan untuk meningkatkan efektivitas pembelajaran internal. Mohon persetujuan agar proses pengadaan dapat segera dimulai.",Laporan Keuangan,Sedang
"Selamat siang Tim HRD, saya ingin menanyakan kejelasan regulasi mengenai konversi sisa hak cuti tahunan yang tidak terpakai hingga akhir periode kalender kerja. Apakah perusahaan menyediakan opsi pembayaran uang kompensasi pengganti cuti (cash-out option) untuk staf di level operasional gudang, ataukah sisa jatah tersebut wajib dihanguskan tanpa ganti rugi apa pun? tolong konfirmasi tertulisnya agar kami bisa menyusun jadwal cuti dengan bijak. - Danang Sutopo, departemen Inventory Logistics.",Email HR,Rendah
Buku jurnal catatan pengunjung eksternal yang dipegang sekuriti di pintu utama akan direkap setiap penghujung bulan oleh staf umum administrasi. Buku yang sudah penuh lembarannya diarsipkan dalam loker gudang dan disimpan minimal selama periode tiga tahun ke depan. Setiap kolom buku wajib terisi data pelat nomor kendaraan apabila tamu memarkir mobil di pelataran.,SOP,Rendah
"Email dari Eko Susanto, Divisi Gudang. Laporan pengeluaran rutin untuk kebutuhan perlengkapan gudang tercatat sebesar Rp 4.500.000. Penggunaan dana masih berada dalam batas yang ditetapkan perusahaan. Tidak diperlukan penambahan anggaran pada periode ini.",Laporan Keuangan,Rendah
"Laporan dari Nia Oktaviani, Divisi Accounting Compliance. Ditemukan perbedaan pencatatan utang vendor sebesar Rp 131.000.000 sistem pembelian dan buku besar. tersebut berpotensi memengaruhi akurasi laporan neraca. Tim akuntansi sedang melakukan penelusuran transaksi terkait.",Laporan Keuangan,Tinggi
"bagian TI membutuhkan sesegera mungkin 5 unit laptop Dell XPS 15 dengan spesifikasi prosesor Intel i7, RAM 32GB, dan SSD 1TB untuk tim developer baru yang akan masuk minggu depan. Laptop yang ada saat ini tidak memadai untuk menjalankan software kompilasi berat yang dibutuhkan proyek. Estimasi total anggaran yang diajukan adalah sebesar Rp 150.000.000. Pengadaan ini sangat mendesak agar karyawan baru bisa langsung bekerja efektif sejak hari pertama. Pengajuan dari Bambang Wijaya, Kepala Divisi TI.",Permintaan Pengadaan,Tinggi
"Yth. Ibu HRD, Saya Nadia Rahmawati dari Divisi Marketing Communications ingin menanyakan prosedur pendaftaran program pelatihan internal yang dijadwalkan pada Desember 2024 sebagaimana diumumkan di papan informasi kantor. Saya tertarik mengikuti kelas Public Speaking dan Digital Marketing yang ada dalam daftar pelatihan tersebut. Apakah ada kuota peserta dan siapa yang berhak mengikuti program ini—apakah terbuka untuk semua level karyawan? Mohon juga diinformasikan apakah ada syarat persetujuan atasan sebelum mendaftar. Terima kasih.",Email HR,Rendah
"Yth. Tim IT, saya Reza Aditya dari departemen Marketing ingin menanyakan apakah ada standar penyimpanan file kampanye di OneDrive perusahaan. Tim kami ingin merapikan folder agar mudah dicari oleh anggota baru. Tidak ada kendala teknis yang mendesak saat ini. tolong informasi mengenai struktur folder yang direkomendasikan.",Tiket IT,Rendah
"Laporan dari Andra Kusnadi, Divisi Branch Administration. Biaya operasional kantor cabang selama periode ini tercatat sebesar Rp 11.400.000. Pengeluaran meliputi utilitas, komunikasi, dan kebutuhan administrasi rutin. Seluruh transaksi telah diverifikasi sesuai prosedur.",Laporan Keuangan,Sedang
"Laporan dari Niken Larasati, Divisi Legal. Biaya konsultasi hukum dan administrasi kontrak bulan ini mencapai Rp 24.500.000. Pengeluaran tersebut digunakan untuk penyusunan dokumen kerja sama baru. Tidak terdapat biaya di luar anggaran yang telah disetujui.",Laporan Keuangan,Sedang
"Kami mengajukan perpanjangan kontrak untuk jasa cleaning service kantor dengan vendor PT Bersih Sejahtera untuk periode 6 bulan ke depan. Layanan ini mencakup pembersihan area kerja, toilet, dan koridor harian oleh 2 orang personel kebersihan. Estimasi total nilai kontrak untuk setengah tahun ke depan adalah Rp 48.000.000. Kebersihan lingkungan kerja sangat krusial untuk kesehatan seluruh staf di kantor. permohonan dari Rizky Pratama, Divisi Pengelolaan Fasilitas.",Permintaan Pengadaan,Sedang
Pemisahan kantong sampah organik berbahan kulit buah buahan pisang dan sayur makan siang pantry tidak lagi digabung memakai kantung plastik hitam tebal ukuran tong besar buangan melainkan dialihkan menuju karung daur ulang kompos berpori warna goni serat di pekarangan belakang dapur. Keputusan peduli daur lingkungan limbah sampah di fasilitas area staf istirahat masak makan bertujuan mencicil sertifikasi kantor sehat akreditasi penilaian lingkungan daerah percontohan tingkat wilayah provinsi. Staf kebersihan diminta selalu menegur secara ramah apabila mendapati rekan pegawai kelupaan dan memasukkan kulit buah melon utuh secara serampangan tak beraturan pada celah tempat penampung keranjang kertas daur ulang bekas buangan file surat mesin fotokopi lantai dasar itu.,SOP,Rendah
Batas izin pendaftaran meminjam memutar piringan DVD video dokumenter pada proyektor ruang santai diskusi dibatasi untuk staf yang sekadar butuh sarana mencairkan ide buntu inspirasi konten desain sosial media saja. Seluruh daftar koleksi cakram padat dokumenter profil perusahaan tersebut bisa pinjam dengan pengawasan penjaga respsionis perpustakaan arsip multimedia dengan absensi penukaran ID Card aslinya. Disk yang dirasa sering berhenti tersendat macet diputar di harap dikomunikasikan kendala laporannya biar petugas staf segera menyisihkan cakram padat digital itu keluar sirkulasi pencatatan inventaris media kita aktif harian.,SOP,Rendah
Pengambilan paket belanjaan pribadi staf yang dikirim ke alamat kantor dilayani di meja ruang pos lantai dasar. Staf pos akan mengirimkan notifikasi pesan singkat apabila paket Anda telah tiba dan siap diambil. Paket yang tidak diambil lebih dari satu minggu akan dikembalikan ke pihak kurir pengantar.,SOP,Rendah
"Selamat pagi Tim HRD. Saya ingin melaporkan bahwa komparasi bonus performa kuartal pertama saya tidak sesuai dengan kesepakatan tertulis di kontrak kerja. Ada selisih nominal yang cukup besar yang belum ditransfer ke rekening saya bersamaan dengan gaji pokok kemarin. harap bantuannya untuk melakukan audit ulang slip bonus saya karena dana tersebut sangat saya butuhkan untuk biaya pengobatan darurat orang tua minggu ini. Terima kasih. - Hendra Wijaya, unit Sales.",Email HR,Tinggi
"AC sentral di ruang server utama mati total sejak dua jam lalu dan suhu ruangan melonjak drastis, berisiko merusak seluruh komputasi di dalamnya. Kami membutuhkan jasa perbaikan AC darurat serta pengisian freon dari vendor eksternal hari ini juga. Estimasi biaya pengerjaan cepat adalah Rp 4.500.000. Keterlambatan penanganan akan mengakibatkan overhead sistem yang merugikan seluruh operasional digital Hendra Wijaya, Divisi Umum dan Fasilitas.",Permintaan Pengadaan,Tinggi
Prosedur offboarding tenaga kerja yang mengundurkan diri kini mencakup proses wawancara keluar oleh HRD. Seluruh perangkat elektronik perusahaan harus dikembalikan maksimal pada hari kerja terakhir. Hak-hak finansial staf akan dibayarkan setelah formulir klirens diselesaikan.,SOP,Sedang
"Saya, Rudi Hartono dari mengajukan pengadaan 30 unit lampu LED hemat energi untuk area kantor. daya 18 watt dengan umur pakai panjang. harga per unit Rp120.000. Penggantian dilakukan dari program energi perusahaan.",Permintaan Pengadaan,Sedang
"Halo IT. Saya Yudi dari divisi Legal mau tanya sedikit soal VPN kantor. Apakah VPN kita bisa dipakai dari luar negeri tanpa kena blokir keamanan jaringan? Rencananya bulan depan saya ada dinas ke Singapura dan ingin memastikan. Tidak ada yang mendesak, tolong balas kalau sedang senggang saja.",Tiket IT,Rendah
"Email dari Hendra Kusnadi, Divisi Revenue Control. Pendapatan aktual bulan ini rendah Rp 207.000.000 dibanding target yang telah ditetapkan dalam rencana Penurunan terutama berasal dari berkurangnya volume penjualan pada segmen korporasi. Analisis lanjutan menentukan langkah perbaikan.",Laporan Keuangan,Tinggi
"Email dari Ilham Syahputra, Divisi Purchasing. order yang diterbitkan minggu ini memiliki total Rp 121.000.000 untuk kebutuhan perlengkapan operasional kantor pusat. vendor telah melalui proses evaluasi harga. Mohon pencatatan dalam jadwal pembayaran mendatang.",Laporan Keuangan,Sedang
"Apabila sistem navigasi udara darurat bandara mengalami malfungsi, menara harus langsung mengaktifkan sistem analog cadangan. komersial yang akan mendarat harus dialihkan ke bandara terdekat. Tim teknisi wajib memulihkan sistem navigasi maksimal dalam tiga puluh menit.",SOP,Tinggi
"dari Yudi Kurnia, Divisi Operasional. Realisasi biaya transportasi distribusi mencapai Rp 167.000.000 atau 41% di atas anggaran yang disetujui. Kenaikan dipicu rute dan biaya bahan bakar. Evaluasi menyeluruh perlu dilakukan untuk biaya lebih lanjut.",Laporan Keuangan,Tinggi
"Selamat pagi Tim HRD. Melalui email ini, saya ingin mengajukan cuti tahunan selama 4 hari kerja, terhitung mulai tanggal hingga 2026, karena ada keperluan renovasi rumah tinggal yang cukup mendesak. Seluruh tanggung jawab pekerjaan harian sudah saya serahkan kepada rekan satu tim saya, sdr. Firman, agar tidak mengganggu proyek Permohonan ini juga sudah mendapatkan persetujuan lisan dari manajer divisi. Mohon bantuannya untuk memproses validasi di sistem. - Andi Wijaya, Divisi Business Development.",Email HR,Sedang
"Yth. Pimpinan HRD, saya terpaksa mengirimkan email ini karena telah menjadi korban tindakan intimidasi psikologis yang menjurus ke arah pemerasan oleh salah satu oknum jajaran manajemen di divisi kami. Oknum tersebut mengancam akan memberikan penilaian kinerja buruk dan membatalkan bonus tahunan saya jika saya tidak menuruti permintaan pribadinya yang melanggar SOP. Saya merasa sangat tertekan, tidak aman, dan meminta sesi dengar pendapat darurat yang bersifat rahasia dengan tim penegak disiplin HR hari ini. - Amalia Putri, Divisi Purchasing.",Email HR,Tinggi
"Halo Tim IT, saya Wulan Sari dari Divisi Administrasi ingin bertanya mengenai cara mengganti tanda tangan email di Outlook. Saya perlu memperbarui nomor ekstensi dan jabatan terbaru pada signature. Saat ini saya belum menemukan menu pengaturannya di aplikasi desktop. Mohon dikirimkan panduan singkat ketika ada waktu.",Tiket IT,Rendah
"Kami mengajukan perpanjangan kontrak kerja sama untuk jasa cleaning service dengan vendor PT Resik Selaras untuk periode pengelolaan 6 bulan ke depan. Layanan kebersihan ini mencakup pemeliharaan rutin area lobi, ruang kerja pegawai ruang rapat, serta sanitasi menyeluruh 8 toilet di gedung kantor. Estimasi total nilai kontrak untuk setengah tahun ke depan adalah Rp 72.000.000 untuk 3 personel kebersihan. Kebersihan berkala ini penting untuk kenyamanan seluruh staf. usulan dari Rizky Pratama, Divisi Pengelolaan Fasilitas.",Permintaan Pengadaan,Sedang
"Yth. Tim HRD, Saya Yunita Andriani dari departemen Keuangan ingin bertanya mengenai prosedur dan persyaratan untuk mengajukan cuti penting di luar cuti tahunan, khususnya cuti untuk mengurus pernikahan saya yang rencananya akan berlangsung pada Februari 2025. Saya ingin memastikan berapa hari cuti pernikahan yang menjadi hak saya sesuai peraturan perusahaan dan apakah harus diambil bersamaan dengan hari H atau bisa dibagi. Apakah permohonan harus dilakukan berapa bulan sebelumnya dan dokumen apa saja yang diperlukan? Terima kasih atas penjelasannya.",Email HR,Rendah
SOP baru untuk penggunaan fasilitas printer 3D di lab riset mengharuskan pemesanan antrean terlebih dahulu. Spesifikasi bahan filamen yang digunakan harus disetujui oleh teknisi laboratorium. Desain cetak yang tidak berkaitan dengan proyek penelitian perusahaan akan langsung ditolak.,SOP,Sedang
PC Desktop yang digunakan oleh bagian kasir di showroom utama mengalami kerusakan pada motherboard dan tidak bisa menyala sama sekali. Kami membutuhkan 1 unit PC Desktop Dell OptiPlex core i5 lengkap dengan monitor 19 inci untuk menggantikannya hari ini. Estimasi harga unit baru tersebut adalah Rp11.500.000. Pengajuan ini disampaikan oleh Dewi Lestari dari Divisi Keuangan.,Permintaan Pengadaan,Tinggi
"Yth. Tim HRD, saya Arif Hidayat dari unit Operasional. Saya ingin melaporkan adanya tindakan intimidasi verbal dari atasan langsung yang terjadi beberapa kali dalam rapat tim. Situasi tersebut membuat saya merasa tidak nyaman dan berdampak pada kondisi psikologis serta kinerja saya. tolong bantuan HR untuk menindaklanjuti laporan ini secara rahasia.",Email HR,Tinggi
"Prosedur permintaan cuti sakit selama satu hari dapat dilakukan tanpa melampirkan surat keterangan dokter. Namun, jika cuti sakit berlanjut hingga hari kedua dan seterusnya, surat dokter wajib diunggah ke sistem portal absensi HRD. Ketidakhadiran tanpa keterangan yang jelas akan memotong kuota cuti tahunan.",SOP,Rendah
"Kami mengajukan permintaan pengadaan rutin bulanan berupa Alat Tulis Kantor (ATK) untuk kebutuhan seluruh staf di lantai 2 dan 3. Rincian barang yang dibutuhkan meliputi 20 rim kertas A4 80gr Sinar Dunia, 5 pak pulpen isi 12, dan 10 buah map file plastik. Estimasi total biaya untuk pemenuhan kebutuhan operasional ini adalah sebesar Rp 1.800.000. Stok ATK di lemari penyimpanan saat ini diperkirakan hanya cukup untuk 3 hari ke depan. usulan oleh Anita Sari, unit Umum dan Personalia.",Permintaan Pengadaan,Sedang
Tolong lakukan pengadaan 12 unit lampu LED industri Philips 40 Watt untuk menggantikan lampu merkuri lama di area koridor gudang distribusi. Beberapa titik lampu sudah redup dan sering berkedip sehingga mengurangi kenyamanan visual petugas logistik yang bekerja shift malam. Penggantian ini juga bertujuan untuk efisiensi daya listrik perusahaan. Estimasi total biaya material adalah Rp 3.600.000.,Permintaan Pengadaan,Sedang
Pemisahan antara tempat ibadah staf operasional wanita dan laki-laki pada mushola gedung barat kini telah diberikan garis pembatas kayu portabel di bagian tengah ruangan. tenaga kerja yang baru selesai merapikan saf diminta menggulung sajadahnya masing-masing jika jamaah sesi siang telah beranjak sepi. Rak sandal bagian luar agar dimanfaatkan dengan baik demi menjaga kesucian lantai teras utama tempat masuk ibadah harian ini.,SOP,Rendah
"Yth. HRD PT Gemilang Nusantara, Saya Taufik Ismail dari unit Purchasing bermaksud mengajukan reimbursement atas biaya pelatihan eksternal yang saya ikuti atas anjuran atasan pada tanggal 28–29 Oktober 2024. Biaya pendaftaran pelatihan Supply Chain Management tersebut sebesar Rp 3.500.000 dan sudah saya bayar sendiri dengan kesepakatan akan diganti perusahaan. Terlampir saya kirimkan bukti transfer, sertifikat keikutsertaan, dan ringkasan materi pelatihan sebagaimana dipersyaratkan. tolong konfirmasi apakah dokumen yang saya lampirkan sudah lengkap dan kapan pencairan dapat dilakukan. Terima kasih.",Email HR,Sedang
"Selamat pagi Tim IT, saya Aditia Fadli dari unit Fleet Management tidak bisa login ke sistem pelacakan kendaraan. Pesan yang muncul menyatakan kredensial tidak valid, padahal password yang digunakan masih sama seperti kemarin. Kami harus memantau armada pengiriman yang sedang berjalan pagi ini. minta segera dibantu reset password atau pengecekan akun saya.",Tiket IT,Tinggi
"Yth. HRD PT Bintang Timur, Saya Dian Permatasari dari departemen Kreatif ingin menanyakan informasi mengenai benefit kesehatan yang disediakan perusahaan, khususnya apakah biaya kacamata dan lensa kontak termasuk dalam tanggungan BPJS atau asuransi swasta yang diberikan perusahaan. Saya berencana mengganti kacamata saya bulan ini dan ingin memanfaatkan fasilitas yang ada agar tidak mengeluarkan biaya terlalu besar. Jika ada batas maksimum klaim dan prosedur usulan mohon dapat diinformasikan juga. Terima kasih atas penjelasannya.",Email HR,Rendah
Tumbangnya tower telekomunikasi utama perusahaan menuntut aktivasi rute koneksi satelit cadangan darurat. Tim engineer bergerak ke lokasi tower yang rubuh untuk melakukan inspeksi kerusakan. Layanan kepada klien VVIP harus diprioritaskan dalam pemulihan jaringan.,SOP,Tinggi
"Selamat siang, saya Bagas Setiawan dari unit Legal ingin menanyakan batas ukuran lampiran email kantor. Beberapa dokumen kontrak biasanya berukuran besar setelah dipindai. Saya ingin memastikan apakah sebaiknya dikirim lewat email atau melalui link penyimpanan cloud. minta informasi kebijakan yang berlaku.",Tiket IT,Rendah
"Saya, Yoga Pratama dari Divisi Pengembangan Bisnis, mengajukan pengadaan 1 unit layar interaktif untuk ruang inovasi. Spesifikasi ukuran 86 inci dengan fitur sentuh multi pengguna. Estimasi harga Rp55.000.000. Pengadaan bersifat tambahan untuk mendukung kolaborasi tim di masa mendatang.",Permintaan Pengadaan,Rendah
"Lisensi perangkat lunak Adobe Cloud Enterprise untuk orang desainer tim media kreatif telah habis masa berlakunya per hari ini. Hal ini menyebabkan seluruh pekerjaan pembuatan materi dan video peluncuran produk baru terhenti Kami meminta lisensi tahunan untuk 8 user tersebut secepatnya agar tim bisa melanjutkan produksi konten hari ini juga. Estimasi langganan tahunan ini adalah Rp 96.000.000. Pengajuan dari Rian Hidayat, Divisi Pemasaran Kreatif.",Permintaan Pengadaan,Tinggi
Manajemen kini memberlakukan prosedur cek referensi ganda bagi calon staf level manajerial ke atas. Tim rekrutmen wajib menghubungi minimal dua atasan dari perusahaan tempat kandidat bekerja sebelumnya. Hasil wawancara referensi harus dicatat dalam formulir konfidensial rekrutmen.,SOP,Sedang
Pengambilan paket belanjaan pribadi karyawan yang dikirim ke alamat kantor dilayani di meja ruang pos lantai dasar. Staf pos akan mengirimkan notifikasi pesan singkat apabila paket Anda telah tiba dan siap diambil. Paket yang tidak diambil lebih dari satu minggu akan dikembalikan ke pihak kurir pengantar.,SOP,Rendah
"Yth. Helpdesk IT, saya Ahmad Fauzi dari Divisi Operasional ingin bertanya apakah ada rekomendasi aplikasi resmi untuk kompres file PDF. Kami sering menerima dokumen hasil scan yang ukurannya cukup besar. Saya ingin memastikan aplikasi yang digunakan aman dan sesuai kebijakan perusahaan. Mohon informasi atau daftar aplikasi yang diperbolehkan.",Tiket IT,Rendah
"Yth. Pimpinan HRD, saya terpaksa mengirimkan email ini karena sudah tidak tahan dengan tindakan perundungan dan pelecehan verbal yang dilakukan oleh manajer unit saya selama dua bulan terakhir. Tindakan beliau yang sering membentak dengan kata-kata kasar di depan umum telah merusak harga diri dan kesehatan mental saya secara serius. Saya memiliki rekaman bukti audio dan ingin meminta jadwal pertemuan tertutup dengan tim tata tertib HRD besok pagi. harap perlindungan dan atensinya. - Silvia Anggraeni, Divisi Keuangan.",Email HR,Tinggi
"Laporan dari Niken Larasati, Divisi Legal. Biaya konsultasi hukum administrasi kontrak bulan ini mencapai 24.500.000. Pengeluaran tersebut digunakan untuk penyusunan dokumen kerja sama Tidak terdapat biaya luar telah disetujui.",Laporan Keuangan,Sedang
"Email dari Danu Prasetyo, Divisi Finance Shared Service. Saat rekening ditemukan transaksi sebesar Rp 127.000.000 yang belum memiliki referensi pendukung. Nilai cukup material terhadap saldo kas perusahaan. Investigasi diminta dilakukan sesegera mungkin.",Laporan Keuangan,Tinggi
"Kepada HRD PT Nusantara Sejahtera, Saya Bagas Wicaksono dari Divisi IT ingin meminta informasi mengenai cara mengakses slip gaji digital melalui aplikasi atau portal baru diluncurkan bulan lalu. belum berhasil login meskipun sudah mencoba menggunakan NIK dan tanggal lahir sebagai password default sebagaimana diinformasikan sebelumnya. Apakah ada penggunaan atau kontak helpdesk HR bisa saya hubungi untuk membantu proses aktivasi akun? slip gaji bulan Oktober untuk keperluan administrasi pribadi. Terima kasih.",Email HR,Rendah
"Yth. Tim IT, saya Anggi Purnama dari unit Project Management mengalami issue VPN saat bekerja dari lokasi proyek. VPN berhasil login, tetapi semua aplikasi internal tetap tidak bisa dibuka. Hari ini saya harus mengunggah laporan progres proyek untuk rapat steering committee. Mohon bantuan segera karena deadline pengiriman laporan adalah pukul 15.00.",Tiket IT,Tinggi
"Halo rekan HRD, saya mengabarkan bahwa siang ini terjadi kecelakaan kerja serius di area operasional mesin stamping nomor 4. Jari tangan kanan salah satu operator kami, sdr. Dani, terjepit material plat besi hingga mengalami luka robek parah dan pendarahan hebat. Saat ini korban sudah dievakuasi ke IGD Rumah Sakit Medika. Mohon perwakilan HR segera datang untuk membantu pengurusan berkas klaim JKK BPJS Ketenagakerjaan karena penanganan rumah sakit membutuhkan jaminan secepatnya. - Rahmat Hidayat, Divisi Produksi.",Email HR,Tinggi
Saya Elang Perkasa dari Divisi Legal membutuhkan 2 unit alat penghancur kertas (paper shredder) duty merek Secure Maxi untuk memusnahkan dokumen negara sebelum audit eksternal hari Jumat. Alat yang ada saat ini sering macet dan motor penggeraknya sudah terbakar karena penggunaan berlebih. Spesifikasi wajib cross-cut dan kapasitas wadah minimal 30 liter. Estimasi harga adalah Rp 8.200.000.,Permintaan Pengadaan,Tinggi
"Bila terjadi mogok kerja massal tanpa pemberitahuan, manajemen puncak harus segera mengamankan aset-aset vital perusahaan. Akses masuk ke fasilitas pabrik akan dikunci oleh pihak keamanan internal. Negosiasi dengan perwakilan serikat pekerja wajib dilakukan di lokasi netral.",SOP,Tinggi
"Yth. Tim HRD, Saya Yusuf Hadisaputra dari Divisi General Affairs ingin menanyakan kebijakan perusahaan mengenai cuti bersama apakah karyawan tetap wajib mengikuti atau bisa memilih masuk kerja dengan kompensasi tertentu. Saya memiliki proyek dengan tenggat yang berdekatan dengan periode cuti bersama akhir tahun dan ingin memastikan opsi yang tersedia bagi saya. Apakah ada formulir khusus yang perlu diisi jika memutuskan masuk kerja saat cuti bersama? Mohon informasinya agar saya dapat segera mengatur jadwal pekerjaan dengan baik. Terima kasih.",Email HR,Rendah
"Email dari Yolanda Sari, Divisi Procurement Support. Rekap invoice penyedia jasa pelatihan menunjukkan total tagihan sebesar Rp 54.000.000. Dokumen pendukung dan berita acara kegiatan telah diterima lengkap. Mohon penjadwalan pembayaran pada siklus berikutnya.",Laporan Keuangan,Sedang
"Selamat pagi HRD, saya Reza Firmansyah dari Divisi Pengadaan. Saya ingin menanyakan kembali mengenai kebijakan perusahaan terkait jumlah maksimum cuti tahunan yang dapat dibawa ke tahun berikutnya. Saya belum menemukan informasi yang jelas pada dokumen yang saya miliki. Mohon penjelasan agar saya dapat merencanakan penggunaan cuti dengan lebih baik.",Email HR,Rendah
Insiden kekerasan antar karyawan di area kantor wajib ditengahi langsung oleh pihak sekuriti. Pelaku kekerasan akan langsung diserahkan kepada pihak jika menyebabkan cedera serius. Karyawan yang terlibat langsung dikenakan sanksi PHK tanpa surat peringatan lanjutan.,SOP,Tinggi
"Kami membutuhkan perpanjangan lisensi tahunan software desain grafis CorelDRAW Graphics Suite sebanyak 3 unit untuk tim kreatif. Lisensi ini akan habis masa berlakunya dalam waktu dua minggu ke depan, sehingga perlu diperbarui agar pekerjaan desain promo tidak terhenti. Estimasi harga lisensi tahunan ini adalah Rp16.500.000. Permintaan diajukan oleh Kevin Wijaya dari unit Kreatif.",Permintaan Pengadaan,Sedang
Program magang mahasiswa di perusahaan kita kini memiliki kurikulum tugas yang terstruktur. Mentor dari setiap bagian harus memastikan pemagang tidak diberikan pekerjaan yang bersifat sangat rahasia. Penilaian akhir pemagang dikirim langsung ke universitas pengirim setelah program selesai.,SOP,Sedang
Sistem buku majalah edisi terbaru dari sudut baca lobi ruang tunggu hanya diperbolehkan untuk durasi jam istirahat saja. Karyawan tidak dibenarkan membawa pulang majalah tersebut tamu perusahaan lain tetap membacanya. Semua bahan bacaan cetak ini wajib langsung dikembalikan tepat ke posisi rak susun agar ruangan tetap tampak dan,SOP,Rendah
"Selamat siang Tim HRD, ingin menanyakan kejelasan regulasi mengenai sisa hak cuti yang tidak terpakai hingga akhir periode kalender kerja. Apakah perusahaan menyediakan opsi pembayaran uang pengganti cuti (cash-out option) untuk staf di level operasional gudang, sisa jatah tersebut wajib dihanguskan tanpa ganti rugi apa konfirmasi tertulisnya agar kami bisa menyusun jadwal cuti dengan bijak. Danang Sutopo, Inventory Logistics.",Email HR,Rendah
"Selamat pagi tim IT, mohon bantuannya untuk mereset password akun SAP saya secepat mungkin. Akun saya terkunci karena salah memasukkan tiga kali pagi Saya harus segera memproses approval dokumen pengiriman barang yang sudah ditunggu oleh logistik. Terima kasih dari Joko di divisi",Tiket IT,Tinggi
Ancaman penculikan terhadap petinggi perusahaan atau keluarganya memicu aktivasi protokol pengamanan eksekutif. Tim pengawal pribadi akan langsung mengevakuasi VIP ke lokasi perlindungan rahasia. Koordinasi intensif dengan satuan anti-teror kepolisian wajib segera diinisiasi.,SOP,Tinggi
Prosedur penghentian produksi massal harus diaktifkan jika terdeteksi cacat produk yang Tim quality control berhak menahan seluruh pengiriman barang dari gudang Investigasi menyeluruh wajib dilakukan sebelum produksi dapat dilanjutkan kembali.,SOP,Tinggi
"Kami membutuhkan jasa kontraktor eksternal untuk melakukan pengecatan ulang dinding luar (fasad) gedung kantor yang mulai kusam dan akibat musim lalu. Tampilan luar gedung yang bersih sangat penting untuk menjaga impresi profesional di mata berkunjung. Estimasi biaya untuk pengerjaan jasa borongan ini adalah Rp 35.000.000 termasuk bahan cat cuaca ekstrem. Pengajuan dari Bagus Permadi, Divisi Umum.",Permintaan Pengadaan,Sedang
"Laporan dari Siska Ramadhani, Divisi SDM. Kami mengusulkan anggaran tambahan sebesar Rp 37.000.000 untuk program sertifikasi karyawan. Program ini ditujukan untuk meningkatkan kompetensi teknis dan mendukung target perusahaan. Mohon persetujuan sesuai mekanisme yang berlaku.",Laporan Keuangan,Sedang
Dokumen nota pembayaran kas kecil yang telah diproses harus disimpan map odner Pengarsipan dilakukan secara berurutan berdasarkan tanggal transaksi transaksi terakhir. Map odner tersebut diletakkan di lemari arsip terkunci di sudut ruangan keuangan.,SOP,Rendah
"IT, darurat sekali. Laptop saya tiba-tiba layarnya terkunci dan muncul peringatan merah yang meminta tebusan uang. Semua file Excel di folder berubah ekstensinya menjadi aneh. Saya cabut sementara dari jaringan LAN agar menyebar ke komputer lain. Mohon segera kirim teknisi ke meja saya di divisi Legal.",Tiket IT,Tinggi
"Sehubungan dengan rusaknya switch core jaringan utama di lantai 3, koneksi internet untuk seluruh staf operasional saat ini terputus total. Kami meminta pengadaan darurat 1 unit Cisco Catalyst Switch 24-Port untuk menggantikan perangkat yang terbakar tersebut akibat lonjakan arus listrik. Estimasi biaya yang diperlukan adalah Rp 28.000.000 dan vendor siap mengirimkannya hari ini juga jika PO diterbitkan. permohonan oleh Agus Susanto, unit Jaringan dan Komunikasi.",Permintaan Pengadaan,Tinggi
"Selamat siang Bapak/Ibu HRD. Saya membutuhkan Surat Keterangan Penghasilan (SKP) dalam format untuk melengkapi dokumen persyaratan pengajuan kredit kepemilikan kendaraan bermotor (KKB) bank Mohon surat tersebut memuat rincian gaji pokok beserta tunjangan tetap selama 3 bulan tangan basah manajemen HRD. Bila dokumen sudah rampung, saya akan langsung di kubikel bagian penggajian. - Yoga Pratama, Divisi Network Engineer.",Email HR,Sedang
"Email dari Wahyu Aditya, Divisi General Affair. Kami mengajukan anggaran sebesar 58.000.000 untuk furnitur ruang kerja yang tidak layak Inventaris tersebut telah digunakan lebih dari delapan tahun. Mohon evaluasi dan persetujuan sesuai pengadaan.",Laporan Keuangan,Sedang
"Laporan dari Citra Wulandari, Divisi Administrasi. Rekap pembelian alat kantor minggu mencapai Rp 1.250.000. Seluruh pembelian telah sesuai kebutuhan operasional harian. Tidak ada permintaan tambahan yang memerlukan persetujuan",Laporan Keuangan,Rendah
"Email dari Fajar Anugrah, unit Pengendalian budget Hasil evaluasi triwulan menunjukkan biaya lembur karyawan mencapai Rp 205.000.000 atau 63% di atas anggaran yang telah disetujui. Kenaikan terjadi pada beberapa unit operasional yang mengalami peningkatan beban kerja. Mohon dilakukan review menyeluruh terhadap kebijakan penjadwalan tenaga kerja untuk mengendalikan biaya.",Laporan Keuangan,Tinggi
"Laporan dari Ayu Lestari, Divisi Administrasi. Pengeluaran operasional kantor cabang selama periode berjalan tercatat sebesar Rp 9.800.000. Biaya mencakup utilitas, perlengkapan kantor, dan kebutuhan administrasi rutin. Seluruh transaksi telah didukung bukti yang lengkap.",Laporan Keuangan,Sedang
Manajemen kini memberlakukan prosedur cek referensi ganda bagi calon karyawan level manajerial atas. Tim rekrutmen wajib menghubungi minimal dua atasan dari perusahaan tempat kandidat bekerja sebelumnya. Hasil wawancara referensi harus dicatat dalam formulir konfidensial rekrutmen.,SOP,Sedang
"Divisi memerlukan penambahan 4 buah tempat sampah pilah (organik, anorganik, b3) berbahan plastik tebal untuk diletakkan di koridor utama kantor. Pengadaan ini bertujuan mendukung program kantor hijau ramah lingkungan serta mempermudah pengelolaan limbah domestik harian. Estimasi biaya untuk 4 set tempat sampah pilah tersebut Rp 2.400.000. Langkah kecil ini diharapkan meningkatkan kesadaran lingkungan staf. Pengajuan dari Fitri Handayani, Divisi",Permintaan Pengadaan,Sedang
"Perusahaan membutuhkan 5 software Autodesk AutoCAD secara instan untuk tim arsitek proyek pembangunan pabrik waktunya dipercepat bulan depan. Lisensi yang ada ini sudah terpakai semua, sehingga staf baru bisa mendesain gambar teknik. Estimasi untuk lisensi tahunan ini adalah Rp 110.000.000. Persetujuan segera sangat dinantikan agar jadwal konstruksi tidak bergeser. dari Mega Utami, Divisi Manajemen Proyek.",Permintaan Pengadaan,Tinggi
"Laporan dari Hafiz Ramadhan, Divisi Technical Support. Pengeluaran operasional pusat layanan teknis tercatat sebesar Rp 28.600.000 selama periode ini. Dana digunakan untuk penggantian peralatan kerja dan kebutuhan pemeliharaan sistem. Tidak ditemukan pengeluaran yang menyimpang dari anggaran.",Laporan Keuangan,Sedang
"Selamat siang Bapak/Ibu di bagian HR. Saya membutuhkan Surat Keterangan Kerja (SKK) yang menyatakan bahwa saya adalah karyawan aktif di perusahaan ini untuk keperluan pengajuan KPR ke bank. Mohon surat tersebut ditandatangani oleh pejabat HR yang berwenang dan dicap resmi perusahaan. Jika sudah selesai, mohon informasikan agar saya bisa mengambilnya di meja HRD. Terima kasih banyak. - Joko Widodo, Divisi Teknik.",Email HR,Sedang
"Saya Mahdi Wijaya dari bagian HSE mengajukan pengadaan 15 unit tabung Pemadam Api Ringan (APAR) jenis Powder kapasitas 4,5 kg untuk pembaruan fasilitas keselamatan gedung. Tabung APAR yang terpasang di koridor barat sudah memasuki masa kedaluwarsa media pemadamnya dan beberapa tabung mengalami penurunan tekanan jarum indikator. Estimasi biaya pengadaan unit baru ini adalah Rp 9.750.000.",Permintaan Pengadaan,Sedang
"Selamat siang Tim IT, saya Maya Lestari dari Divisi HR tidak bisa mengakses folder jaringan payroll. Pesan yang muncul adalah access denied, padahal sebelumnya saya rutin menggunakan folder tersebut. Hari ini adalah batas akhir finalisasi data gaji karyawan. Mohon segera dipulihkan aksesnya karena proses payroll tidak bisa dilanjutkan tanpa file tersebut.",Tiket IT,Tinggi
"Selamat pagi Tim HRD. Melalui email ini, saya bermaksud mengajukan cuti tahunan selama 3 hari kerja, terhitung mulai tanggal 16 hingga 18 Juni 2026, dikarenakan harus menghadiri upacara adat pemakaman keluarga besar di Bali. Seluruh dokumentasi pekerjaan harian dan status tiket kendala nasabah telah saya serahkan penanganannya kepada sdr. Yoga. Permohonan ini sudah disetujui secara digital oleh supervisor saya. Mohon bantuannya untuk diproses di sistem HRIS. - Ketut Darmawan, Divisi Customer Support.",Email HR,Sedang
"Saya, Farah Nabila dari Divisi SDM, mengajukan pengadaan 1 unit smart TV 75 inci untuk ruang pelatihan. Perangkat mendukung konektivitas nirkabel dan presentasi digital. Estimasi harga Rp18.000.000. Pengadaan digunakan untuk kegiatan pelatihan dan sosialisasi internal.",Permintaan Pengadaan,Sedang
Divisi merencanakan penambahan fasilitas area tunggu tamu berupa sofa baru meningkatkan kenyamanan estetik di lobi utama Kami mengajukan pengadaan 1 set Sofa Minimalis Informa berwarna netral untuk kebutuhan jangka panjang. Estimasi yang dialokasikan untuk furniture ini adalah Rp5.500.000. Pengajuan dikirim oleh Ari Wibowo dari Divisi Human Resources.,Permintaan Pengadaan,Rendah
"Email dari Fajar Nugroho, Divisi Treasury. Dana cadangan perusahaan turun menjadi Rp 25.000.000 setelah beberapa pembayaran mendesak dilakukan. Dalam dua minggu ke depan terdapat kebutuhan operasional tambahan sebesar Rp 180.000.000. Mohon persetujuan penggunaan fasilitas kredit jangka pendek.",Laporan Keuangan,Tinggi
"Halo Helpdesk IT, saya M. Ridwan dari Divisi Risk Management ingin meminta akses ke dashboard risiko operasional. Saya baru dipindahkan ke tim tersebut dan belum memiliki hak akses ke modul monitoring. ini saya masih melihat data melalui akun rekan kerja, kurang ideal untuk pencatatan aktivitas. Mohon dibuatkan akses pribadi dengan viewer atau sesuai arahan atasan.",Tiket IT,Sedang
Selamat pagi tim. Laptop yang saya gunakan saat ini layarnya sudah mulai bergaris-garis kuning di bagian pinggir. Saya Eko dari divisi Operasional ingin mengajukan permohonan penggantian unit laptop baru. Kinerja laptop juga sudah sangat lambat saat membuka banyak tab operasional harian. Mohon diinformasikan prosedur penukarannya seperti apa.,Tiket IT,Sedang
Karyawan yang bertugas pembicara mewakili perusahaan di acara seminar publik wajib mengoordinasikan materinya dengan divisi Salindia presentasi harus bebas dari data internal perusahaan yang bersifat konfidensial. yang didapat dari pihak penyelenggara wajib dilaporkan sesuai kebijakan benturan,SOP,Sedang
"Selamat pagi Tim IT, saya Laras Puspitasari dari unit Administration ingin meminta informasi jadwal backup data server bersama. Tim kami ingin memahami kapan data folder departemen dicadangkan. Tidak ada file yang hilang atau problem akses saat ini. Mohon penjelasan singkat mengenai frekuensi backup dan prosedur pemulihan jika suatu saat diperlukan.",Tiket IT,Rendah
"Selamat siang Tim HRD, saya ingin mengajukan pertanyaan seputar aturan hangusnya hak cuti tahunan staf Apakah sisa cuti tahun 2025 yang belum saya gunakan sebanyak 3 hari masih bisa diakumulasikan dan diperpanjang hingga akhir semester tahun ini, ataukah otomatis hangus per tanggal 30 Juni besok? harap konfirmasinya karena saya berencana menggunakannya untuk keperluan keluarga bulan depan. Terima kasih atas waktunya. - Dian Sastro, Divisi Creative Content.",Email HR,Rendah
Format penulisan tanda tangan otomatis atau signature pada surel resmi karyawan wajib seragam mencantumkan logo perusahaan terbaru. Informasi nomor ponsel pribadi boleh dihilangkan jika karyawan tidak nyaman menampilkannya di korespondensi luar. Gunakan jenis huruf Arial dengan ukuran standar dua belas poin pada tulisan tersebut.,SOP,Rendah
Penggunaan ruang rapat eksekutif hanya diperuntukkan bagi pertemuan tingkat manajerial ke atas. Pemesanan ruangan harus dilakukan melalui resepsionis utama gedung. Dilarang membawa makanan berat dan berbau menyengat ke dalam ruang rapat eksekutif.,SOP,Sedang
Kerusakan struktural pada bangunan pabrik akibat cuaca ekstrem harus dilaporkan secepatnya ke manajer operasional. Area yang rusak wajib dipasangi garis polisi untuk mencegah tenaga kerja masuk. Penilaian teknis dari insinyur sipil dibutuhkan sebelum area tersebut dapat digunakan lagi.,SOP,Tinggi
Aturan dasar merapikan kabel colokan alat pengisi daya perangkat pegawai agar dijalin pada lubang bundar meja standar untuk tidak berantakan menjuntai silang melintang. Meja rapi dari silang sengkarut juntaian kabel terbukti mampu menaikkan nilai estetik kunjungan klien divisi inspeksi standar area bekerja kita. Segera hubungi pihak penyedia layanan alat penataan komputer apabila colokan yang tersedia terlalu jauh dari meja kursi untuk dilakukan pemasangan saluran aman listrik yang tepat.,SOP,Rendah
"Selamat pagi Tim HRD. Saya berencana melangsungkan pernikahan pada bulan Oktober mendatang dan ingin menanyakan mengenai hak cuti menikah yang diberikan oleh perusahaan. Berapa hari kerja jatah cuti khusus pernikahan yang bisa diambil, dan dokumen apa saja yang wajib saya lampirkan sebagai syarat sah usulan nanti? harap arahannya agar saya bisa menjadwal ulang cuti jauh-jauh hari. Terima kasih. - Fajar Nugraha, Divisi Rantai Pasok.",Email HR,Rendah
"Saya Mahdi Wijaya dari Divisi HSE mengajukan pengadaan 15 unit tabung Pemadam Api Ringan (APAR) jenis Powder kapasitas 4,5 kg untuk pembaruan fasilitas keselamatan gedung. Tabung APAR yang terpasang di koridor barat sudah memasuki masa kedaluwarsa media pemadamnya dan beberapa tabung mengalami penurunan tekanan jarum indikator. Estimasi biaya pengadaan unit baru ini adalah Rp 9.750.000.",Permintaan Pengadaan,Sedang
"Kepada Yth. Tim HRD, saya menulis email ini untuk mengajukan permohonan mutasi antar divisi, dari divisi Customer Service ke divisi Digital Marketing. Saya merasa keahlian baru yang saya pelajari dalam setahun terakhir lebih cocok dan dapat memberikan kontribusi lebih besar di divisi marketing. Atasan saya saat ini sudah memberikan lampu hijau terkait rencana kepindahan ini. Mohon informasi mengenai jadwal wawancara internal atau tes yang harus saya lalui. - Linda Kartika, Divisi Pelayanan Pelanggan.",Email HR,Sedang
Proses pencairan dana bonus akhir tahun akan dilakukan maksimal di minggu ketiga bulan Desember. Karyawan yang mendapatkan surat peringatan tingkat dua pada tahun berjalan tidak berhak atas bonus tersebut. Pajak atas bonus akan dipotong secara langsung sesuai regulasi tarif progresif yang berlaku.,SOP,Sedang
"Halo Tim IT, saya Prita Ayuningtyas dari Divisi Finance ingin menanyakan cara mengarsipkan email lama tanpa menghapusnya. Kotak masuk saya mulai dan muncul peringatan kapasitas hampir mencapai batas. Saat ini email masih bisa digunakan normal. Mohon dikirimkan panduan singkat untuk membuat arsip yang",Tiket IT,Rendah
"Laporan dari Intan Permatasari, Divisi Operasional. Pengeluaran utilitas kantor selama bulan berjalan tercatat sebesar Rp Biaya meliputi listrik, air, dan layanan internet perusahaan. Tidak ditemukan penyimpangan signifikan dibanding periode",Laporan Keuangan,Sedang
menjahit seragam robek untuk pertolongan darurat pada celana kerja difasilitasi disediakannya perlengkapan jahit dasar di loker serba guna resepsionis lantai Karyawan pengguna diwajibkan menancapkan berhati-hati pada bantalan bola kapas kecilnya usai digunakan supaya tangan staf selanjutnya tidak tertusuk mendadak. set mini jahit ini dilarang dibawa beranjak bangku panjang lobi gedung untuk mencegah inventaris tersebut hilang secara tidak sengaja.,SOP,Rendah
"Pagi IT. Saya Rika dari Procurement merasa notebook saya menyalanya agak lama setiap kali baru dihidupkan di pagi hari. Butuh waktu sekitar lima menit sampai masuk ke desktop Windows dengan sempurna. Selama jam kerja performanya normal-normal saja, jadi tidak mengganggu operasional sama sekali. Hanya sekadar melaporkan, mungkin bisa dicek saat maintenance rutin bulan depan.",Tiket IT,Rendah
"Email dari Wulan Safitri, Divisi Finance Planning. Hasil monitoring menunjukkan biaya utilitas pabrik meningkat menjadi Rp 156.000.000 pada bulan ini. Nilai tersebut jauh di atas rata-rata historis dan belum tercermin dalam anggaran tahunan. Analisis penyebab kenaikan perlu segera dilakukan.",Laporan Keuangan,Tinggi
"Laporan dari Dian Puspita, Divisi Akuntansi. Hasil penutupan buku sementara menunjukkan kerugian operasional sebesar akibat peningkatan biaya bahan baku. Kondisi ini berbeda signifikan dibanding proyeksi awal yang memperkirakan Diperlukan analisis mendalam sebelum laporan final diterbitkan.",Laporan Keuangan,Tinggi
"rekapitulasi dari Galih Setiawan, unit Inventory Support. Dana kas kecil digunakan sebesar Rp 760.000 untuk pembelian label inventaris dan perlengkapan administrasi gudang. Seluruh transaksi telah didukung bukti pembayaran yang sah. Tidak ditemukan penggunaan dana di luar kebutuhan operasional.",Laporan Keuangan,Rendah
Pengendalian suplai jumlah pemesanan alat ikat kabel pengencang zip tie tebal ukuran standar pengikat paket pengiriman sortir digudang pemilahan wajib dievaluasi laporan buangan potongannya agar divisi akuntansi pemrosesan laporan sisa belanja perlengkapan logistik bulan ini tidak banyak berselisih angka pemborosan hitungan unit yang tercecer sisa potongan klem sampahnya berhambur. Supervisor lantai penyortiran dapat menempatkan kotak kardus ukuran ember bak untuk memuat buangan plastik putus kepala kuncian kabel tie rusak di seluruh tiang ujung lajur periksa kualitas QC dan di larang keras pekerja menjejali sampah itu membaur kantong kardus besar sampah bungkus paket selotip pelanggan kita supaya mudah diserahkan vendor limbah bahan khusus pada giliran Sabtu pungutnya nanti sebulan sekali jadwal. Apabila kuncian zip dirasa terlampau licin dan gampang longgar kancingannya dimohon untuk staf sortir merekam pendek di aplikasi ponsel dan dilaporkan vendor pengirim supaya alat kerja pengikat itu di retur kirim ganti stok barang bermerk nomor kualifikasi ketahanan kuat sesuai SNI resmi perjanjian di kontrak draf pengadaan tender suplai awal alat kerjanya agar paketan pengirim ekspedisi tak terbuka terurai paksa dalam lemparan keranjang kargo rute muatan pesawat angkut harian nanti jauh.,SOP,Rendah
"rekap dari Celine Putri, departemen Pengendalian Proyek. Biaya pengembangan fasilitas pendukung operasional telah mencapai Rp 389.000.000 dan mendekati batas maksimum anggaran. Beberapa pekerjaan tambahan masih perlu diselesaikan dalam bulan ini. Diperlukan evaluasi terhadap ruang lingkup proyek untuk menghindari overbudget.",Laporan Keuangan,Tinggi
"Halo Tim IT, saya Vina Rahmawati dari Divisi Call Center melaporkan bahwa aplikasi telepon pelanggan tiba-tiba tidak bisa digunakan. Semua agen di meja saya tidak dapat menerima maupun melakukan panggilan keluar. Saat ini antrean pelanggan meningkat dan laporan komplain tidak bisa ditangani dengan normal. Mohon segera dicek karena layanan pelanggan sedang terganggu total.",Tiket IT,Tinggi
"Selamat sore IT, saya Galih Prakoso Divisi Logistik performa laptop kerja. beberapa hari terakhir laptop sering lambat membuka aplikasi Excel dan browser secara Pekerjaan masih bisa berjalan, tetapi proses input data pengiriman menjadi lebih dilakukan pengecekan memori, storage, dan kemungkinan update sistem.",Tiket IT,Sedang
"Saya, Melati Sari dari Divisi Keuangan, mengajukan pengadaan 2 unit mesin penghitung uang. Spesifikasi dilengkapi fitur deteksi uang palsu. Estimasi harga per unit Rp7.000.000. Perangkat akan meningkatkan efisiensi proses kas harian.",Permintaan Pengadaan,Sedang
Insiden kerusuhan massa di sekitar gedung kantor mengharuskan penutupan seluruh pintu gerbang lapis baja. pegawai dilarang keluar gedung dan wajib menjauhi dinding kaca bagian luar. Sekuriti bertugas memonitor situasi via CCTV dan berkoordinasi dengan aparat militer jika perlu.,SOP,Tinggi
Penghancuran stempel karet perusahaan yang memuat logo divisi lama wajib diserahkan pengurusannya langsung kepada departemen pengadaan untuk menghindari penyalahgunaan. Stempel lama tersebut akan dihancurkan dengan cara diiris bagian karet profilnya sehingga tidak dapat lagi dipakai mengecap kertas resmi. Proses ini cukup disaksikan oleh satu perwakilan sekretaris divisi asal yang kemudian menandatangani formulir berita acara singkat.,SOP,Rendah
"Selamat siang Bapak/Ibu HR, saya ingin memberikan masukan kecil mengenai kondisi fasilitas fisik di ruang menyusui (laktasi) yang berada di lantai 4 gedung kita. Saat ini lemari es khusus penyimpanan ASI perah di ruangan tersebut kurang berfungsi optimal karena suhunya tidak stabil, sehingga dikhawatirkan merusak kualitas ASI teman-teman karyawati. Mohon dibantu untuk koordinasi perbaikan atau pemeliharaan perangkat tersebut demi kenyamanan bersama. - Fitri Handayani, Divisi Customer Experience.",Email HR,Rendah
"Halo HRD, saya Eko Prasetyo dari unit Teknologi Informasi. Saya ingin mengajukan reimbursement pembelian perangkat pendukung kerja yang sebelumnya telah mendapatkan persetujuan dari manajer. Bukti pembelian dan formulir permohonan sudah saya lampirkan pada email ini. Mohon konfirmasi terkait estimasi waktu proses pencairan.",Email HR,Sedang
Selamat siang Tim saya Ilham Maulana dari Divisi Procurement membutuhkan instalasi SAP GUI di laptop kerja. Saya mulai ditugaskan untuk input purchase order belum memiliki aplikasi tersebut. Saat ini pekerjaan masih dibantu rekan satu tim. Mohon dibantu instalasi dan konfigurasi koneksi ke server SAP.,Tiket IT,Sedang
"Kami minta pengadaan 2 unit printer multifungsi (cetak, scan, salin) merk Epson L3210 untuk ditempatkan di unit hukum dan perpajakan. Printer yang lama sering mengalami paper jam sehingga menghambat proses pencetakan dokumen perjanjian kontrak yang tebal. Estimasi biaya untuk pembelian kedua printer ini adalah Rp 6.200.000. Keberadaan printer baru akan sangat menghemat waktu pengerjaan dokumen berkas hukum. Pengajuan dari Guntur Wibowo, Divisi Hukum.",Permintaan Pengadaan,Sedang
"report dari Andra Kusnadi, bagian Branch Administration. Biaya operasional kantor cabang selama periode ini tercatat sebesar Rp 11.400.000. Pengeluaran meliputi utilitas, komunikasi, dan kebutuhan administrasi rutin. Seluruh transaksi telah diverifikasi sesuai prosedur.",Laporan Keuangan,Sedang
"Selamat pagi rekan HR. Masa kontrak kerja saya sebagai karyawan kontrak di divisi ini akan selesai pada akhir bulan depan. Berdasarkan hasil diskusi dengan manajer, beliau merekomendasikan saya untuk perpanjangan kontrak baru atau pengangkatan. Mohon arahan dari tim HR mengenai tahapan evaluasi performa dan administrasi apa saja yang perlu saya siapkan untuk proses perpanjangan ini. Terima kasih. - Firman Utomo, Divisi Hubungan Pelanggan.",Email HR,Sedang
"Kepada Tim HRD, Saya Rina Marlina dari Divisi Sales ingin melaporkan diskriminasi yang saya rasakan dalam proses promosi jabatan internal bulan lalu. Saya memiliki KPI tertinggi di tim selama 3 kuartal berturut-turut namun posisi Team Leader justru diberikan kepada rekan yang bergabung lebih baru dengan performa rata-rata. Ketika saya meminta penjelasan kepada manajer, jawabannya tidak didasarkan pada kriteria yang tercantum dalam SOP promosi internal perusahaan. Saya khawatir keputusan ini dipengaruhi oleh faktor subjektif yang tidak berkaitan dengan kinerja profesional. Mohon HRD melakukan review independen terhadap proses promosi ini dan memberikan penjelasan tertulis atas dasar keputusan tersebut.",Email HR,Tinggi
"Email dari Lala Fitriani, Divisi Office Management. Pengeluaran rutin untuk kebutuhan tanaman hias dan perawatan area resepsionis mencapai Rp 1.950.000 bulan ini. Biaya masih sesuai anggaran pemeliharaan fasilitas kantor. Tidak diperlukan tindakan lanjutan dari tim keuangan.",Laporan Keuangan,Rendah
"Kepada Helpdesk IT, saya Hendra Wijaya dari Divisi Procurement ingin melaporkan masalah yang sangat mendesak. Laptop saya dengan asset tag LPT-2023-089 bisa booting sama sekali sejak tadi layar hanya hitam dan muncul bunyi beep berulang-ulang. Hari adalah deadline pengumpulan tender pengadaan barang senilai 2 miliar dan semua dokumennya tersimpan di laptop tersebut. Saya sangat laptop pengganti sementara atau segera untuk file-file tersebut sebelum pukul WIB. Tolong bantu saya secepatnya, saya ruang lantai 2, Ext.",Tiket IT,Tinggi
Kehilangan perangkat laptop direksi yang berisi data rahasia merupakan insiden keamanan prioritas tinggi. Fitur remote wipe harus segera dieksekusi oleh tim IT support. Karyawan yang menghilangkan perangkat wajib membuat berita acara kehilangan di kepolisian.,SOP,Tinggi
"Saya, Dedi Kurniawan dari Divisi Produksi, mengajukan pengadaan jasa perbaikan dan penggantian komponen mesin produksi utama. Komponen yang diperlukan meliputi motor penggerak dan panel kontrol. Estimasi biaya jasa dan material sebesar Rp45.000.000. Kerusakan mesin telah menyebabkan penurunan kapasitas produksi secara signifikan.",Permintaan Pengadaan,Tinggi
"Kami membutuhkan jasa kontraktor eksternal untuk melakukan pengecatan ulang dinding luar (fasad) gedung kantor yang sudah mulai kusam dan berjamur akibat musim hujan lalu. Tampilan luar gedung yang bersih sangat penting untuk menjaga impresi profesional di mata klien yang berkunjung. Estimasi biaya untuk pengerjaan jasa borongan ini adalah Rp 35.000.000 termasuk bahan cat cuaca ekstrem. Pengajuan dari Bagus Permadi, Divisi Umum.",Permintaan Pengadaan,Sedang
Mohon segera pengadaan 1 unit mesin absensi face recognition merek Solution X606-S area pintu masuk utama gedung B. Mesin absensi lama mengalami kerusakan total akibat arus listrik kemarin sore sehingga bisa melakukan presensi. Kami membutuhkan perangkat yang mendukung kapasitas minimal 3.000 wajah dan Wi-Fi. Estimasi biaya untuk unit ini beserta instalasinya adalah Rp 4.500.000.,Permintaan Pengadaan,Tinggi
"Selamat pagi Bapak/Ibu HR. Saya ingin mengabarkan bahwa terjadi korsleting listrik di ruang server lantai 3 yang menimbulkan percikan api dan asap tebal beberapa menit lalu. Kami sudah mengevakuasi seluruh staf yang berada di lantai tersebut sesuai dengan prosedur keselamatan. Mohon tim HR segera berkoordinasi dengan tim fasilitas dan keamanan untuk penanganan lebih lanjut sebelum terjadi kebakaran besar. Terima kasih. - Eko Prasetyo, Divisi IT Support.",Email HR,Tinggi
"Selamat siang Ibu Merry. Saya ingin melaporkan tindakan intimidasi dan konflik serius yang terus terjadi antara saya dan atasan langsung saya di divisi pemasaran. Hal ini sudah sangat mengganggu kesehatan mental saya dan membuat lingkungan kerja menjadi tidak kondusif lagi. Saya meminta waktu untuk bertemu dengan perwakilan HR secara personal hari ini guna menceritakan kronologinya. Mohon bantuannya untuk menindaklanjuti hal ini. - Siti Rahma, Divisi Pemasaran.",Email HR,Tinggi
"Email dari Heru Setiawan, Perencanaan Keuangan. Analisis realisasi anggaran semester pertama menunjukkan kelebihan penggunaan dana sebesar Rp 213.000.000 pada beberapa program strategis. Selisih tersebut terutama berasal dari biaya implementasi sistem tidak diperkirakan sebelumnya. Mohon dilakukan pembahasan khusus sebelum penyusunan revisi anggaran semester kedua.",Laporan Keuangan,Tinggi
Siang Tim IT. Perusahaan kita baru saja beralih menggunakan Microsoft Teams untuk komunikasi internal bulanan. Boleh minta tolong dikirimkan modul atau panduan cara membuat breakout room di Teams? Saya ingin mempelajarinya untuk persiapan meeting unit bulan depan agar lebih lancar. Terima kasih banyak.,Tiket IT,Rendah
"Laporan dari Widia Kusuma, Divisi Finance Transformation. Proyek implementasi sistem keuangan telah menyerap Rp 367.000.000 atau 88% dari anggaran yang tersedia. Beberapa pekerjaan masih belum selesai Evaluasi kebutuhan tambahan dana perlu segera dilakukan.",Laporan Keuangan,Tinggi
Sistem presensi sidik jari kini digantikan dengan aplikasi pengenalan wajah di telepon pintar karyawan. Presensi hanya bisa dilakukan jika karyawan berada dalam radius lima puluh meter dari gedung kantor. Karyawan lapangan wajib menggunakan fitur geotagging pada aplikasi tersebut.,SOP,Sedang
"Yth. HRD Manager, Siti Aminah dari Divisi Customer Service ingin mengajukan permohonan surat keterangan kerja untuk keperluan pengajuan Bank Mandiri. Dalam surat tersebut mohon dicantumkan jabatan, masa kerja, dan penghasilan tetap bulan saya. Persyaratan bank membutuhkan surat ini dalam jangka waktu paling lambat minggu sehingga mohon agar bisa diproses sesegera mungkin. Jika ada formulir atau persyaratan tambahan yang saya isi, mohon informasikan kepada saya. Terima kasih banyak atas bantuannya.",Email HR,Sedang
Desain kartu fisik karyawan baru akan oleh HRD dengan format standar perusahaan. Permohonan pencetakan ulang nama yang habis harus melalui persetujuan atasan langsung. Karyawan yang telah mengundurkan diri dilarang mendistribusikan nama lama mereka kepada pihak manapun.,SOP,Sedang
"Kepada Tim HRD, Saya Agung Prabowo, Staf Divisi Supply Chain, ingin menanyakan apakah sisa cuti tahunan yang tidak diambil pada tahun 2024 bisa dialihkan ke tahun 2025 atau akan hangus di akhir tahun. Saya masih memiliki sisa 6 hari cuti yang belum saya gunakan dan khawatir jika tidak diinformasikan dengan benar akan mengakibatkan kerugian hak saya. Jika ada batas waktu pengambilan atau prosedur pengajuan carry-over, mohon dapat dijelaskan. Terima kasih atas informasinya dan saya menunggu penjelasan dari HRD.",Email HR,Rendah
"Yth. Tim HRD, Saya Lestari Wulandari dari Divisi Administrasi Umum ingin menanyakan mengenai kebijakan dress code perusahaan khususnya untuk hari Jumat apakah masih berlaku aturan casual atau sudah berubah kembali ke formal. Beberapa rekan kerja memiliki pemahaman yang berbeda-beda mengenai hal ini dan tidak ada pengumuman resmi terbaru dari HRD yang bisa kami jadikan acuan. Apakah ada surat edaran atau kebijakan tertulis terbaru yang bisa dikirimkan ke seluruh karyawan? Terima kasih atas klarifikasinya.",Email HR,Rendah
Saya Handayani dari Divisi Layanan Pelanggan meminta pengadaan 6 unit partisi kubikal soundproof untuk membatasi meja agen call center baru. Tingkat kebisingan antar agen saat sangat mengganggu kualitas panggilan yang mengeluh karena suara latar bocor. Spesifikasi partisi memiliki tinggi minimal dengan lapisan busa peredam suara berkualitas menengah. Estimasi total biayanya adalah Rp 18.000.000.,Permintaan Pengadaan,Sedang
"Selamat pagi Tim HRD, saya ingin mengajukan permohonan cuti melahirkan (maternity leave) selama 3 bulan, terhitung mulai tanggal 1 Agustus hingga 31 Oktober 2026. Surat rekomendasi dari dokter kandungan mengenai perkiraan hari lahir (HPL) sudah saya sertakan dalam lampiran email ini. Untuk menjaga kelancaran operasional tim, saya sudah membuat panduan serah terima pekerjaan (handover) yang akan dijalankan oleh tim pengganti sementara. Mohon persetujuannya. - Kartika Putri, Divisi Human Capital.",Email HR,Sedang
Pemakaian obat-obatan ringan di kotak P3K ruang HRD dapat dilakukan secara mandiri oleh karyawan yang mengalami keluhan ringan seperti pusing. Karyawan diharapkan mencatat jenis obat dan jumlah tablet yang diambil pada kartu pemakaian di dekat kotak. Pemeriksaan tanggal kedaluwarsa obat akan dieksekusi oleh staf HR setiap enam bulan sekali.,SOP,Rendah
"Pagi Tim IT. Saya melihat ada notifikasi update Windows 11 di laptop kantor saya sejak kemarin sore. Saya Rudi dari Produksi ingin tahu apakah saya diizinkan untuk menekan tombol update sendiri? Saya khawatir jika di-update malah ada aplikasi kantor yang tidak kompatibel dan jadi error. Mohon infonya ya, sementara saya abaikan dulu notifikasinya.",Tiket IT,Rendah
Bocornya dokumen tender strategis perusahaan ke pihak kompetitor membutuhkan audit forensik segera. Tim audit akan memeriksa seluruh log email dan akses dokumen dari setiap divisi. Pelaku pembocoran data akan diproses secara hukum perdata dan pidana.,SOP,Tinggi
"Email dari Yoga Permana, Divisi Pengadaan. Rekapitulasi invoice vendor periode Mei menunjukkan total tagihan sebesar Rp 168.000.000. Sebagian invoice telah diverifikasi dan menunggu proses pembayaran. Mohon penjadwalan pembayaran sesuai siklus kas perusahaan.",Laporan Keuangan,Sedang
"Nanda Putri dari Divisi Sekretariat, mengajukan layanan catering untuk 100 peserta. Kegiatan selama dua hari pada bulan depan. Paket yang dibutuhkan siang dan dua kali coffee break. Estimasi biaya Rp150.000 per peserta per hari.",Permintaan Pengadaan,Sedang
"Email dari Wahyu Aditya, Divisi General Affair. Kami mengajukan anggaran sebesar Rp 58.000.000 untuk penggantian furnitur ruang kerja yang sudah tidak layak pakai. Inventaris tersebut telah digunakan lebih dari delapan tahun. Mohon evaluasi dan persetujuan sesuai prosedur pengadaan.",Laporan Keuangan,Sedang
"Mulai kuartal depan, perusahaan akan mengimplementasikan perangkat lunak baru untuk manajemen proyek. Setiap ketua tim diharapkan segera mempelajari modul panduan yang telah disediakan. Sesi sosialisasi dan pelatihan akan diselenggarakan oleh departemen IT bulan ini.",SOP,Sedang
"Kepada Yth. Tim HRD, setelah berdiskusi dengan manajer departemen saya ingin mengajukan minta mutasi ke kantor cabang Bandung untuk posisi Senior Accountant yang saat ini sedang kosong. Pertimbangan utama saya adalah faktor keluarga, di mana istri saya dipindahtugaskan ke kota tersebut mulai bulan depan. Saya berharap kompetensi saya selama 4 tahun di kantor pusat bisa membantu performa tim cabang. Mohon arahan proses asesmen internalnya. - Joko Susilo, Divisi Akuntansi.",Email HR,Sedang
"Email dari Wahyu Prakoso, unit Keuangan. Hasil review budget semester pertama menemukan penyimpangan penggunaan dana sebesar Rp 119.000.000 pada beberapa pos biaya. Temuan ini memerlukan investigasi lanjutan sebelum laporan disampaikan ke direksi. Mohon seluruh dokumen pendukung segera dilengkapi.",Laporan Keuangan,Tinggi
"Halo Tim IT, saya Surya Adinata dari unit Facility Management ingin menanyakan alur permintaan pemasangan jaringan LAN di ruang kerja baru. Ruangan tersebut baru akan digunakan bulan depan untuk tim sementara. Saat ini belum ada aktivitas operasional di lokasi tersebut. minta informasi tahapan pengajuan, estimasi kebutuhan perangkat, dan pihak yang perlu memberikan persetujuan.",Tiket IT,Rendah
"Saya, Intan Permata dari Divisi Pemasaran, mengajukan pengadaan 2 unit televisi LED 65 inci untuk ruang presentasi. Perangkat akan digunakan untuk kegiatan promosi dan pertemuan dengan klien. Spesifikasi minimal resolusi 4K dan HDMI. Estimasi harga Rp14.000.000 per",Permintaan Pengadaan,Sedang
"Halo Tim IT, saya Dimas Arya Kusuma dari Divisi Desain Produk. Workstation saya memerlukan instalasi driver terbaru untuk graphic tablet Wacom Cintiq Pro 24 yang baru saya terima sebagai pengganti alat kerja lama yang rusak. Tanpa driver yang tepat graphic tablet tersebut tidak berfungsi dan saya tidak bisa melakukan pekerjaan desain produk apapun secara digital. Selain driver, saya juga memerlukan reinstalasi software CorelDRAW X9 yang sebelumnya terpasang di workstation lama namun belum terpasang di workstation baru saya dengan asset tag WKS-2025-003. Mohon jadwalkan kunjungan teknisi ke ruang Desain di lantai 8 dalam 2 hingga 3 hari ke depan. Dimas Arya Kusuma, Senior Product Designer, Ext. 8811.",Tiket IT,Sedang
"Divisi IT memerlukan pengadaan mendesak 5 unit laptop Lenovo ThinkPad P16 dengan spesifikasi prosesor Intel Core i9, RAM 64GB, dan GPU NVIDIA RTX untuk tim pengembang kecerdasan buatan. Perangkat yang saat ini sering saat melakukan training model data berskala besar, sehingga menunda timeline peluncuran produk bulan depan. Estimasi total biaya yang diajukan untuk pengadaan ini adalah sebesar Rp 225.000.000. ini sangat krusial agar target operasional kuartal ini meleset. Pengajuan dari Bagus Hermawan, Kepala Divisi",Permintaan Pengadaan,Tinggi
"Jika ada ancaman bom di lingkungan kantor, sekuriti harus langsung menghubungi pihak kepolisian. Seluruh area kantor wajib dikosongkan dalam waktu kurang dari lima menit. pegawai dilarang menyentuh barang atau paket mencurigakan yang ditemukan di lokasi.",SOP,Tinggi
Email dari Fikri Divisi Logistik Nasional. Biaya pengiriman kuartal berjalan Rp 289.000.000 36% di atas yang telah ditetapkan. Peningkatan disebabkan oleh distribusi tambahan ke wilayah timur. Evaluasi kontrak mitra perlu segera dilakukan.,Laporan Keuangan,Tinggi
Proses sirkulasi pengisian pengharum ruangan dinding yang menyemprotkan pewangi otomatis disetel durasinya pada tiap lima belas menit khusus jam sibuk kerja area berpendingin Wewangian ini disarankan berjenis ringan netral seperti daun mint atau teh serai supaya tidak memancing efek pusing kepala karyawan dengan reaksi alergi aroma tajam menusuk hidung. logistik yang terikat perjanjian memelihara mesin kecil ini dipastikan berkala mengecek jumlah daya baterai agar tidak ada jeda kekosongan wangi ruangan kala dikunjungi.,SOP,Rendah
"Yth. HRD PT Maju Bersama, Saya Rudi Pramono, Supervisor Gudang, melaporkan bahwa terjadi pemotongan gaji yang tidak wajar pada slip gaji bulan September 2024 saya sebesar Rp 1.750.000 tanpa ada penjelasan atau notifikasi sebelumnya. Setelah saya cek, tidak ada keterlambatan absensi atau pelanggaran disiplin apapun yang saya lakukan di bulan tersebut. Saya sudah menghubungi admin penggajian namun tidak mendapatkan jawaban yang memuaskan selama lebih dari seminggu. Mohon HRD segera menginvestigasi dan mengembalikan kelebihan potongan tersebut pada pembayaran berikutnya beserta penjelasan tertulis. Ini sudah yang kedua kalinya terjadi dalam 3 bulan terakhir.",Email HR,Tinggi
"Mobil box operasional yang biasa digunakan untuk distribusi logistik barang ke gudang cabang mengalami kecelakaan beruntun dan mengalami kerusakan parah pada sasis. Guna menghindari kemandekan pengiriman barang yang terjadwal minggu ini, kami memerlukan jasa sewa 1 unit truk engkel box selama 1 bulan penuh. Estimasi biaya sewa armada darurat ini adalah Rp 12.000.000 termasuk biaya perawatan berkala. Pengadaan ini sangat mendesak demi menjaga komitmen waktu dengan pelanggan. Pengajuan dari Budi Santoso, Divisi Logistik dan Supply Chain.",Permintaan Pengadaan,Tinggi
"Sehubungan dengan diadakannya rapat evaluasi kuartal kedua bersama seluruh jajaran direksi, kami memerlukan penyediaan konsumsi berkualitas. Kami mengajukan permintaan jasa catering rapat untuk menyediakan 40 pax paket nasi kotak eksklusif dan 40 pax snack box sore. Estimasi total biaya untuk konsumsi rapat yang akan dilaksanakan pada tanggal 15 bulan depan ini adalah Rp 3.200.000. harap konfirmasi ketersediaan vendor sebelum H-5 pelaksanaan. permohonan oleh Dian Lestari, Divisi Sekretariat Korporat.",Permintaan Pengadaan,Sedang
"Tim HRD. Saya melaporkan bahwa komparasi bonus performa kuartal pertama saya tidak sesuai dengan kesepakatan tertulis di kerja. Ada selisih nominal yang cukup besar yang belum ke rekening saya bersamaan dengan gaji pokok kemarin. Mohon bantuannya untuk melakukan audit ulang slip saya karena tersebut sangat saya butuhkan untuk biaya pengobatan darurat orang tua minggu ini. Terima kasih. - Hendra Wijaya, Divisi Sales.",Email HR,Tinggi
"Yth. Tim IT, saya Nadia Putri dari Divisi Procurement tidak bisa membuka email kantor sejak pagi. Aplikasi Outlook meminta password berulang kali dan versi webmail juga menolak login. Saya sedang menunggu konfirmasi vendor untuk tender yang harus dikirim hari ini. Mohon bantuan reset password atau pengecekan akun secepatnya.",Tiket IT,Tinggi
"Kami memohon pengadaan 2 unit printer multifungsi (cetak, scan, salin) merk Epson L3210 untuk ditempatkan di divisi hukum dan perpajakan. Printer yang lama sering paper jam sehingga proses pencetakan dokumen perjanjian kontrak yang tebal. Estimasi untuk pembelian kedua printer ini adalah Rp 6.200.000. Keberadaan baru akan sangat menghemat pengerjaan dokumen berkas hukum. Pengajuan dari Wibowo, Divisi Hukum.",Permintaan Pengadaan,Sedang
"Laporan dari Lilis Kartika, Divisi Budget Control. Realisasi biaya perjalanan internasional mencapai Rp 264.000.000 atau 52% lebih tinggi dari anggaran yang disetujui. Kenaikan berasal dari tambahan kunjungan bisnis yang tidak direncanakan pada awal tahun. Evaluasi penggunaan anggaran perlu dilakukan secepatnya.",Laporan Keuangan,Tinggi
"Kami memerlukan pengadaan 15 buah tanaman indoor beserta pot estetiknya untuk diletakkan di sudut-sudut gedung kantor guna memberikan kesan asri dan segar. Pilihan tanaman difokuskan jenis yang mudah dirawat di dalam seperti lidah mertua atau monstera. Estimasi total biaya pembelian tanaman beserta jasa dekorasi awal ini adalah Rp Proyek dekorasi estetika ini dapat dilaksanakan kapan saja tanpa mengganggu prioritas operasional. Pengajuan dari Indah Permatasari, Divisi Umum.",Permintaan Pengadaan,Rendah
"Laporan dari Elsa Fitriani, Divisi Operasional. Kami mengajukan anggaran pemeliharaan mesin produksi sebesar Rp 75.000.000 untuk kuartal berikutnya. Perawatan dilakukan guna mengurangi risiko gangguan operasional. Rincian kebutuhan telah dilampirkan pada dokumen pendukung.",Laporan Keuangan,Sedang
Standar penamaan file presentasi untuk rapat direksi kini wajib menggunakan format tanggal tahun dan nama divisi. Contohnya: 20260602_Marketing_Q1_Report.pptx untuk memudahkan pencarian file di server cloud. File yang tidak mengikuti standar penamaan ini akan ditolak oleh staf sekretariat direksi.,SOP,Sedang
Tata aturan pembersihan dan sterilisasi cangkir porselen putih berlogo kantor pasca dipakai pimpinan departemen menjamu pimpinan eksternal cepat disuci hama dengan memakai sabun air bilasan panas bertekanan mesin cuci rak keranjang dapurnya usai seluruh tamu pamit di jemput lobi. Usapan serbet kain putih di akhir cucian mencegah tanda cap jari membekas atau titik noda percikan sabun dan sisa kopi gelap masih membandel kering menempel di sekeliling pinggiran lingkar bibir mangkuk tatakan bulatannya agar tampak kilap pantulan kembali aslinya. Petugas ruangan sangat tidak dibenarkan membawa menaruh tumpuk gelas mewah rapat VIP porselen ini menyelinap masuk dicuci bareng peralatan makan tumpukan kantin reguler untuk mengantisipasi kejadian tertukar wadah cuci sabun perabotan tak resmi dan resiko besar tak terencana mangkuk terbentur cuci rombongan pecah belah ganti harga yang lumayan repot diproses report,SOP,Rendah
Cara menghidupkan mesin penyedot debu untuk karpet lorong tidak boleh dilakukan menggunakan soket listrik lantai yang posisinya berada di tengah jalur lintas jalan. Hal ini demi meminimalisasi kemungkinan ada staf karyawan lain yang tersandung jeratan kabel listrik saat melangkah terburu-buru. Hubungkan colokan hanya pada stop kontak dinding terdekat yang letaknya tersembunyi dekat lemari pajangan.,SOP,Rendah
"Halo Tim IT, saya Nita Rosdiana dari bagian Admin Sales ingin bertanya cara membuat rule otomatis di Outlook. Saya ingin email dari pelanggan tertentu langsung masuk ke folder khusus agar lebih mudah dipantau. Saat ini email masih berjalan normal dan tidak ada gangguan. minta dikirimkan panduan sederhana jika tersedia.",Tiket IT,Rendah
"Email dari Rian Kurniawan, Divisi Treasury Management. Proyeksi arus kas untuk dua minggu ke depan menunjukkan defisit sebesar Rp 194.000.000 akibat percepatan pembayaran kontrak proyek. Kondisi tersebut dapat menghambat pembayaran kewajiban rutin perusahaan. Mohon persetujuan strategi pengelolaan kas jangka pendek.",Laporan Keuangan,Tinggi
"Email dari Vania Lestari, departemen Procurement Coordination. Purchase order untuk pengadaan perlengkapan keselamatan kerja diterbitkan dengan total nilai Rp 108.000.000. Seluruh kebutuhan telah disetujui oleh departemen terkait. tolong dilakukan pencatatan pada rencana pengeluaran bulan berikutnya.",Laporan Keuangan,Sedang
"Laporan dari Kurniawan Putra, Divisi Engineering. Kami mengajukan anggaran tambahan Rp 89.000.000 untuk penggantian perangkat monitoring produksi yang sudah usang. Investasi ini diperlukan untuk menjaga keandalan operasional fasilitas. Proposal teknis telah dilampirkan untuk proses evaluasi.",Laporan Keuangan,Sedang
"Email dari Tiara Wulandari, Divisi Purchasing Administration. Purchase order yang diterbitkan untuk kebutuhan peralatan kantor total nilai Rp 96.000.000. Seluruh item telah disetujui oleh unit pengguna. Mohon pencatatan dalam pengeluaran perusahaan bulan depan.",Laporan Keuangan,Sedang
"Kepada tim HRD, saya Nisa Khairunnisa dari unit Layanan Pelanggan. Saya baru pindah alamat tempat tinggal dan ingin memperbarui data domisili pada sistem perusahaan. Saya juga ingin memastikan apakah perubahan tersebut memerlukan dokumen pendukung tertentu. harap arahan lebih lanjut.",Email HR,Rendah
Saya Aris Munandar dari Divisi Operasional mengajukan 2 unit drone pemetaan DJI Phantom 4 Pro mendukung proyek survei lahan yang waktunya minggu depan. Drone yang ada saat ini mengalami kerusakan fatal pada gimbal dan tidak bisa digunakan sama sekali. Kami membutuhkan spesifikasi kamera minimal 20 MP dengan sensor inci agar hasil pemetaan akurat. Estimasi total anggaran yang dibutuhkan adalah sebesar Rp 70.000.000.,Permintaan Pengadaan,Tinggi
"Yth. Tim IT, saya Gita Oktavia dari unit Office Management ingin menanyakan prosedur pemesanan kabel HDMI untuk ruang rapat kecil. Kabel yang ada masih bisa digunakan, tetapi kondisinya mulai longgar saat dipasang ke komputer Kami ingin mengajukan penggantian sebelum benar-benar rusak. Mohon informasi apakah pengajuan dilakukan melalui IT atau General Affairs.",Tiket IT,Rendah
"Selamat siang, saya Yoga Firmansyah dari departemen Operasional ingin meminta instalasi aplikasi scanner dokumen di komputer administrasi. Scanner sudah terhubung melalui USB, tetapi komputer belum memiliki driver yang sesuai. Dokumen pengiriman biasanya perlu dipindai setiap sore untuk arsip digital. harap bantuan instalasi driver dan pengecekan fungsi scan.",Tiket IT,Sedang
"Kami memerlukan pengadaan 10 unit meja kerja kubikal standar untuk ulang ruang kerja tim pemasaran baru dibentuk. Meja dipilih bermodel sekat minimalis agar memaksimalkan pemanfaatan ruang yang di lantai 2. Estimasi total anggaran untuk pengadaan adalah Rp Pengerjaan diharapkan dalam waktu dua minggu ke depan. Pengajuan dari Fajar Nugroho, Divisi Pemasaran Digital.",Permintaan Pengadaan,Sedang
"Selamat siang HRD, saya Putri Anggraini dari Divisi Human Capital Support. Masa kontrak kerja saya akan berakhir pada akhir bulan ini dan saya ingin menanyakan proses perpanjangan kontrak. Hingga saat ini saya belum menerima informasi resmi terkait evaluasi maupun keputusan lanjutan. Mohon arahan mengenai tahapan yang perlu saya ikuti.",Email HR,Sedang
"rekapitulasi dari Riska Handayani, unit Internal Audit. Audit mendadak terhadap pengeluaran pemasaran menemukan biaya sponsorship senilai Rp 109.000.000 yang belum memiliki dokumen kontrak lengkap. Temuan ini memerlukan klarifikasi sebelum laporan audit ditutup. Mohon tanggapan dari unit terkait dalam waktu 24 jam.",Laporan Keuangan,Tinggi
"Yth. Tim IT, saya Laila Fitriani dari bagian HR membutuhkan setup email kantor untuk pegawai baru bernama Arman Hidayat. Karyawan tersebut mulai bekerja minggu ini dan perlu mengirim komunikasi resmi ke beberapa departemen. Mohon dibuatkan akun email, akses kalender, dan konfigurasi awal di laptopnya. Data karyawan sudah tersedia di sistem HRIS.",Tiket IT,Sedang
"Email Yusuf Hidayat, Divisi Produksi. Biaya penggunaan bahan pendukung produksi bulan ini mencapai Rp 33.500.000. Nilai tersebut sedikit lebih rendah bulan sebelumnya. Laporan detail penggunaan material telah dilampirkan untuk dokumentasi.",Laporan Keuangan,Sedang
"Tim HR, sehubungan dengan masa kontrak kerja saya yang kedua habis waktu dua minggu ke depan, saya ingin kelanjutan status kepegawaian saya. Sampai hari ini saya belum menerima undangan evaluasi akhir atau informasi tertulis apakah kontrak saya akan diperpanjang atau diangkat menjadi karyawan tetap. Mohon konfirmasi waktunya saya bisa mempersiapkan laporan pencapaian kinerja saya selama terakhir. Terima kasih. - Dewi Sartika, Divisi Gudang.",Email HR,Sedang
"Selamat pagi Tim HRD. Saya ingin melaporkan adanya indikasi kuat manipulasi nota pengeluaran (reimbursement) perjalanan dinas luar kota yang dilakukan secara masif oleh tim sales regional selama tiga bulan berturut-turut. Hasil komparasi data internal menunjukkan ada markup harga tiket akomodasi hingga 50% dari tarif riil vendor. Mohon bagian HRD segera membekukan limit pengajuan dana tim terkait dan menjadwalkan sidang komite etik minggu ini. - Vira Anindita, Divisi Compliance.",Email HR,Tinggi
"Saya, Lina Marlina dari Legal, mengajukan pembelian 2 unit scanner dokumen berkecepatan tinggi. Perangkat diperlukan untuk digitalisasi arsip kontrak dan hukum. Spesifikasi minimal halaman per menit dan fitur duplex. Estimasi harga Rp8.000.000 per unit.",Permintaan Pengadaan,Sedang
"Kami mengajukan permintaan pembelian 5 buah papan tulis putih (whiteboard) berukuran 120x240cm lengkap dengan kaki penyangga roda untuk didistribusikan ke ruang-ruang diskusi tim kecil. Papan tulis yang ada saat ini sudah bernoda permanen dan sulit dibersihkan sehingga mengganggu proses brainstorming ide visual. Estimasi total biaya pengadaan ini adalah Rp 4.500.000. Pengajuan dari Surya Kencana, Divisi Riset dan Pengembangan.",Permintaan Pengadaan,Sedang
"Mohon segera diproses pengadaan 5 unit laptop Dell Latitude 5440 untuk tim pengembang software di divisi IT. Laptop yang ada saat sering crash saat menjalankan kompilasi kode berat, sehingga menghambat progres proyek client harus selesai akhir bulan ini. Spesifikasi yang dibutuhkan adalah prosesor Intel Core i7, 16GB, dan 512GB. Estimasi total untuk pengadaan ini Rp Pengajuan oleh Bambang Wijaya, Divisi Teknologi Informasi.",Permintaan Pengadaan,Tinggi
Penggantian kartu asuransi kesehatan karyawan yang hilang dapat diajukan kembali ke staf HRD terkait. Pemotongan gaji sebesar lima puluh ribu rupiah akan dikenakan sebagai biaya administrasi pencetakan kartu baru. Kartu baru akan tersedia dalam waktu tujuh hari kerja setelah pengajuan.,SOP,Sedang
"Pagi Tim IT. VPN kantor sama sekali tidak bisa dikoneksikan dari luar kota. Saya Maya dari Procurement harus secepatnya menyetujui PO bahan baku impor senilai milyaran rupiah hari ini juga di sistem internal. Jika tidak di-approve sekarang, pengiriman akan tertunda satu bulan penuh. minta dicek apakah server VPN sedang bermasalah dan perbaiki segera.",Tiket IT,Tinggi
"Bambang Hermawan dari Divisi Teknik, mengajukan pengadaan 25 unit helm keselamatan proyek. Spesifikasi memenuhi standar keselamatan industri. Estimasi harga per Rp250.000. Pengadaan dilakukan untuk memenuhi kebutuhan perlengkapan lapangan.",Permintaan Pengadaan,Sedang
"Kepada HRD PT Nusantara Sejahtera, Saya Bagas Wicaksono dari Divisi IT ingin meminta informasi mengenai cara mengakses slip gaji digital melalui portal HR yang baru diluncurkan bulan lalu. Saya belum berhasil login meskipun sudah mencoba menggunakan NIK dan tanggal lahir sebagai password default sebagaimana diinformasikan sebelumnya. Apakah ada panduan penggunaan atau kontak helpdesk HR yang bisa saya hubungi untuk membantu proses aktivasi akun saya? Saya membutuhkan slip gaji bulan Oktober untuk keperluan administrasi pribadi. Terima kasih.",Email HR,Rendah
"Halo IT Support, saya Rizal Mahendra dari Divisi Supply Chain Management. Sudah sekitar 2 minggu ini browser Google Chrome selalu meminta update setiap kali namun tombol update selalu gagal karena muncul notifikasi Insufficient permissions untuk browser Saya paham bahwa laptop kantor memiliki pembatasan hak admin untuk instalasi dan update software, namun saya browser yang out-of-date bisa celah keamanan. Apakah ada cara untuk memperbarui Chrome secara manual tanpa hak admin atau Tim IT bisa melakukan secara remote melalui sistem manajemen perangkat? Tidak mendesak segera demi keamanan. Rizal Mahendra, Supply Chain Analyst, Ext. 8825.",Tiket IT,Rendah
"Lisensi software Adobe Creative Cloud untuk 3 desainer grafis di tim pemasaran telah kedaluwarsa hari ini, menyebabkan proyek pembuatan materi iklan klien tertunda. Kami memerlukan perpanjangan lisensi tahunan untuk 3 user tersebut secepatnya demi mengejar tenggat waktu peluncuran produk baru. Estimasi biaya langganan tahunan ini adalah Rp 36.000.000 untuk 3 akun. Keberlangsungan kampanye digital sangat bergantung pada persetujuan ini. permintaan dari Rian Hidayat, unit Pemasaran Kreatif.",Permintaan Pengadaan,Tinggi
"Kebijakan pengajuan izin datang terlambat di bawah satu jam untuk keperluan antar anak sekolah cukup dikomunikasikan secara lisan ke supervisor. Tidak perlu mengisi form absensi izin sakit atau cuti. Walau begitu, total jam kerja delapan jam tetap harus terpenuhi dengan pulang lebih lambat.",SOP,Rendah
"Selamat siang Bapak/Ibu HR. Berhubung saya telah resmi mengajukan pengunduran diri dan hari terakhir kerja saya adalah tanggal 15 bulan ini, saya ingin dimohon pembuatan Surat Pengalaman Kerja (Parklaring). Surat ini sangat saya butuhkan untuk keperluan administrasi di tempat kerja yang baru nantinya. dimohon diinfokan kapan surat tersebut siap untuk saya ambil sebelum tanggal efektif keluar saya. Terima kasih. - Denny Setiawan, Divisi Administrasi.",Email HR,Sedang
"Selamat siang Tim HRD. Saya perwakilan dari tim lantai 2 ingin mengusulkan penambahan fasilitas tempat sampah pilah (organik dan non-organik) di beberapa sudut ruang kerja komunal kami. Langkah ini dirasa baik untuk mendukung program go-green perusahaan dan menjaga kebersihan lingkungan kantor agar sisa makanan tidak menumpuk di meja kerja. minta dipertimbangkan usulan ini dalam rapat fasilitas bulanan HRD. Terima kasih. - Bagus Wijaya, bagian Application Support.",Email HR,Rendah
Menyetel radio saluran musik berirama santai instrumen pengantar latar pada lobi resepsionis depan sangat dianjurkan dari pagi menjelang pukul sembilan hingga usai jam pelayanan tamu tiba sorenya menjelang ashar. Tingkat desibel kelantangan suaranya sekadar sebagai pengusir keheningan kikuk saat ada dua klien asing kebetulan sama duduk menunggu jemputan pertemuan bersamaan pada tempat kursi deret sandar sofa. Larangan ketat diberlakukan bagi pemutaran stasiun acara siaran komedi dengan celotehan pembawa radio terlampau lantang dan obrolan diskusi politik yang mudah menyita pendengaran tajam tamu kita.,SOP,Rendah
Halo IT Support. Saya Nisa dari Accounting ingin sekadar bertanya mengenai spesifikasi hardware perangkat yang saya gunakan saat ini. Apakah memori RAM di komputer tipe ini masih bisa ditambah ke 16GB di masa depan? Saat ini performanya masih sangat baik dan mumpuni untuk pekerjaan harian saya. Saya hanya ingin tahu opsi yang tersedia jika suatu saat nanti butuh pembaruan.,Tiket IT,Rendah
"Dalam situasi darurat kebakaran, seluruh kegiatan operasional harus dihentikan seketika. Karyawan wajib keluar melalui jalur evakuasi yang telah ditentukan tanpa membawa barang Jangan pernah menggunakan lift saat alarm kebakaran berbunyi.",SOP,Tinggi
"Yth. Tim IT, saya Citra Maharani dari Divisi Finance ingin panduan dasar VPN perusahaan. Saya menggunakannya dan ingin memahami langkah-langkah sebelum ada kebutuhan kerja dari luar kantor. Tidak ada akses yang sedang bermasalah saat ini. Mohon dikirimkan dokumentasi atau link panduan jika tersedia.",Tiket IT,Rendah
"Guna mendukung penyelenggaraan rapat koordinasi triwulanan internal yang akan diadakan minggu depan, kami mengajukan pengadaan catering makan siang untuk 25 orang peserta. Paket makanan yang dipesan berupa nasi kotak tradisional dengan menu lengkap dan sehat. Estimasi biaya keseluruhan untuk konsumsi rapat ini adalah Rp 1.250.000. Konsumsi yang baik diharapkan mendukung kelancaran jalannya diskusi rapat. Pengajuan dari Larasati Putri, Divisi Sekretariat Perusahaan.",Permintaan Pengadaan,Sedang
"Yth Tim Support, website utama perusahaan menampilkan Error 500 Bad Gateway setiap kali saya mencoba mengakses halaman checkout. Banyak komplain pelanggan yang masuk ke departemen Customer Service karena mereka tidak bisa melakukan pembayaran. Tolong sesegera mungkin ditangani karena ini berdampak langsung ke penjualan kita hari ini.",Tiket IT,Tinggi
"Divisi memerlukan persediaan tisu dan sabun cuci tangan untuk seluruh toilet gedung kantor guna menjaga kebersihan lingkungan kerja. Kami pembelian 5 karton tisu basah, 10 karton tisu tork, dan 4 galon sabun cuci tangan isi 5 liter. Estimasi anggaran bulanan untuk kebutuhan ini adalah Rp4.200.000. diajukan oleh Maya dari Divisi General Affair.",Permintaan Pengadaan,Sedang
"Pembaruan informasi nomor ekstensi telepon di buku kontak internal meja karyawan dilakukan oleh sekretaris divisi secara berkala tiap semester. Karyawan tidak perlu memperbarui lembar kontak kertas itu sendiri. Jika ada perubahan nomor darurat pribadi, silakan laporkan ke bagian database HR.",SOP,Rendah
"Email dari Damar Wicaksono, Divisi Financial Planning. Forecast keuangan menunjukkan kebutuhan modal kerja tambahan sebesar Rp 298.000.000 untuk mendukung peningkatan volume produksi pada kuartal berikutnya. Tanpa penyesuaian pendanaan, perusahaan berpotensi mengalami keterbatasan kas operasional. Mohon persetujuan atas skenario pendanaan yang diajukan.",Laporan Keuangan,Tinggi
Perubahan kata sandi untuk seluruh akun komputer karyawan wajib dilakukan setiap enam puluh hari sekali. Sistem akan memaksa penggantian kata sandi secara otomatis jika tenggat waktu terlewati. Kata sandi baru tidak boleh sama dengan tiga kata sandi sebelumnya.,SOP,Sedang
"Bila terjadi mogok kerja massal tanpa pemberitahuan, manajemen puncak harus sesegera mungkin mengamankan aset-aset vital perusahaan. Akses masuk ke fasilitas pabrik akan dikunci oleh pihak keamanan internal. Negosiasi dengan perwakilan serikat pekerja wajib dilakukan di lokasi netral.",SOP,Tinggi
"Halo Tim IT, saya Dimas Arya Kusuma dari unit Desain Produk. Workstation saya memerlukan instalasi driver terbaru untuk graphic tablet Wacom Cintiq Pro 24 yang baru saya terima sebagai pengganti alat kerja lama yang rusak. Tanpa driver yang tepat graphic tablet tersebut tidak berfungsi dan saya tidak bisa melakukan pekerjaan desain produk apapun secara digital. Selain driver, saya juga memerlukan reinstalasi software CorelDRAW X9 yang sebelumnya terpasang di workstation lama namun belum terpasang di workstation baru saya dengan asset tag WKS-2025-003. tolong jadwalkan kunjungan teknisi ke ruang Desain di lantai 8 dalam 2 hingga 3 hari ke depan. Dimas Arya Kusuma, Senior Product Designer, Ext. 8811.",Tiket IT,Sedang
"Selamat siang Tim IT, saya Ilham Maulana dari Divisi Procurement membutuhkan instalasi SAP GUI di laptop kerja. Saya mulai ditugaskan untuk input purchase order dan belum memiliki aplikasi tersebut. Saat ini pekerjaan masih dibantu oleh rekan satu tim. Mohon dibantu instalasi dan konfigurasi koneksi ke server SAP.",Tiket IT,Sedang
"Sehubungan dengan diadakannya rapat evaluasi kuartal kedua bersama seluruh jajaran direksi, kami memerlukan penyediaan konsumsi berkualitas. Kami mengajukan permintaan jasa catering rapat untuk menyediakan 40 pax paket nasi kotak eksklusif dan 40 pax snack box sore. Estimasi total biaya untuk konsumsi rapat yang akan dilaksanakan pada tanggal 15 bulan depan ini adalah Rp 3.200.000. Mohon konfirmasi ketersediaan vendor sebelum H-5 pelaksanaan. Pengajuan oleh Dian Lestari, Divisi Sekretariat Korporat.",Permintaan Pengadaan,Sedang
"Selamat pagi rekan HR. Saya ingin mengadukan bahwa akun payroll dan akses portal HRIS saya telah diretas oleh pihak tidak dikenal sejak tadi malam, di mana nomor rekening bank saya diubah secara sepihak di sistem. Saya khawatir informasi pribadi dan detail gaji saya disalahgunakan untuk tindakan kriminal atau pinjaman online. dimohon tim HR cepat membekukan sementara akun HRIS saya dan melakukan investigasi forensik digital hari ini juga. Terima kasih. - Aditya Pratama, Divisi Digital Marketing.",Email HR,Tinggi
"Saya, Lina dari Divisi mengajukan pengadaan 2 unit printer laser warna. Spesifikasi kecepatan cetak minimal 30 dan mendukung jaringan. harga per unit Rp6.500.000. Perangkat akan digunakan untuk pencetakan kontrak arsip perusahaan.",Permintaan Pengadaan,Sedang
"Halo rekan HR. Saya ingin mengajukan klaim untuk biaya perjalanan dinas saya ke Surabaya minggu lalu yang meliputi tiket pesawat, hotel, dan biaya harian. Total kuitansi dan pengajuan sudah oleh manajer divisi telah saya lampirkan dalam email ini. Mohon dapat diproses agar tersebut bisa masuk pada minggu ini. Terima atas bantuannya. Sari Dewi, Divisi Penjualan.",Email HR,Sedang
"Aturan penyajian air kemasan botol tanggung bagi pertemuan rutin jajaran manajer tingkat menengah diletakkan tepat di depan map kursi duduk satu per satu mendampingi pulpen standar. Staf pramusaji tak perlu menuangkannya repot-repot ke dalam gelas ukir, kecuali agenda ini dihadiri oleh pihak petinggi dewan direksi perusahaan di meja bulat besar atas. Seusai rapat, kumpulkan seluruh sisa botol terbuka maupun kosong untuk diserahkan ke penampung bank sampah plastik bagian daur ulang di halaman belakang gudang kantor.",SOP,Rendah
"Mohon dibantu pengadaan 1 set sound system ruang konferensi utama merek Yamaha untuk menggantikan sistem lama yang terbakar korsleting pagi ini. Ruang konferensi akan digunakan untuk rapat umum pemegang saham luar biasa dalam tiga hari ke depan. Spesifikasi mencakup 1 mixer audio 12 channel, 4 mikrofon wireless, dan 2 speaker aktif 15 inci. Estimasi total anggaran yang kami ajukan adalah Rp 28.000.000.",Permintaan Pengadaan,Tinggi
"Halo Tim HR, saya ingin klaim jaminan biaya persalinan istri saya manual (reimbursement) karena rumah sakit bersalin tempat penanganan kemarin belum terintegrasi dengan sistem asuransi kita. Dokumen berupa akta kelahiran anak, rincian biaya persalinan asli, beserta resume medis dari dokter spesialis kandungan telah Mohon dibantu untuk proses ke penyedia asuransi korporat. Terima kasih. - Setiadi, Divisi Supply Chain Management.",Email HR,Sedang
"Yth. Tim HRD, Saya Yunita Andriani dari Divisi Keuangan ingin bertanya mengenai prosedur dan persyaratan untuk mengajukan cuti penting di luar cuti tahunan, khususnya cuti untuk mengurus pernikahan saya yang rencananya akan berlangsung pada Februari 2025. Saya ingin memastikan berapa hari cuti pernikahan yang menjadi hak saya sesuai peraturan perusahaan dan apakah harus diambil bersamaan dengan hari H atau bisa dibagi. Apakah pengajuannya harus dilakukan berapa bulan sebelumnya dan dokumen apa saja yang diperlukan? Terima kasih atas penjelasannya.",Email HR,Rendah
"Tim, saya sedang tugas di kota dan perlu akses data di server kantor secepatnya. Namun, aplikasi VPN selalu gagal terhubung dengan pesan connection timeout. Data ini harus saya kirimkan ke direksi sebelum jam hari Mohon dicek apakah VPN server sedang bermasalah.",Tiket IT,Tinggi
"Email dari Salsabila Nurfadila, Divisi Office Administration. Dana kas kecil digunakan sebesar Rp 1.130.000 untuk kebutuhan fotokopi dokumen, materai, dan pengiriman surat. Seluruh transaksi telah dilengkapi bukti pembayaran yang sah. Saldo dana masih mencukupi untuk kebutuhan minggu berikutnya.",Laporan Keuangan,Rendah
"Selamat pagi Tim HR. Saya ingin serius mana data rahasia klien kami diduga telah dibocorkan oleh salah satu oknum karyawan di divisi sales demi pribadi. Kami menemukan bukti kuat berupa log aktivitas pengiriman data ke email tadi malam. Mohon tim HR segera mengamankan akun yang bersangkutan and melakukan investigasi mendalam hari ini demi menjaga nama baik perusahaan. - Hendra Gunawan, Keamanan Informasi.",Email HR,Tinggi
"Halo Tim IT, saya Ratna Wulandari dari Divisi Akuntansi memerlukan akses ke aplikasi e-Faktur perusahaan. Saya akan menggantikan sementara rekan yang sedang cuti untuk proses input pajak keluaran. Saat ini akun saya belum muncul pada daftar pengguna aplikasi tersebut. Mohon dibantu pembuatan akses dengan role yang sesuai.",Tiket IT,Sedang
"Email dari Fajar Nugroho, departemen Treasury. Dana cadangan perusahaan turun menjadi Rp 25.000.000 setelah beberapa pembayaran mendesak dilakukan. Dalam dua minggu ke depan terdapat kebutuhan operasional tambahan sebesar Rp 180.000.000. minta persetujuan penggunaan fasilitas kredit jangka pendek.",Laporan Keuangan,Tinggi
"Laporan dari Farel Akbar, Divisi Business Development. Kami mengajukan tambahan anggaran sebesar Rp 77.000.000 untuk studi kelayakan ekspansi pasar baru. Dana akan digunakan untuk riset, konsultasi, dan pengumpulan data lapangan. Mohon evaluasi sesuai kebijakan investasi perusahaan.",Laporan Keuangan,Sedang
"Yth. Ibu Sari Wulandari selaku HRD Manager, Dengan sangat terpaksa saya, Arif Hidayat dari bagian IT, ingin melaporkan situasi konflik serius yang telah berlangsung selama 2 bulan antara saya dan atasan langsung saya, Bapak Hendro Susilo. Beliau sering memberikan instruksi yang tidak masuk akal di luar jam kerja hingga tengah malam dan marah-marah secara tidak profesional di depan rekan kerja lain ketika saya tidak merespons seketika. Kondisi ini sangat memengaruhi kesehatan mental dan produktivitas kerja saya secara signifikan. Saya sudah mencoba berbicara langsung namun tidak membuahkan hasil dan situasinya justru semakin memburuk. Saya minta HRD dapat memfasilitasi mediasi atau mengambil tindakan yang diperlukan sebelum saya terpaksa mengambil langkah lebih lanjut.",Email HR,Tinggi
"Saya, Nurul Hidayah dari Divisi Infrastruktur, mengajukan pengadaan 6 unit access point Wi-Fi enterprise. Perangkat jaringan saat ini sering mengalami gangguan dan menyebabkan koneksi tidak stabil. Kondisi tersebut berdampak langsung pada produktivitas karyawan. Estimasi harga Rp6.500.000 per unit.",Permintaan Pengadaan,Tinggi
Penyerahan dokumen fisik kepada kurir internal untuk diantar ke cabang lain dilakukan sebelum jam sebelas siang. Dokumen yang diserahkan setelah waktu tersebut akan diproses pada pengiriman keesokan harinya. Pastikan dokumen sudah dimasukkan ke dalam amplop cokelat yang tersegel rapi.,SOP,Rendah
Pemesanan ruang rapat standar untuk diskusi internal dapat dilakukan secara langsung melalui kalender digital grup. Pastikan mengakhiri rapat tepat waktu agar tidak mengganggu jadwal pemesan berikutnya. Matikan lampu dan proyektor ruangan sebelum meninggalkan tempat.,SOP,Rendah
"Air conditioner (AC) di ruang server utama B saat ini kerusakan total dan menyebabkan suhu ruangan melonjak Kami membutuhkan penggantian segera berupa 2 AC Standing Daikin 5 PK untuk mencegah kerusakan pada server yang menyimpan data krusial perusahaan. Jika tidak ditangani dalam 24 jam ke depan, operasional sistem internal berisiko lumpuh. Perkiraan anggaran yang dibutuhkan adalah sebesar Rp Pengajuan oleh Rian Hidayat, Divisi Fasilitas dan Infrastruktur.",Permintaan Pengadaan,Tinggi
"Kepada HRD yang Terhormat, Saya Irwan Saputra dari Divisi Teknik bermaksud memperbarui data tanggungan saya sistem HR karena saya baru saja melahirkan anak kedua pada 3 November 2024. Data bayi perlu segera didaftarkan agar dapat masuk dalam tanggungan keluarga. Terlampir saya kirimkan akta kelahiran dan kartu keluarga yang sudah mencantumkan nama anak kedua kami. Mohon diproses agar kartu BPJS anggota baru bisa diterbitkan. Terima kasih atas bantuannya.",Email HR,Rendah
"Email dari Rahmat Hidayat, Divisi Umum. Laporan petty cash minggu pertama menunjukkan penggunaan dana sebesar Rp 2.350.000. Pengeluaran digunakan untuk kebutuhan transportasi dan pembelian perlengkapan kecil. Saldo kas kecil masih mencukupi untuk minggu berikutnya.",Laporan Keuangan,Rendah
Audit internal untuk standar operasional departemen pelayanan pelanggan akan dilakukan tanpa pemberitahuan setiap kuartal. Auditor akan menggunakan metode mystery shopper dengan menelepon call center perusahaan. Hasil audit digunakan sebagai komponen utama dalam penentuan bonus kinerja tim.,SOP,Sedang
"rekan HR, saya ingin mengirimkan klaim reimbursement untuk biaya akomodasi dan transportasi selama menghadiri pameran teknologi di Jakarta pekan lalu. Semua bukti pembayaran beserta nota yang ditandatangani kepala divisi telah saya scan dan lampirkan email ini. Mohon dilakukan verifikasi data agar proses pencairannya bisa disatukan dengan gaji pada akhir bulan ini. kasih banyak atas bantuannya. - Sari Lestari, Divisi Desain Produk.",Email HR,Sedang
"Selamat pagi HRD. Saya berencana melaksanakan ibadah Umroh pada bulan September mendatang dan ingin berkonsultasi mengenai cuti keagamaan yang difasilitasi oleh aturan perusahaan kita. Berapa hari kerja cuti ibadah yang diberikan tanpa memotong kuota cuti reguler saya, dan dokumen konfirmasi dari biro travel apa saja yang wajib disertakan sebagai syarat formal? Mohon penjelasannya untuk pengaturan jadwal kerja tim. - Ryan Ardiansyah, Divisi Project Management Officer.",Email HR,Rendah
"Email dari Eko Susanto, Divisi Gudang. Laporan pengeluaran rutin untuk kebutuhan perlengkapan gudang tercatat sebesar Rp 4.500.000. Penggunaan masih berada dalam batas yang ditetapkan perusahaan. Tidak diperlukan penambahan anggaran pada periode ini.",Laporan Keuangan,Rendah
"Halo Tim IT, saya Intan Maharani dari Divisi Tax membutuhkan akses ke aplikasi pelaporan pajak internal. Saya baru ditugaskan membantu proses rekonsiliasi dan belum memiliki akun pada aplikasi tersebut. Saat ini pekerjaan masih bisa dibantu rekan lain, tetapi akses pribadi diperlukan agar pencatatan lebih rapi. Mohon dibuatkan user dengan hak akses sesuai peran staf pajak.",Tiket IT,Sedang
"Halo tim HRD, saya Nur Aini dari Divisi Administrasi. Saya baru saja mengganti nomor telepon pribadi dan ingin memperbarui data yang tercatat pada sistem kepegawaian. Mohon informasi mengenai prosedur atau formulir yang perlu saya isi. Terima kasih atas bantuannya.",Email HR,Rendah
"Selamat siang HRD, saya Fajar Nugroho dari Divisi IT. Pada slip gaji bulan ini terdapat pemotongan yang tidak saya pahami dan nilainya cukup besar dibanding bulan sebelumnya. Saya sudah memeriksa data absensi dan tidak menemukan ketidaksesuaian yang signifikan. Mohon penjelasan serta koreksi apabila memang terjadi kesalahan perhitungan.",Email HR,Tinggi
"Sehubungan dengan rencana penandatanganan MoU strategis bulan depan, kami memerlukan sewa jasa dekorasi backdrop dan mini garden untuk area panggung aula utama kantor. Pengadaan jasa ini penting untuk memberikan kesan profesional kepada para mitra bisnis eksternal yang hadir. Estimasi biaya sewa dekorasi event ini adalah Rp7.000.000. Permintaan diajukan oleh Denny Cakra dari departemen Hubungan Kelembagaan.",Permintaan Pengadaan,Sedang
"Jika ada ancaman bom di lingkungan kantor, sekuriti harus langsung menghubungi pihak kepolisian. Seluruh area kantor wajib dikosongkan dalam waktu kurang dari lima menit. Karyawan dilarang menyentuh barang atau mencurigakan ditemukan di lokasi.",SOP,Tinggi
"Email dari Dedi Saputra, unit Pengadaan. Ditemukan discrepancy budget sebesar Rp 132.000.000 pada proyek renovasi kantor pusat. Nilai realisasi pengeluaran jauh melebihi anggaran yang telah disetujui sebelumnya. Mohon dilakukan review terhadap seluruh purchase order yang telah diterbitkan.",Laporan Keuangan,Tinggi
Tolong diproses pengadaan catering rapat koordinasi bulanan antar manajer cabang yang akan dilaksanakan pada hari Kamis depan sebanyak 25 porsi. Konsumsi yang dibutuhkan berupa prasmanan standar dengan menu masakan nusantara sehat rendah kolesterol. Mohon dipastikan vendor menyediakan peralatan makan lengkap beserta pramusaji di lokasi ruang rapat. Estimasi total pengeluaran adalah Rp 3.125.000.,Permintaan Pengadaan,Sedang
"Yth. Tim HRD, Saya Yusuf Hadisaputra dari unit General Affairs ingin menanyakan kebijakan perusahaan mengenai cuti bersama apakah pegawai tetap wajib mengikuti atau bisa memilih masuk kerja dengan kompensasi tertentu. Saya memiliki proyek dengan tenggat yang berdekatan dengan periode cuti bersama akhir tahun dan ingin memastikan opsi yang tersedia bagi saya. Apakah ada formulir khusus yang perlu diisi jika memutuskan masuk kerja saat cuti bersama? Mohon informasinya agar saya dapat segera mengatur jadwal pekerjaan dengan baik. Terima kasih.",Email HR,Rendah
"Kepada Yth. HRD Manager, Saya Ferdi Kurniawan, Staf unit Business Development, ingin menanyakan apakah perusahaan menyediakan program Employee Assistance Program (EAP) atau konseling psikologis gratis bagi pegawai Saya mendengar beberapa perusahaan besar sudah menyediakan fasilitas ini dan ingin mengetahui apakah benefit serupa juga tersedia di sini. Jika tersedia, mohon diinformasikan cara mengaksesnya dan apakah sifatnya rahasia atau ada pelaporan ke manajemen. Terima kasih atas informasinya.",Email HR,Rendah
"Server utama untuk basis data keuangan mengalami kerusakan total pada hardware penyimpanan dan tidak dapat lagi. Kami meminta mendesak 1 unit Server HP ProLiant DL380 dengan konfigurasi RAID 5 dan kapasitas total 10TB. Tanpa server ini, operasional pencatatan transaksi harian perusahaan terhenti sepenuhnya. untuk penggantian ini adalah Rp 85.000.000. Pengajuan dari Siti Rahma, Manajer Keuangan.",Permintaan Pengadaan,Tinggi
"Prosedur pengajuan cuti sakit selama satu hari dapat dilakukan tanpa melampirkan surat keterangan dokter. Namun, jika cuti sakit berlanjut hingga hari kedua dan seterusnya, surat dokter wajib diunggah ke sistem portal absensi HRD. Ketidakhadiran tanpa keterangan yang jelas akan memotong kuota cuti tahunan.",SOP,Rendah
"Laporan dari Nita Lestari, Divisi Akuntansi. Rekapitulasi akhir bulan menunjukkan biaya operasional mencapai Rp 498.000.000 atau 27% di atas target anggaran. Kenaikan terbesar berasal dari biaya logistik dan pemeliharaan fasilitas. Diperlukan tindakan pengendalian biaya pada periode berikutnya.",Laporan Keuangan,Tinggi
"Karyawan divisi desain sangat dihimbau rutin membersihkan cache memori sementara pada perangkat komputer grafisnya tiap hari Jumat sore. Ini adalah prosedur standar pemeliharaan performa agar mesin tidak lamban memproses data saat masuk minggu kerja baru. Jika panduan pembersihan ini belum dipahami, staf IT siap memberikan panduan langkah pendek via intranet.",SOP,Rendah
"Perusahaan membutuhkan tambahan 5 lisensi software Autodesk AutoCAD secara instan untuk tim arsitek proyek pembangunan pabrik baru yang tenggat waktunya dipercepat bulan depan. Lisensi yang ada saat ini sudah terpakai semua, sehingga staf baru tidak bisa mendesain gambar teknik. Estimasi biaya untuk pembelian lisensi tahunan ini adalah Rp 110.000.000. Persetujuan secepatnya sangat dinantikan agar jadwal konstruksi tidak bergeser. usulan dari Mega Utami, Divisi Manajemen Proyek.",Permintaan Pengadaan,Tinggi
"Yth. Tim IT, saya Salma Nuraini dari Divisi Legal membutuhkan akses VPN untuk membuka dokumen kontrak dari luar kantor. Saya akan beberapa kali bekerja dari lokasi klien dan perlu mengakses repository dokumen internal. Saat ini akun saya belum memiliki profil VPN. Mohon dibantu aktivasi serta panduan login awal.",Tiket IT,Sedang
"Yth. Ibu HRD, Saya Nadia Rahmawati dari bagian Marketing Communications ingin menanyakan prosedur pendaftaran program pelatihan internal yang dijadwalkan pada Desember 2024 sebagaimana diumumkan di papan informasi kantor. Saya tertarik mengikuti kelas Public Speaking dan Digital Marketing yang ada dalam daftar pelatihan tersebut. Apakah ada kuota peserta dan siapa yang berhak mengikuti program ini—apakah terbuka untuk semua level staf Mohon juga diinformasikan apakah ada syarat persetujuan atasan sebelum mendaftar. Terima kasih.",Email HR,Rendah
"Halo Tim IT, saya Taufik Hidayat dari bagian Produksi ingin menanyakan apakah update Windows sebaiknya dilakukan langsung saat notifikasi muncul. Beberapa komputer operator menampilkan pemberitahuan update di pojok layar. Kami tidak ingin mengganggu pekerjaan shift, jadi perlu arahan waktu yang aman untuk melakukan update. harap saran dari Tim IT.",Tiket IT,Rendah
"Yth. Tim HR, Saya Bambang Setiawan dari Divisi Produksi segera melaporkan bahwa iuran BPJS Kesehatan saya tidak dibayarkan oleh perusahaan 4 terakhir (Juli–Oktober 2024) sehingga kartu BPJS dinonaktifkan. baru mengetahui ketika hendak membawa anak saya rumah sakit kartu ditolak di loket. Padahal potongan BPJS selalu muncul di slip gaji setiap bulan, yang berarti saya sudah dipotong namun tidak disetorkan. Kondisi ini merugikan saya dan keluarga anak saya membutuhkan perawatan Mohon segera diselesaikan dalam 1x24 jam dan berikan bukti pembayaran iuran kepada saya.",Email HR,Tinggi
"Kepada Tim HRD, Saya Citra Dewi Anggraini, Staf unit Humas, ingin mengajukan tolong cuti sakit selama 3 hari kerja mulai Senin, 11 November 2024 berdasarkan anjuran dokter karena demam berdarah yang saya derita. Surat keterangan dokter dari RS Harapan Bunda sudah saya lampirkan dalam email ini. Saya sudah menginformasikan kepada rekan satu tim dan atasan saya mengenai kondisi ini serta mendelegasikan pekerjaan yang mendesak. Mohon HRD memproses pengajuan cuti sakit ini dan mengupdate catatan absensi saya sesuai ketentuan yang berlaku. Terima kasih atas pengertiannya.",Email HR,Sedang
"Selamat pagi Tim HR. Saya ingin melaporkan insiden serius di mana data rahasia klien kami diduga telah dibocorkan oleh salah satu oknum staf di departemen sales demi keuntungan pribadi. Kami menemukan bukti kuat berupa log aktivitas pengiriman data ke email eksternal tadi malam. Mohon tim HR segera mengamankan akun yang bersangkutan and melakukan investigasi mendalam hari ini demi menjaga nama baik perusahaan. - Hendra Gunawan, Divisi Keamanan Informasi.",Email HR,Tinggi
"Halo Tim HRD. Sehubungan dengan kehamilan saya yang saat ini sudah memasuki usia 7 bulan, saya ingin mengajukan cuti melahirkan selama 3 bulan penuh. Rencananya cuti tersebut akan dimulai pada tanggal 1 Juli 2026 hingga 30 September 2026 berdasarkan rekomendasi dari dokter kandungan saya. Semua pekerjaan utama telah saya koordinasikan dengan tim agar operasional tetap berjalan lancar. Mohon formulir penonaktifan sementara dan persetujuannya. - Nanda Lestari, Divisi Legal.",Email HR,Sedang
"Tim IT Helpdesk, saya Solihin dari Divisi Ekspor dan Impor. Password akun SAP saya tiba-tiba tidak diterima sistem sejak pagi ini padahal saya tidak pernah mengubahnya dan pesan Your account been Hari ini adalah akhir dokumen ekspor ke Bea Cukai secara elektronik melalui sistem yang terintegrasi langsung dengan SAP dan jika tidak disubmit sebelum pukul 14.00 WIB maka pengiriman kontainer senilai miliar rupiah akan dan dikenai denda. Saya sudah mencoba menghubungi rekan lain untuk meminjam akun hal tersebut tidak diperbolehkan oleh kebijakan keamanan sistem. akun saya segera dipulihkan karena menyangkut kerugian finansial dan reputasi perusahaan yang sangat besar. Solihin, Export-Import Supervisor, Ext. 7701, HP 0856-9988-7766.",Tiket IT,Tinggi
Format pemberian penamaan folder penyimpanan gambar digital proyek pemasaran desain grafis kini harus dipisahkan berdasarkan grup tahun kuartal serta jenis media sosial berjalannya contoh Q32026_Instagram_BrosurDiskon_Final. Penyusunan hirarki penamaan ini dimaksudkan mencegah risiko file foto resolusi desain hilang tenggelam bertumpuk dalam pencarian ganda folder usang yang lama sudah tak disapa pembaruan akses revisinya di jaringan sistem peladen arsip cloud internal desainer kita. Selalu jadwalkan pemindahan pembersihan otomatis seluruh draf proyek setengah jadi maupun sketsa kotor mentah menuju jalur tong sampah digital jaringan komputernya di tiap usai perayaan proyek kampanye produk besar perusahaan demi kelonggaran memori piringan simpan server utama grafis harian cepat bekerja mulus kencang proses simpan bukanya.,SOP,Rendah
Kerusakan struktural pada bangunan pabrik akibat cuaca ekstrem harus dilaporkan segera ke manajer operasional. Area yang rusak wajib dipasangi garis polisi untuk mencegah karyawan masuk. Penilaian teknis dari insinyur sipil dibutuhkan sebelum area tersebut dapat digunakan lagi.,SOP,Tinggi
"Laporan dari Indra Setiawan, Divisi Internal Control. Ditemukan transaksi pengeluaran dana darurat sebesar Rp 88.000.000 yang belum memiliki laporan pertanggungjawaban lengkap. Temuan ini masuk dalam kategori risiko tinggi berdasarkan kebijakan perusahaan. Mohon penyelesaian administrasi segera dilakukan.",Laporan Keuangan,Tinggi
"Email dari Taufik Hidayat, unit Revenue Monitoring. Pendapatan dari salah satu lini bisnis utama turun sebesar Rp 241.000.000 dibanding target bulanan yang ditetapkan. Penurunan terjadi akibat keterlambatan peluncuran produk baru. minta dilakukan evaluasi dampak terhadap proyeksi keuangan tahunan.",Laporan Keuangan,Tinggi
"Sehubungan dengan adanya gangguan pada router utama gedung yang menyebabkan jaringan internet kantor putus nyambung, kami meminta pengadaan unit pengganti. Kami memerlukan 1 unit Router Cisco 4331 untuk memastikan data antar cabang stabil ini. Estimasi harga jaringan ini adalah Rp45.000.000. Pengajuan ini dibuat oleh Hendra Kurniawan dari Divisi Infrastruktur",Permintaan Pengadaan,Tinggi
"unit Keuangan membutuhkan 2 unit mesin penghitung uang kertas merk Glory untuk menggantikan unit lama yang akurasinya mulai menurun dan sering macet. Alat ini sangat diperlukan untuk memproses setoran tunai harian dari cabang agar pencatatan kas tetap akurat dan efisien. Estimasi total harga untuk kedua mesin penghitung uang ini adalah Rp 14.000.000. Diharapkan unit baru dapat datang dalam waktu dua minggu ke depan. permohonan oleh Linda Wahyuni, Divisi Keuangan.",Permintaan Pengadaan,Sedang
Halo rekan-rekan IT. Kemarin saya melihat ada pengumuman tentang jadwal maintenance server di akhir pekan ini. Apakah selama maintenance tersebut aplikasi portal karyawan masih bisa diakses secara normal? Saya berencana ingin mengecek sisa cuti saya di hari Sabtu besok. Terima kasih banyak infonya.,Tiket IT,Rendah
"Jika terjadi bumi berkekuatan besar, seluruh staf wajib di bawah masing-masing. Jauhi jendela kaca dan rak buku yang rentan roboh. Setelah berhenti, segera tinggalkan gedung dengan tertib menuju titik kumpul.",SOP,Tinggi
Saya Putu Gede dari unit Bisnis mengajukan pengadaan 3 unit standing banner premium berbahan stainless steel untuk kebutuhan display promosi produk baru di lobi utama pada masa mendatang. Pengadaan ini tidak bersifat mendesak karena peluncuran produk baru sendiri dijadwalkan masih beberapa bulan lagi dari sekarang. Estimasi total biaya pembuatan alat presentasi ini adalah Rp 1.800.000.,Permintaan Pengadaan,Rendah
Selamat pagi rekan-rekan HR. Saya ingin bertanya mengenai program benefit keanggotaan korporat bekerja sama dengan perusahaan kita. Apakah fasilitas diskon tersebut juga berlaku untuk anggota keluarga inti ataukah hanya untuk karyawan yang bersangkutan saja? Mohon informasi detail atau brosur ketentuannya jika ada yang bisa dibagikan kepada kami. Terima kasih banyak. - Anisa Divisi Pemasaran.,Email HR,Rendah
"Halo HRD, saya Eko Prasetyo dari Divisi Teknologi Informasi. Saya ingin mengajukan reimbursement pembelian perangkat pendukung kerja yang sebelumnya telah mendapatkan persetujuan dari manajer. Bukti pembelian dan formulir pengajuan sudah saya lampirkan pada email ini. Mohon konfirmasi terkait estimasi waktu proses pencairan.",Email HR,Sedang
"Divisi Umum mengusulkan pembelian 3 unit dispenser air minum model galon (bottom loading) merk Panasonic untuk diletakkan di ruang tunggu driver dan ruang istirahat staf logistik. Dispenser tipe atas yang digunakan saat ini sering membuat staf cedera pinggang saat mengangkat galon air baru seberat 19 kg. Estimasi anggaran biaya untuk ketiga unit dispenser ergonomis ini adalah Rp Pengadaan ini tidak mendesak namun untuk kesehatan staf. Pengajuan dari Yayan Ruhian, Divisi Fasilitas.",Permintaan Pengadaan,Rendah
"Halo Tim IT, saya Darwis Hamid dari Divisi Purchasing dan Pengadaan. Saya ingin meminta informasi teknis mengenai spesifikasi printer yang direkomendasikan untuk kebutuhan cetak dokumen di kantor dengan volume cetak sedang sekitar 500 lembar per hari untuk 10 pengguna. Kami sedang dalam proses perencanaan pengadaan printer baru untuk lantai 3 yang akan dianggarkan pada kuartal ketiga tahun ini dan membutuhkan referensi teknis dari Tim IT sebelum kami membuat spesifikasi pengadaan secara resmi. Mohon rekomendasinya mencakup merek, tipe, dan fitur minimum yang disarankan beserta pertimbangan biaya per lembar yang paling ekonomis. Tidak ada deadline khusus untuk permintaan informasi ini. Darwis Hamid, Purchasing Officer, Ext. 2255.",Tiket IT,Rendah
Audit internal untuk standar operasional divisi pelayanan pelanggan akan dilakukan tanpa pemberitahuan setiap kuartal. Auditor akan menggunakan metode mystery shopper dengan call center Hasil audit digunakan sebagai komponen utama penentuan kinerja,SOP,Sedang
Pengajuan anggaran untuk kegiatan kini menyertakan proyeksi on investment yang jelas. pengajuan diserahkan ke bagian keuangan paling lambat tanggal sepuluh bulannya. Anggaran yang memenuhi kriteria minimum akan dikembalikan direvisi.,SOP,Sedang
"Kepada HRD yang Terhormat, Saya Irwan Saputra dari Divisi Teknik bermaksud memperbarui data tanggungan keluarga saya di sistem HR karena istri saya baru saja melahirkan anak kedua kami pada 3 November 2024. Data bayi perlu segera didaftarkan agar dapat masuk dalam tanggungan BPJS Kesehatan keluarga. Terlampir akta kelahiran dan kartu keluarga terbaru yang sudah mencantumkan nama anak kedua kami. Mohon diproses agar kartu BPJS dapat segera diterbitkan. Terima kasih atas",Email HR,Rendah
"Saya, Melati Wulandari dari Divisi Pengembangan Bisnis, mengajukan pengadaan 2 unit papan tulis digital interaktif. Perangkat direncanakan mendukung program inovasi dan kolaborasi jangka panjang. Spesifikasi minimal layar 75 inci resolusi 4K. Estimasi harga Rp55.000.000 per unit.",Permintaan Pengadaan,Rendah
"Pendaftaran asuransi bagi anggota keluarga baru karyawan, seperti anak yang baru lahir, dapat diajukan via portal karyawan. Sertakan salinan akta kelahiran dan kartu keluarga yang telah diperbarui sebagai dokumen pendukung. Pendaftaran harus dilakukan selambat-lambatnya tiga puluh hari setelah tanggal kelahiran anak.",SOP,Sedang
"Yth. Pimpinan HRD, saya terpaksa email ini karena sudah tidak tahan dengan tindakan perundungan dan pelecehan verbal yang dilakukan oleh manajer divisi saya selama dua terakhir. Tindakan beliau yang sering membentak dengan di depan umum telah merusak harga diri dan kesehatan mental saya secara memiliki rekaman bukti audio dan ingin meminta jadwal pertemuan tertutup dengan tim tata tertib HRD besok pagi. Mohon perlindungan dan atensinya. - Divisi Keuangan.",Email HR,Tinggi
"Apabila ada komplain terkait koneksi internet lambat yang sifatnya bukan mati total, karyawan dapat mengisi log di portal intranet. Tim dukungan teknis IT akan memproses perbaikan jaringan ini dalam kurun waktu dua puluh empat jam. Mohon jangan menelepon langsung ke nomor darurat server untuk kendala ini.",SOP,Rendah
"rekapitulasi dari Shella Oktarina, bagian Financial Compliance. Rekonsiliasi saldo antar departemen menunjukkan perbedaan pencatatan sebesar Rp 112.000.000 yang belum dapat dijelaskan. Selisih tersebut memengaruhi validitas laporan keuangan sementara. Tim terkait diminta menyelesaikan investigasi dalam dua hari kerja.",Laporan Keuangan,Tinggi
"Kepada Helpdesk IT, saya Hendra Wijaya dari Divisi Procurement ingin melaporkan masalah yang sangat mendesak. Laptop saya dengan asset tag LPT-2023-089 tidak bisa booting sama sekali sejak tadi pagi, layar hanya hitam dan muncul bunyi beep berulang-ulang. Hari ini adalah deadline pengumpulan dokumen tender pengadaan barang senilai 2 miliar dan semua dokumennya tersimpan di laptop tersebut. Saya sangat membutuhkan laptop pengganti sementara atau solusi segera untuk mengakses file-file tersebut sebelum pukul 15.00 WIB. Tolong bantu saya secepatnya, saya ada di ruang Procurement lantai 2, Ext. 2105.",Tiket IT,Tinggi
"Email dari Vicky Ramadhan, Divisi Operational Support. Biaya rutin penggantian perlengkapan kebersihan kantor mencapai Rp 1.740.000 pada minggu ini. Pengeluaran masih berada dalam batas yang telah ditetapkan perusahaan. Tidak diperlukan penambahan anggaran untuk periode berikutnya.",Laporan Keuangan,Rendah
"Kepada Yth. Tim HRD, saya menulis email ini untuk mengajukan tolong mutasi antar departemen dari divisi Customer Service ke divisi Digital Marketing. Saya merasa keahlian baru yang saya pelajari dalam setahun terakhir lebih cocok dan dapat memberikan kontribusi lebih besar di divisi marketing. Atasan saya saat ini sudah memberikan lampu hijau terkait rencana kepindahan ini. Mohon informasi mengenai jadwal wawancara internal atau tes yang harus saya lalui. - Linda Kartika, Divisi Pelayanan Pelanggan.",Email HR,Sedang
"Halo Tim HRD. Saya baru saja mendapat kabar dari sakit di Surabaya bahwa ibu kandung saya mendadak kritis dan tidak sadarkan diri di ruang ICU akibat serangan stroke. Oleh karena itu, saya harus segera terbang siang dan terpaksa mendelegasikan rapat penting nanti kepada kerja saya melalui pesan instan. Mohon bantuan HR untuk menerbitkan izin darurat insidental ini untuk durasi minimal 4 hari ke depan. Terima kasih pengertiannya. - Panji Luhur, Divisi Sales & Distribution.",Email HR,Tinggi
Saya Danendra Putra dari unit Logistik mengajukan pengadaan jasa keamanan tambahan sebanyak 4 personel dari Satpam eksternal selama pelaksanaan audit fisik aset minggu depan. Kerawanan sosial di sekitar area gudang logistik baru sedang meningkat menyusul insiden pencurian material kemarin lusa. Personel tambahan ini akan ditugaskan untuk menjaga perimeter luar selama 24 jam penuh. Estimasi biaya jasa pengamanan ini adalah Rp 12.000.000.,Permintaan Pengadaan,Tinggi
"Yth. Helpdesk, saya Lukman Hakim dari unit Legal Contract memerlukan akses ke repository kontrak digital. Saya baru ditugaskan membantu pengelolaan dokumen vendor dan belum bisa membuka folder tersebut. Saat ini belum ada deadline mendesak, tetapi akses diperlukan untuk pekerjaan rutin minggu ini. minta diproses setelah approval manajer saya diverifikasi.",Tiket IT,Sedang
"Divisi Umum mengusulkan pembelian 3 unit dispenser air minum tipe bawah (bottom loading) merk Sharp untuk ditempatkan di ruang tunggu tamu lantai 1 dan ruang istirahat staf. Dispenser yang lama masih menggunakan model galon atas yang menyulitkan petugas kebersihan saat melakukan penggantian air. Estimasi biaya untuk ketiga unit dispenser baru ini adalah Rp 7.500.000. Pengadaan ini bersifat non-urgent namun baik untuk kenyamanan bersama. Pengajuan dari Yayan Ruhian, Divisi Fasilitas.",Permintaan Pengadaan,Rendah
Penggunaan fasilitas pusat kebugaran kantor kini mewajibkan tenaga kerja mendaftar slot waktu via aplikasi internal. Waktu maksimal penggunaan fasilitas dibatasi hanya satu jam per sesi untuk menghindari kerumunan. Seluruh alat wajib dilap menggunakan cairan disinfektan yang tersedia setelah dipakai.,SOP,Sedang
"Email dari Yudi Kurnia, unit Operasional. Realisasi biaya transportasi distribusi mencapai Rp 167.000.000 atau 41% di atas budget yang disetujui. Kenaikan dipicu oleh perubahan rute dan biaya bahan bakar. Evaluasi menyeluruh perlu dilakukan untuk mencegah pembengkakan biaya lebih lanjut.",Laporan Keuangan,Tinggi
"Email dari Budi Santoso, Divisi Keuangan. Berdasarkan laporan laba rugi bulan Mei, terjadi penurunan laba bersih sebesar 18% dibanding bulan sebelumnya. Selisih utama berasal dari kenaikan biaya operasional sebesar Rp 145.000.000 yang belum dianggarkan. Mohon dilakukan evaluasi segera terhadap seluruh pengeluaran divisi terkait karena berdampak langsung pada target kuartal ini.",Laporan Keuangan,Tinggi
"Laporan dari Sri Wahyuni, Divisi Audit Internal. Pemeriksaan mendadak menemukan transaksi pembelian aset senilai Rp 274.000.000 yang belum memiliki dokumen persetujuan lengkap. Temuan ini dapat memengaruhi opini audit internal semester pertama. Mohon unit terkait segera melengkapi dokumen pendukung.",Laporan Keuangan,Tinggi
"Laporan dari Widya Anggraini, Divisi Akuntansi Biaya. Evaluasi biaya produksi menunjukkan kenaikan konsumsi bahan pendukung senilai Rp 146.000.000 dibanding standar yang telah ditetapkan. Penyimpangan ini terjadi pada beberapa lini produksi utama. Analisis akar penyebab perlu segera dilakukan untuk mencegah peningkatan biaya lebih lanjut.",Laporan Keuangan,Tinggi
Pemakaian mesin penghancur kertas elektrik berskala medium untuk kegiatan administrasi ringan ditempatkan berdampingan meja printer kubikel ruangan utama tim keuangan berjalan. Jangan sekali-kali mencoba menghancurkan bundel kertas berangkap tebal menempel disteples klip besi tebal atau akan berisiko merusak gigi gir pemotong mesin. Matikan arus stop kontaknya bila keranjang pembuangan sampah potongannya sudah menggunung dan buang tumpukan ampasnya ke keranjang plastik lorong sebelum mulai dinyalakan ulang.,SOP,Rendah
"Saya, Dedi Kurniawan dari bagian Produksi, mengajukan pengadaan jasa perbaikan dan penggantian komponen mesin produksi utama. Komponen yang diperlukan meliputi motor penggerak dan panel kontrol. Estimasi biaya jasa dan material sebesar Rp45.000.000. Kerusakan mesin telah menyebabkan penurunan kapasitas produksi secara signifikan.",Permintaan Pengadaan,Tinggi
"Instruksi penggantian tabung elpiji kecil penyulut kompor pantry diwajibkan dikerjakan hanya oleh perwakilan dari staf logistik kantor untuk kebocoran gas rawan api. Cukup sampaikan permohonan ke nomor logistik, dan staf akan tiba dalam menit tabung penggantinya. awam pengguna dipersilakan menyeduh minuman air panas dispenser listrik sembari menanti prosedur tersebut usai diproses.",SOP,Rendah
"Email dari Salma Anindita, Divisi Innovation Program. Kami mengajukan anggaran sebesar Rp 63.000.000 untuk pelaksanaan program inkubasi ide inovasi internal. Dana akan digunakan untuk workshop, pendampingan, dan kebutuhan operasional kegiatan. Mohon persetujuan agar program dapat berjalan sesuai jadwal.",Laporan Keuangan,Sedang
"Email dari Karina Putri Ananda, bagian Corporate Communication. Kami mengusulkan dana sebesar Rp 57.000.000 untuk produksi materi komunikasi perusahaan dan kampanye internal. Program ini bertujuan meningkatkan pemahaman karyawan terhadap strategi perusahaan. Mohon persetujuan untuk melanjutkan proses pengadaan.",Laporan Keuangan,Sedang
Prosedur pengembalian seragam kerja bagi karyawan yang selesai masa mewajibkan kondisi pakaian dicuci bersih. Bukti pengembalian seragam harus ditandatangani oleh staf HRD sebagai syarat klirens akhir. Karyawan yang menghilangkan seragamnya akan dikenakan biaya penggantian proporsional.,SOP,Sedang
"Email dari Arief Nugraha, departemen Risk Finance. Nilai cadangan kerugian piutang perlu ditingkatkan sebesar Rp 128.000.000 berdasarkan hasil evaluasi pelanggan berisiko tinggi. Penyesuaian ini akan berdampak langsung terhadap laba periode berjalan. minta persetujuan sebelum dilakukan pencatatan akuntansi.",Laporan Keuangan,Tinggi
Standar kelengkapan papan putih ruang ruang sidang ideasi diskusi kecil terdiri atas dua warna pulpen spidol warna gelap dan terang hitam merah dengan bantalan spons penghapus berbadan busa yang menempel magnet erat pada batang tepian alumuniumnya terjaga awet. Hindari penggunakan alat tulis marker spidol permanen non hapus tanpa air dan cairan kimia yang bakal sangat merusak permukaan laminasi licin lapisan putih akriliknya ketika salah gambar coret di presentasinya berjalan berjam-jam alot. Bagi rapat yang menggunakan dinding penuh corat coret diharap foto rekam segera hasil jepret tulisannya memakai ponsel jinjing lalu sapu bersih permukaannya dari seluruh angka gambar yang terekam pasca rapat karena dilarang keras meninggalkan petunjuk pesan rahasia strategi pemasaran pada fasilitas milik bersama yang sering gonta ganti peruntukan divisi rapatnya secara jadwal dadakan dan umum ini.,SOP,Rendah
"Yth. Tim HRD, saya Lina Kartika dari bagian Akuntansi. Saya ingin mengajukan cuti melahirkan sesuai rekomendasi dokter yang memperkirakan persalinan pada bulan depan. Saya telah menyiapkan proses serah terima pekerjaan kepada rekan yang ditunjuk. dimohon informasi terkait dokumen administrasi yang harus saya lengkapi.",Email HR,Sedang
"Saya, Eko Saputra dari Divisi Operasional, mengajukan pengadaan 5 unit lemari arsip berbahan baja. Lemari digunakan untuk penyimpanan dokumen penting perusahaan. Spesifikasi mencakup sistem penguncian dan empat rak penyimpanan. Estimasi harga Rp3.500.000 per unit.",Permintaan Pengadaan,Sedang
Program orientasi karyawan baru kini dilengkapi dengan modul e-learning wajib mengenai etika bisnis. Modul tersebut harus diselesaikan dalam minggu pertama masa percobaan. Sertifikat kelulusan e-learning menjadi syarat mutlak untuk mendapatkan fasilitas laptop kerja.,SOP,Sedang
Surat menyurat resmi terkait perpanjangan masa aktif kotak pos perusahaan diurus oleh departemen umum sebulan sebelum jatuh tempo. Staf pengambil surat akan menjemput fisik surat di kantor pos setiap hari Selasa dan Kamis pagi. Surat-surat tersebut akan langsung didistribusikan ke baki surat setiap departemen.,SOP,Rendah
"Mesin fotokopi lantai dua dikhususkan untuk keperluan cetak dokumen hitam putih berskala besar. Untuk mencetak presentasi dengan resolusi tinggi, silakan gunakan printer laser di ruangan staf desain. Pastikan selalu mengisi kembali kertas yang ke dalam baki setelah selesai mencetak.",SOP,Rendah
Penyediaan permen atau makanan ringan di meja resepsionis depan adalah tanggung jawab bagian departemen layanan umum. Pengisian wadah permen tersebut dijadwalkan secara rutin saat shift kerja awal pukul delapan pagi. tolong jangan memajang produk makanan yang mereknya berasal dari kompetitor industri kita secara eksplisit di meja layanan tersebut.,SOP,Rendah
Kami membutuhkan 1 unit printer multifungsi LaserJet Pro M428fdw untuk menggantikan printer lama di ruang kerja akuntansi yang sering mengalami paper jam. Printer ini sangat dibutuhkan untuk mencetak laporan perpajakan bulanan yang tebal secara efisien. Estimasi printer baru ini adalah Rp8.500.000. ini dibuat oleh Lisa Permatasari dari Divisi Perpajakan.,Permintaan Pengadaan,Sedang
"Yth. Tim HRD, Saya Wulandari dari Divisi Umum ingin menanyakan mengenai dress code perusahaan khususnya hari apakah masih berlaku aturan casual atau sudah berubah kembali ke formal. Beberapa rekan kerja memiliki pemahaman yang berbeda-beda mengenai hal ini dan ada pengumuman resmi terbaru dari yang bisa kami jadikan acuan. Apakah ada surat edaran atau kebijakan tertulis yang bisa dikirimkan ke seluruh karyawan? Terima kasih atas klarifikasinya.",Email HR,Rendah
"Halo Tim HRD. Saya ingin menginformasikan bahwa dokumen kartu BPJS Kesehatan fisik milik saya mengalami kerusakan pada bagian barcode sehingga tidak terbaca di fasilitas kesehatan. Apakah proses pengajuan cetak ulang kartu fisik bisa difasilitasi oleh tim HRD perusahaan, ataukah saya harus mengurusnya secara mandiri ke kantor cabang BPJS terdekat? Mohon informasi petunjuk dan langkah prosedurnya. Terima kasih. - Taufik Ismail, Divisi Facilities Management.",Email HR,Rendah
"Email dari Lestari Ayuningrum, Keuangan Korporat. Terdapat lonjakan pengeluaran promosi hingga Rp 286.000.000 pada kuartal ini tanpa revisi anggaran yang disetujui. Kondisi tersebut menyebabkan deviasi terhadap rencana keuangan tahunan. Mohon klarifikasi dari unit pemasaran terkait penggunaan dana tersebut.",Laporan Keuangan,Tinggi
"Halo IT Helpdesk, saya Hadi Saputra yang baru saja dipindahtugaskan Divisi Warehouse Divisi Logistics dan Distribution sejak bulan Email lama saya masih menggunakan format cabang dan perlu diperbarui sesuai struktur email Divisi Logistik baru sesuai kebijakan Selain perubahan alamat email, saya juga memerlukan akses ke sistem TMS yaitu Transportation Management System yang digunakan oleh Logistik untuk operasional harian. Mohon bantu proses perubahan email akses sistem ini sekaligus. Surat mutasi HRD sudah saya lampirkan sebagai dokumen pendukung yang diperlukan. Hadi Saputra, Logistics Staff, Ext. 8802.",Tiket IT,Sedang
"Email dari Arman Syahputra, Divisi Financial Risk. Nilai piutang bermasalah meningkat menjadi Rp 267.000.000 setelah beberapa pelanggan gagal memenuhi jadwal pembayaran. Kondisi ini berdampak pada rasio likuiditas perusahaan. Diperlukan langkah mitigasi dan penagihan intensif terhadap akun terkait.",Laporan Keuangan,Tinggi
"Lisensi perangkat lunak Adobe Creative Cloud Enterprise untuk 8 orang desainer di tim media kreatif telah habis masa berlakunya per hari ini. Hal ini menyebabkan seluruh pekerjaan pembuatan materi promosi dan video peluncuran produk baru terhenti total. Kami meminta perpanjangan lisensi tahunan untuk 8 user tersebut secepatnya agar tim bisa melanjutkan produksi konten hari ini juga. Estimasi biaya langganan tahunan ini adalah Rp 96.000.000. Pengajuan dari Rian Hidayat, Divisi Pemasaran Kreatif.",Permintaan Pengadaan,Tinggi
"Proyektor utama di ruang rapat direksi mengalami kerusakan optik internal yang membuatnya mati total, padahal akan digunakan presentasi laporan tahunan di depan komisaris. Kami pengadaan 1 unit Proyektor Laser Epson EB-L520U dengan tingkat kecerahan 5200 agar tampilan grafik terlihat jelas. Estimasi harga untuk unit proyektor ini adalah Rp 29.500.000. Persetujuan segera sangat dibutuhkan kelancaran agenda sakral perusahaan. Pengajuan dari Eko Divisi Sekretariat Korporat.",Permintaan Pengadaan,Tinggi
"Selamat Tim HRD. Saya perwakilan tim lantai 2 ingin mengusulkan penambahan fasilitas tempat sampah pilah (organik dan non-organik) di beberapa sudut ruang kerja komunal kami. Langkah ini dirasa baik untuk mendukung program go-green perusahaan menjaga kantor agar sisa makanan tidak menumpuk di meja kerja. Mohon dipertimbangkan usulan ini dalam fasilitas bulanan HRD. kasih. - Bagus Wijaya, Divisi Application Support.",Email HR,Rendah
"Saya, Anggraini dari Divisi SDM, mengajukan pengadaan 20 unit kursi kerja ergonomis. akan untuk mengganti sebagian furnitur yang sudah aus. Spesifikasi mencakup sandaran punggung dan pengaturan ketinggian. Estimasi Rp2.300.000 per unit.",Permintaan Pengadaan,Sedang
"Kepada Tim K3 dan HRD, saya melaporkan kondisi darurat area laboratorium kimia lantai dasar di mana terdeteksi adanya kebocoran gas beracun yang baunya mulai menyebar ke ruang Seluruh di lantai tersebut saat ini sudah kami instruksikan untuk keluar menuju titik kumpul demi keselamatan Mohon tim HR segera menghentikan absensi sidik jari sementara waktu dan berkoordinasi dengan tim pemadam serta teknisi gedung untuk mengisolasi kebocoran sebelum jatuh korban jiwa. - Dr. Anwar Fauzi, Divisi Riset dan Pengembangan.",Email HR,Tinggi
Penyerahan dokumen fisik kepada kurir internal untuk diantar ke cabang sebelum sebelas siang. Dokumen diserahkan setelah waktu tersebut akan pada pengiriman keesokan harinya. Pastikan dokumen sudah dimasukkan ke dalam amplop cokelat tersegel rapi.,SOP,Rendah
"Email dari Fathan Nugroho, unit Analisis Profitabilitas. Hasil evaluasi menunjukkan margin operasional perusahaan turun sebesar Rp 228.000.000 dibanding target semester berjalan. Penurunan terutama berasal dari peningkatan biaya distribusi dan diskon penjualan. Diperlukan langkah korektif untuk menjaga kinerja keuangan hingga akhir tahun.",Laporan Keuangan,Tinggi
"Selamat pagi Tim IT, saya Lia Anggraeni, Sekretaris Direktur Utama. Bapak Direktur Utama Haryono Sulistyo tidak bisa mengakses email Outlook beliau sejak kemarin sore hingga pagi ini. Sudah dilakukan restart berkali-kali namun tetap tidak bisa membuka inbox dan muncul pesan Your mailbox has been temporarily moved. Hari ini beliau memiliki serangkaian rapat dewan direksi dan sangat membutuhkan akses email untuk koordinasi yang bersifat urgent. Mohon ini dijadikan prioritas tertinggi dan teknisi senior dikirim ke ruang Direktur lantai 10 sebelum pukul 08.30 WIB. Saya bisa dihubungi di Ext. 1001.",Tiket IT,Tinggi
"Halo IT Support, saya Novi Rahayu dari tim Marketing Communications. Saya ingin menanyakan berapa kapasitas total mailbox email perusahaan yang diberikan untuk setiap karyawan. Beberapa waktu ini saya cukup sering menerima notifikasi bahwa mailbox hampir penuh dan beberapa email baru tidak bisa masuk. Apakah kapasitas mailbox bisa ditambah atas permintaan individu, dan apakah ada panduan untuk mengarsipkan email lama agar kotak masuk tidak cepat penuh kembali? Tidak ada urgensi tertentu, hanya ingin mendapat informasi untuk pengelolaan email yang lebih baik ke depannya. Terima kasih, Novi Rahayu, Marketing Comm., Ext. 3322.",Tiket IT,Rendah
"Guna mengurangi penggunaan staples yang berujung karat jika lama tidak diganti disimpan di rak boks arsip dokumen, petugas divisi administrasi disarankan lebih mengutamakan panggunaan klip penjepit kertas berwarna warni ukuran jumbo tebal sebagai penggantinya menyatukan surat perjanjian. Sistem pengait warna penjepit plastik tebal itu bisa sekalian digunakan pertanda indikator tahapan prioritas revisi pemrosesan status penawaran vendor bulanan dokumen draf berjalan ini. Saat proses kliring selesai dan data file diringkas scan elektronik maka klip beraneka corak bisa dicopot untuk ditampung lalu disumbangkan dipakai lintas meja administrasi tim pendukung kerja lain.",SOP,Rendah
"Selamat pagi rekan HR. Saya ingin menanyakan perihal slip bulanan yang biasanya dikirimkan otomatis ke email personal kami. bulan ini belum menerima email dokumen slip gaji tersebut, padahal biasanya sudah masuk bersamaan dengan tanggal gajian. Apakah sistem email otomatis sedang gangguan atau Mohon untuk ulang slip gaji saya bulan ini. Terima kasih. - Lukman Hakim, Audit",Email HR,Rendah
"Halo Tim HRD. Saya ingin melaporkan adanya pemotongan gaji yang sangat signifikan pada slip gaji saya bulan Mei ini tanpa adanya pemberitahuan atau surat peringatan sebelumnya. Saya merasa tidak melakukan pelanggaran apa pun yang dapat memicu denda atau pemotongan sebesar ini. Mohon penjelasan tertulis dan koreksi segera dari pihak HR karena pemotongan ini sangat mengganggu arus kas bulanan saya. - Rian Hidayat, Divisi Produksi.",Email HR,Tinggi
Tiap petugas operator ruang kendali server sekuritas yang bersiaga pada pergantian jam malam piketnya dianjurkan menggunakan fitur redup gelap mode hemat layar sentuh pendar cahaya terang panel monitor tidak membuat lelah letih mata jaga harian ini menjadi rekomendasi keselamatan dan standar ruang pantau yang sudah disetujui pihak dokter pengawas kerja internal perusahaan di laporan visitasi bulanan berkala. Kopi pahit kental kemasan botolan dan juga permen sediakan diri boleh dilibatkan sarana mengusir sejenak rasa kantuk berjaga tapi pantang tersentuh memercik menumpahi tetikus,SOP,Rendah
"Sehubungan dengan rusaknya switch core jaringan utama di lantai 3, koneksi internet untuk seluruh staf operasional saat ini terputus total. Kami meminta pengadaan darurat 1 unit Cisco Catalyst Switch 24-Port untuk menggantikan perangkat yang terbakar tersebut akibat lonjakan arus listrik. Estimasi biaya yang diperlukan adalah Rp 28.000.000 dan vendor siap mengirimkannya hari ini juga jika PO diterbitkan. Pengajuan oleh Agus Susanto, Divisi Jaringan dan Komunikasi.",Permintaan Pengadaan,Tinggi
"Selamat pagi Tim IT, saya Marlina Yusuf dari unit HR Services ingin meminta informasi format standar permintaan akses sistem untuk pegawai mutasi. Bulan depan ada beberapa perpindahan posisi antar divisi. Kami ingin menyiapkan dokumen pengajuan akses dengan benar sejak awal. Mohon dibagikan template atau daftar informasi yang dibutuhkan.",Tiket IT,Rendah
"Email dari Bayu Prasetya, bagian Budget Monitoring. Realisasi biaya sewa fasilitas tambahan mencapai Rp 243.000.000 atau 47% di atas dana yang tersedia. Pengeluaran tersebut dilakukan untuk memenuhi peningkatan kebutuhan operasional. Diperlukan pembahasan terkait revisi alokasi dana pada semester berjalan.",Laporan Keuangan,Tinggi
Penanganan kecelakaan kerja berat di area produksi harus diutamakan dengan memanggil tim medis darurat. Mesin yang terlibat dalam insiden harus sesegera mungkin dimatikan dan diisolasi. report kronologi kejadian wajib disusun oleh supervisor shift yang bertugas.,SOP,Tinggi
Laporan dari Elsa Divisi Operasional. Kami mengajukan anggaran pemeliharaan produksi sebesar Rp 75.000.000 untuk kuartal berikutnya. Perawatan dilakukan guna mengurangi risiko gangguan operasional. Rincian kebutuhan telah dilampirkan pada dokumen pendukung.,Laporan Keuangan,Sedang
"Selamat siang Tim IT, saya Yuni Astuti dari HR Department. Kami akan menerima 2 pegawai baru di posisi Senior Manager yang akan mulai bekerja pada tanggal 15 Juni 2026. minta disiapkan workstation lengkap untuk masing-masing karyawan meliputi laptop, monitor eksternal, keyboard, mouse, akun email perusahaan, akses sistem ERP, dan akses ke shared folder departemen terkait. Karyawan pertama ditempatkan di Divisi Finance lantai 5 meja F-12 dan karyawan kedua di Divisi Operations lantai 6 meja O-08. Detail nama lengkap dan kebutuhan akses spesifik masing-masing sudah saya lampirkan di tiket ini. Mohon konfirmasi kesiapan paling lambat dua hari sebelum tanggal mulai kerja. Yuni Astuti, HR Business Partner, Ext. 1115.",Tiket IT,Sedang
"Email dari Reza Maulana, Divisi Treasury. kewajiban pinjaman jangka senilai Rp 500.000.000 yang jatuh dalam tiga hari kerja. Saldo kas yang tersedia saat hanya Rp 221.000.000. Mohon keputusan terkait pencairan investasi jangka pendek untuk menjaga likuiditas perusahaan.",Laporan Keuangan,Tinggi
pagi tim. Laptop yang saya gunakan saat ini layarnya sudah mulai kuning di bagian pinggir. Saya Eko dari divisi ingin mengajukan permohonan penggantian unit baru. Kinerja laptop juga sudah sangat lambat saat membuka banyak tab operasional harian. Mohon diinformasikan prosedur penukarannya seperti apa.,Tiket IT,Sedang
"Mohon segera diproses pengadaan 5 unit laptop Dell Latitude 5440 untuk tim pengembang software di divisi IT. Laptop yang ada saat ini sering mengalami crash saat menjalankan kompilasi kode berat, sehingga menghambat progres proyek client X yang harus selesai akhir bulan ini. Spesifikasi yang dibutuhkan adalah prosesor Intel Core i7, RAM 16GB, dan SSD 512GB. Estimasi total biaya untuk pengadaan ini adalah Rp 90.000.000. Pengajuan oleh Bambang Wijaya, Divisi Teknologi Informasi.",Permintaan Pengadaan,Tinggi
Alur pengiriman surat keluar resmi perusahaan kini harus dipusatkan melalui ruang pos. Staf pos akan mencatat dan memilah dokumen sesuai dengan jasa ekspedisi yang bekerja sama. Setiap dokumen keluar wajib mencantumkan nomor referensi surat yang valid.,SOP,Sedang
"Email Meita Purnamasari, Divisi Reception rutin untuk kebutuhan bunga meja dan dekorasi area penerima tamu mencapai Rp 1.560.000 bulan ini. Biaya tersebut sesuai dengan anggaran pemeliharaan lingkungan kantor. Tidak diperlukan lanjut dari tim keuangan.",Laporan Keuangan,Rendah
Format penulisan tanda tangan otomatis atau signature pada surel resmi pegawai wajib seragam mencantumkan logo perusahaan terbaru. Informasi nomor ponsel pribadi boleh dihilangkan jika pegawai tidak nyaman menampilkannya di korespondensi luar. Gunakan jenis huruf Arial dengan ukuran standar dua belas poin pada tulisan tersebut.,SOP,Rendah
Permohonan potong di taman depan kantor untuk merapikan lobi eksterior dilakukan secara rutin dua kali sebulan. Tukang kebun diperbolehkan menghidupkan mesin potong rumput berbahan bakar saat ada acara rapat besar di lantai satu. Potongan rumput harus disapu dan dimasukkan ke karung kompos dengan segera.,SOP,Rendah
"Laporan dari Suci Anindita, Divisi Front Office. Dana kas kecil digunakan sebesar Rp 930.000 untuk kebutuhan konsumsi tamu dan perlengkapan resepsionis. Seluruh pengeluaran telah dicatat dalam buku kas harian. Tidak ditemukan transaksi yang memerlukan tindak lanjut.",Laporan Keuangan,Rendah
"Halo Tim IT, Wulan Sari dari ingin bertanya mengenai mengganti tanda tangan email di Outlook. Saya perlu memperbarui nomor ekstensi dan jabatan terbaru pada signature. Saat ini saya belum menemukan menu di aplikasi desktop. Mohon dikirimkan singkat ketika ada waktu.",Tiket IT,Rendah
"Laporan dari Rafi Alamsyah, Divisi Teknologi Operasional. Pengeluaran pemeliharaan server dan infrastruktur pendukung selama bulan ini tercatat sebesar Rp 26.400.000. Biaya digunakan pembaruan perangkat keras dan layanan teknis berkala. Seluruh transaksi telah sesuai dengan kontrak yang berlaku.",Laporan Keuangan,Sedang
"Yth. HRD PT Bintang Timur, Saya Dian Permatasari dari departemen Kreatif ingin menanyakan informasi mengenai benefit kesehatan yang disediakan perusahaan, khususnya apakah biaya kacamata termasuk dalam tanggungan BPJS atau asuransi swasta perusahaan. Saya berencana mengganti kacamata bulan ini dan ingin memanfaatkan fasilitas yang ada. Jika ada batas maksimum klaim dan prosedur permintaan mohon dapat diinformasikan juga. Terima kasih atas penjelasannya.",Email HR,Rendah
minta potong rumput di taman depan kantor untuk merapikan area lobi eksterior dilakukan secara rutin dua kali sebulan. Tukang kebun tidak diperbolehkan menghidupkan mesin potong rumput berbahan bakar bensin saat ada acara rapat besar di lantai satu. Potongan rumput harus disapu dan dimasukkan ke karung kompos dengan sesegera mungkin,SOP,Rendah
"Halo Tim HRD. Saya ingin menginformasikan bahwa dokumen kartu BPJS Kesehatan fisik milik saya mengalami kerusakan pada barcode sehingga tidak terbaca fasilitas kesehatan. Apakah proses cetak ulang kartu fisik bisa difasilitasi tim HRD ataukah saya harus secara ke kantor cabang BPJS terdekat? Mohon petunjuk dan langkah prosedurnya. Terima kasih. - Taufik Ismail, Divisi Facilities Management.",Email HR,Rendah
"Tim IT yang terhormat, saya Guntur Wibisono dari Divisi Riset dan Pengembangan Produk. Saya memerlukan akses ke repository Git internal perusahaan dan server Jenkins untuk keperluan kolaborasi dalam proyek pengembangan aplikasi internal yang saya baru bergabung minggu ini. Manajer proyek saya yaitu Bapak Rizal Anwar sudah memberikan persetujuan dan akan mengirimkan email konfirmasi kepada Tim IT secara terpisah. Mohon juga disiapkan akses SSH ke server development dengan IP 192.168.50.10 menggunakan public key SSH yang sudah saya lampirkan di tiket ini. Saya sangat membutuhkan akses ini sebelum akhir minggu agar bisa mulai berkontribusi pada sprint yang sedang berjalan. Guntur Wibisono, Junior Software Developer, Ext. 0040.",Tiket IT,Sedang
Pengajuan tahunan dengan durasi lebih dari lima hari berturut-turut wajib dilakukan sebelumnya. Atasan berhak menolak pengajuan jika kapasitas tim berada di bawah batas minimum operasional. Cuti baru dianggap sah jika telah mendapatkan persetujuan digital di sistem HR.,SOP,Sedang
Prosedur pengembalian barang retur dari pelanggan mewajibkan staf gudang memisahkan barang cacat di zona Barang retur boleh dikembalikan ke rak penjualan sebelum melewati inspeksi ulang. Barang yang tidak bisa diperbaiki akan dilabeli untuk dimusnahkan secara berkala.,SOP,Sedang
"Laporan dari Rina Kusuma, Divisi Audit Internal. Tim menerima pemberitahuan audit mendadak terkait penggunaan anggaran proyek transformasi digital. Total dana yang telah digunakan Rp 425.000.000 dan beberapa dokumen pendukung masih belum lengkap. Seluruh unit terkait diminta menyerahkan bukti transaksi paling lambat besok pagi.",Laporan Keuangan,Tinggi
"Kepada Tim HRD, Saya Mega Lestari, Asisten Manajer Divisi Finance, ingin menyampaikan saya mengalami tekanan berlebihan dan dugaan praktik paksa dari atasan saya. Saya secara rutin diwajibkan lembur hingga pukul 23.00 WIB tanpa kompensasi dengan alasan dedikasi dan loyalitas, dan jika menolak dianggap tidak kooperatif penilaian kinerja. Dalam bulan terakhir kondisi ini berdampak pada kesehatan fisik saya sebagaimana dibuktikan dengan surat dokter terlampir. Saya memohon HRD melakukan investigasi terhadap praktik manajemen di dan memastikan hak-hak saya terpenuhi sesuai aturan ketenagakerjaan. Mohon respons segera karena kondisi saya sudah cukup",Email HR,Tinggi
"Laporan dari Rina Kusuma, Divisi Audit Internal. Tim menerima pemberitahuan audit mendadak terkait penggunaan anggaran proyek transformasi digital. Total dana yang telah digunakan mencapai Rp 425.000.000 dan beberapa dokumen pendukung masih belum lengkap. Seluruh unit terkait diminta menyerahkan bukti transaksi paling lambat besok pagi.",Laporan Keuangan,Tinggi
"Yth. Helpdesk saya Siska Lavenia dari Divisi Payroll meminta setup email untuk karyawan kontrak bernama Deni Firmansyah. Akun email diperlukan untuk menerima jadwal kerja dan dokumen administrasi internal. Karyawan tersebut mulai aktif pada awal minggu depan. dibuatkan email, kalender, dan akses sesuai onboarding.",Tiket IT,Sedang
"Selamat siang HRD, saya Putri Anggraini dari departemen Human Capital Support. Masa kontrak kerja saya akan berakhir pada akhir bulan ini dan saya ingin menanyakan proses perpanjangan kontrak. Hingga saat ini saya belum menerima informasi resmi terkait evaluasi maupun keputusan lanjutan. minta arahan mengenai tahapan yang perlu saya ikuti.",Email HR,Sedang
"Email dari Damar Wicaksono, Divisi Financial Planning. Forecast menunjukkan kebutuhan modal kerja tambahan sebesar Rp untuk mendukung peningkatan volume produksi pada kuartal berikutnya. Tanpa penyesuaian pendanaan, perusahaan berpotensi mengalami keterbatasan kas operasional. Mohon persetujuan atas skenario pendanaan yang diajukan.",Laporan Keuangan,Tinggi
Laporan dari Rehan Divisi Product Development. Kami mengajukan anggaran Rp 69.000.000 untuk kebutuhan uji coba generasi terbaru. Dana tersebut akan digunakan untuk pembelian material jasa laboratorium. Mohon dilakukan evaluasi sesuai prosedur perusahaan.,Laporan Keuangan,Sedang
"Email dari Rizal Firmansyah, Divisi Treasury Control. Jadwal pembayaran kewajiban jangka pendek minggu mencapai Rp 326.000.000 sementara penerimaan kas yang diproyeksikan hanya 118.000.000. Perbedaan tersebut menciptakan risiko kekurangan likuiditas. Mohon keputusan terkait prioritas pembayaran pendanaan alternatif.",Laporan Keuangan,Tinggi
"Kami memerlukan pengadaan 8 unit meja kerja kubikal modular untuk penataan ulang ruang kerja tim pemasaran digital yang baru saja mengalami perluasan struktur organisasi. Meja bermodel sekat minimalis ini dipilih agar dapat mengoptimalkan keterbatasan luas ruangan di lantai 3 kantor pusat. Estimasi total anggaran untuk pengadaan furniture kantor baru ini adalah Rp 18.400.000. Pengerjaan instalasi meja diharapkan dapat dijadwalkan pada akhir pekan ini. Pengajuan dari Fajar Nugroho, Divisi Pemasaran Digital.",Permintaan Pengadaan,Sedang
"report dari Widia Kusuma, unit Finance Transformation. Proyek implementasi sistem keuangan telah menyerap dana Rp 367.000.000 atau 88% dari anggaran yang tersedia. Beberapa pekerjaan utama masih belum selesai sesuai jadwal. Evaluasi kebutuhan tambahan dana perlu segera dilakukan.",Laporan Keuangan,Tinggi
Setiap permohonan sumbangan atau sponsor dari pihak eksternal harus diarahkan ke departemen CSR perusahaan. Proposal fisik harus dicatat dalam buku besar dan direviu kelayakannya secara bulanan. Bantuan dana hanya akan disalurkan melalui transfer bank langsung ke rekening yayasan resmi.,SOP,Sedang
"departemen Konstruksi memerlukan 3 unit Digital Theodolite Topcon untuk mendukung proyek pengukuran lahan baru yang akan dimulai awal pekan depan. Alat ukur lama milik tim di lapangan hilang saat mobilisasi proyek sebelumnya, sehingga pengerjaan terancam tertunda. Estimasi biaya pengadaan alat teknis ini adalah Rp105.000.000. permintaan ini dikirim oleh Adi Nugroho dari Divisi Operasional Konstruksi.",Permintaan Pengadaan,Tinggi
Selamat sore. Saya Vina dari HRD ingin bertanya mengenai kapasitas penyimpanan email Outlook kita. Apakah ada fitur arsip otomatis yang bisa diaktifkan agar email yang usianya lebih dari 2 tahun pindah ke hardisk? Inbox saya sudah lumayan penuh dan saya bingung cara merapikannya secara manual. minta pencerahannya dari tim IT ya.,Tiket IT,Rendah
Saya Baskoro Adi dari departemen Retail membutuhkan 5 unit tablet kasir portable Samsung Galaxy Tab A9 untuk dipasang di booth pameran dadakan mulai lusa. Tablet kasir yang lama hilang saat proses mobilisasi logistik kemarin malam dan kami tidak memiliki cadangan. Spesifikasi yang dibutuhkan adalah RAM minimal 4GB dan konektivitas 4G LTE agar transaksi pembayaran tidak terhambat. Estimasi total dana yang diperlukan adalah Rp 15.000.000.,Permintaan Pengadaan,Tinggi
"Halo Tim HR, saya bermaksud mengajukan penggantian (reimbursement) biaya rawat inap rumah sakit untuk anak saya yang dirawat demam berdarah minggu lalu. Dokumen pendukung berupa resume medis, rincian asli dari sakit, form klaim asuransi korporat telah saya lengkapi semuanya. Mohon ditinjau apakah seluruh komponen tersebut masuk dalam cakupan plafon kesehatan kelas saya. Terima kasih banyak. - Ahmad Zakaria, Divisi Supply Chain.",Email HR,Sedang
"Laporan Anisa Maharani, Divisi Administrasi. Rekap reimbursement perjalanan dinas menunjukkan total klaim sebesar Rp 14.800.000. Seluruh bukti pengeluaran telah diverifikasi sesuai kebijakan perusahaan. Mohon proses pembayaran dilakukan pada periode berikutnya.",Laporan Keuangan,Sedang
"Selamat siang Helpdesk, saya Rendi Firmansyah dari departemen Internal Communication ingin meminta panduan cara membagikan file besar melalui SharePoint. Beberapa video dokumentasi kegiatan terlalu besar untuk dikirim melalui email. Saat ini file masih tersimpan di perangkat lokal. Mohon informasi langkah aman untuk mengunggah dan membagikan link ke peserta internal.",Tiket IT,Rendah
"Kami membutuhkan penyediaan jasa catering eksternal secara mendesak untuk menjamu kunjungan mendadak dari delegasi investor asing besok siang. Total pesanan adalah sebanyak 35 paket menu makan siang premium lengkap dengan hidangan penutup tradisional. Estimasi total biaya untuk layanan kuliner eksklusif ini adalah Rp 8.750.000. Mengingat pentingnya impresi pertama para investor terhadap profesionalisme perusahaan, persetujuan cepat sangat kami harapkan. Pengajuan dari Dewi Lestari, Divisi Hubungan Masyarakat.",Permintaan Pengadaan,Tinggi
"Kepada HRD yang Terhormat, Saya Irwan Saputra dari Divisi Teknik bermaksud memperbarui data tanggungan keluarga saya di sistem HR karena istri saya baru saja melahirkan anak kedua kami pada 3 November 2024. Data bayi perlu segera didaftarkan agar dapat masuk dalam tanggungan BPJS Kesehatan keluarga. Terlampir saya kirimkan akta kelahiran dan kartu keluarga terbaru yang sudah mencantumkan nama anak kedua kami. Mohon diproses agar kartu BPJS anggota baru bisa segera diterbitkan. Terima kasih atas bantuannya.",Email HR,Rendah
"Laporan dari Lina Handayani, Divisi Treasury. Saldo rekening operasional utama saat ini hanya Rp 8.500.000 sementara kebutuhan gaji karyawan mencapai Rp 275.000.000. Kondisi ini memerlukan tindakan pendanaan darurat. Mohon arahan dan persetujuan pencairan dana cadangan.",Laporan Keuangan,Tinggi
"Email dari Dimas Ramadhan, departemen Umum. rekap petty cash minggu ini menunjukkan penggunaan dana sebesar Rp 1.850.000. Pengeluaran digunakan untuk kebutuhan konsumsi rapat dan transportasi lokal. Saldo kas kecil masih berada pada batas aman.",Laporan Keuangan,Rendah
"Halo HRD, saya Yoga Saputra dari Divisi Engineering. Saya mengalami kecelakaan kerja ringan saat melakukan perawatan mesin dan telah mendapatkan pemeriksaan di klinik perusahaan. Saya ingin memastikan bahwa laporan kejadian sudah tercatat serta mengetahui hak yang dapat saya peroleh sesuai kebijakan perusahaan. Mohon informasi mengenai langkah administrasi yang perlu saya lengkapi.",Email HR,Tinggi
Penataan kursi ruang serbaguna pasca digunakan untuk rapat rutin atau briefing pagi menjadi tanggung jawab penyelenggara acara. Kembalikan meja dan kursi pada format penataan standar seperti bentuk ruang kelas. Bersihkan setiap sampah kertas dan botol minuman ringan sebelum meninggalkan tempat.,SOP,Rendah
"Selamat pagi Tim saya Aditia Fadli dari Divisi Management tidak bisa login ke sistem pelacakan kendaraan. Pesan menyatakan kredensial tidak valid, password yang digunakan masih seperti kemarin. Kami harus memantau armada pengiriman yang sedang berjalan pagi ini. Mohon segera dibantu reset password atau pengecekan akun saya.",Tiket IT,Tinggi
"Kami mengajukan permintaan rutin pembelian Alat Tulis Kantor (ATK) untuk kebutuhan operasional bulanan di lantai 2 3. Barang yang dibutuhkan meliputi 20 rim kertas A4 Sinar Dunia 80gr, 5 pak isi 12, dan 10 buah map Estimasi total biaya untuk pemenuhan ATK ini adalah Rp1.800.000. Pengajuan ini dibuat oleh Mega Utami dari Divisi Administrasi Umum.",Permintaan Pengadaan,Sedang
"Pagi Tim, saya sedang tugas di luar kota dan perlu akses data di server kantor secepatnya. Namun, aplikasi VPN selalu gagal terhubung dengan pesan connection timeout. Data ini harus saya kirimkan ke direksi sebelum jam makan siang hari ini. dimohon dicek apakah VPN server sedang kendala",Tiket IT,Tinggi
Karyawan dapat menggunakan layanan parkir sepeda yang tersedia secara gratis di sisi barat gedung. Pastikan sepeda Anda dikunci dengan gembok pribadi pada palang besi yang telah disediakan manajemen. Helm dan perlengkapan bersepeda lainnya harap dibawa masuk ke loker masing-masing.,SOP,Rendah
"Email dari Arman Syahputra, Divisi Financial Risk. Nilai piutang bermasalah menjadi Rp setelah beberapa pelanggan gagal memenuhi jadwal pembayaran. Kondisi ini pada rasio likuiditas perusahaan. Diperlukan langkah mitigasi dan penagihan intensif terhadap terkait.",Laporan Keuangan,Tinggi
Permintaan lembur harus diajukan oleh supervisor tim kepada manajer departemen sebelum jam empat sore. Pekerjaan lembur yang tidak memiliki persetujuan tertulis tidak akan dibayarkan kompensasinya. Jam lembur maksimal dibatasi hingga tiga jam per hari sesuai peraturan ketenagakerjaan.,SOP,Sedang
"Selamat pagi Tim IT, saya Desi Amalia dari departemen HR ingin mengetahui prosedur usulan akun untuk peserta magang. Bulan depan kami akan menerima beberapa peserta baru dari universitas. Kami ingin menyiapkan kebutuhan email dan akses aplikasi sejak awal. Mohon informasi dokumen apa saja yang perlu dilampirkan dalam permintaan akun.",Tiket IT,Rendah
"Prosedur pengembalian uang lebih bagi kasir ritel kepada pembeli yang nilai kembaliannya berupa pecahan receh koin diatur dengan penyediaan sedia permen senilai sama hanya sebagai opsi darurat semata. Jika pelanggan berkenan diganti permen, kasir wajib meminta receh uang kembalian pas ke kasir di konter sebelah sesegera mungkin. Tidak boleh sama sekali mengucapkan dalih tidak ada uang kembalian nominal berapa pun itu.",SOP,Rendah
"Yth. HRD PT Maju Bersama, Saya Rudi Pramono, Supervisor Gudang, melaporkan bahwa terjadi pemotongan gaji yang tidak wajar pada slip gaji bulan September 2024 saya sebesar Rp 1.750.000 tanpa ada penjelasan atau notifikasi sebelumnya. Setelah saya cek, tidak ada keterlambatan absensi atau alokasi disiplin apapun yang saya lakukan di bulan tersebut. Saya sudah menghubungi admin penggajian namun tidak mendapatkan jawaban yang memuaskan hingga lebih dari seminggu. harap HRD segera menginvestigasi dan mengembalikan kelebihan potongan tersebut pada pembayaran berikutnya beserta penjelasan tertulis. Ini sudah yang kedua kalinya terjadi dalam 3 bulan terakhir dan sangat mengganggu kepercayaan saya terhadap sistem penggajian perusahaan.",Email HR,Tinggi
"Tolong lakukan pengadaan rutin paket alat tulis kantor (ATK) untuk kebutuhan operasional bulanan seluruh bagian di Gedung Pusat. Paket ATK ini mencakup 50 rim kertas A4 80 gram, 10 pak pulpen hitam, 5 pak ordner lipat, dan 20 buah tipe-x kertas. Stok di gudang logistik saat ini sudah menipis dan diperkirakan habis pada akhir minggu ini. Estimasi alokasi bulanan untuk ATK ini adalah Rp 6.500.000.",Permintaan Pengadaan,Sedang
"Selamat siang Tim HRD. Saya mewakili rekan-rekan staf administrasi ingin memberikan usulan penambahan rak penyimpanan dokumen gantung (filing cabinet) vertikal baru di area ruang kerja terbuka lantai dasar. Volume berkas arsip fisik invoice fisik triwulan ini meningkat drastis sehingga kapasitas meja kerja kami mulai kelebihan beban dan tampak kurang rapi. Mohon dipertimbangkan usulannya dalam pengadaan inventaris kantor bulan depan. Terima kasih. - Hendra Wijaya, Divisi Finance Administration.",Email HR,Rendah
Kasus pelecehan seksual di lingkungan kerja harus langsung ditangani oleh HRD tingkat manajerial. Korban berhak mendapatkan perlindungan keamanan dan pendampingan psikologis secepatnya. Pelaku akan dinonaktifkan dari tugasnya selama masa investigasi internal berlangsung.,SOP,Tinggi
"Selamat pagi HRD, Nanda Putri dari Divisi Administrasi. saat ini saya belum menerima pembayaran lembur untuk dua bulan terakhir meskipun data lembur telah disetujui oleh atasan. Nominal yang belum dibayarkan cukup dan saya butuhkan. Mohon dilakukan pengecekan terhadap proses pembayaran lembur tersebut.",Email HR,Tinggi
"Email dari Melisa Agustin, bagian Procurement Planning. Purchase order yang diterbitkan untuk kebutuhan perlengkapan IT memiliki total nilai Rp 118.000.000. Seluruh vendor telah melalui proses seleksi dan evaluasi harga. minta pencatatan dalam rencana pengeluaran bulan depan.",Laporan Keuangan,Sedang
"Laporan dari Kevin Ramadhan, Divisi Regional Pengeluaran operasional kantor wilayah bulan ini tercatat sebesar Rp Biaya digunakan untuk kebutuhan administrasi, komunikasi, dan utilitas. Seluruh transaksi telah sesuai dengan prosedur pengeluaran yang berlaku.",Laporan Keuangan,Sedang
Prosedur penutupan toko ritel di malam hari kini mewajibkan dua staf untuk menghitung kas secara bersamaan. Laporan penjualan harian harus dicetak dan dilampirkan bersama uang tunai di brankas. Kunci brankas hanya dipegang oleh manajer shift yang sedang bertugas.,SOP,Sedang
"Yth. Tim HRD, Saya Putri Handayani dari Divisi Pemasaran bermaksud mengajukan permohonan cuti tahunan selama 5 hari kerja, yaitu pada tanggal 25–29 November 2024. Cuti ini saya rencanakan untuk menemani keluarga dalam acara pernikahan kakak saya di Yogyakarta. Saya sudah mendiskusikan hal ini dengan Bapak Agus selaku Supervisor saya dan beliau tidak keberatan selama pekerjaan saya sudah saya delegasikan terlebih dahulu. Sisa cuti tahunan saya masih 9 hari sehingga pengajuan ini masih dalam batas hak cuti yang berlaku. Mohon persetujuan dan konfirmasi dari HRD paling lambat 3 hari ke depan. Terima kasih.",Email HR,Sedang
dari Ratna Divisi Treasury. Dana operasional perusahaan diperkirakan tidak mencukupi untuk menutup kebutuhan pembayaran vendor dan gaji pada akhir Total kewajiban yang harus mencapai Rp 427.000.000. Diperlukan langkah mitigasi keuangan dalam waktu dekat.,Laporan Keuangan,Tinggi
"Halo Tim saya Evi Susanti dari Divisi Customer Service ingin ringan pada kantor. Suara dari headset masih berfungsi, tetapi kadang terdengar saat digunakan untuk meeting Kendala ini belum menghambat pekerjaan karena saya masih bisa memakai perangkat cadangan. dibantu pemeriksaan saat jadwal teknisi tersedia.",Tiket IT,Rendah
"Laporan dari Maya Lestari, Divisi Asset Verification. Tim menemukan aset teknologi informasi dengan nilai buku Rp 153.000.000 yang sudah tidak digunakan namun masih tercatat aktif. Kondisi tersebut menyebabkan aset perusahaan menjadi tidak akurat. Mohon persetujuan untuk proses penghapusan aset prosedur.",Laporan Keuangan,Tinggi
"Laporan dari Lilis Kartika, Divisi Budget perjalanan internasional mencapai Rp 264.000.000 52% lebih tinggi dari anggaran yang disetujui. Kenaikan berasal dari tambahan kunjungan bisnis yang tidak direncanakan pada awal tahun. Evaluasi penggunaan anggaran perlu dilakukan secepatnya.",Laporan Keuangan,Tinggi
Dokumen permohonan persetujuan desain brosur rutin wajib diserahkan kepada manajer merek untuk ditinjau. Standar waktu peninjauan materi adalah dua hari kerja sejak surel pertama kali dikirim. Revisi kecil akan dikomunikasikan secara langsung melalui fitur komentar di dalam file draf.,SOP,Rendah
"Kami pengadaan berkala berupa 10 tabung isi ulang APAR (Alat Pemadam Api Ringan) jenis Powder ukuran 4,5 kg dipasang di koridor kantor. Beberapa tabung lama sudah melewati masa kedaluwarsa dan perlu dilakukan pengisian ulang demi menjaga standar kerja. Estimasi biaya pengisian dan perawatan ini Rp3.500.000. Pengajuan dikirim oleh Guntur Wibowo dari Divisi K3.",Permintaan Pengadaan,Sedang
"Setiap perubahan struktur harga jual produk harus terlebih oleh tim analisis pasar. Usulan harga baru diajukan melalui dokumen komprehensif kepada direktur komersial. Jika disetujui, baru akan diimplementasikan ke seluruh kasir serentak pada bulan.",SOP,Sedang
"Kepada Yth. HRD Manager, Saya Nurul Azizah, Staf Administrasi Divisi Legal, ingin melaporkan tindakan yang saya nilai sebagai pelecehan verbal dari salah satu pimpinan senior di perusahaan ini. Kejadian berlangsung pada Kamis, 7 November 2024 di ruang meeting lantai 5 di mana beliau menggunakan bahasa yang merendahkan dan mengancam pekerjaan saya di depan dua rekan kerja. Saya merasa tidak aman untuk terus bekerja dalam kondisi seperti ini tanpa ada tindakan dari pihak perusahaan. Mohon HRD menindaklanjuti laporan ini sesuai kebijakan zero tolerance terhadap pelecehan yang tercantum dalam peraturan perusahaan. Saya bersedia memberikan keterangan lebih lanjut beserta nama para saksi yang hadir.",Email HR,Tinggi
PC Desktop yang digunakan oleh bagian kasir di showroom utama mengalami kerusakan pada motherboard dan tidak bisa menyala sama sekali. Kami membutuhkan 1 unit PC Desktop Dell OptiPlex core i5 lengkap dengan monitor 19 inci untuk menggantikannya hari ini. Estimasi harga unit baru tersebut adalah Rp11.500.000. permohonan ini disampaikan oleh Dewi Lestari dari unit Keuangan.,Permintaan Pengadaan,Tinggi
Prosedur pengembalian seragam kerja bagi karyawan yang selesai masa kontrak mewajibkan kondisi pakaian yang dicuci bersih. Bukti pengembalian seragam harus ditandatangani oleh staf HRD sebagai syarat klirens akhir. Karyawan yang menghilangkan seragamnya akan dikenakan biaya penggantian proporsional.,SOP,Sedang
"Router utama di lantai 3 kantor pusat terbakar akibat korsleting listrik pagi ini, menyebabkan seluruh staf di lantai tersebut kehilangan akses internet. Kami mengajukan pengadaan darurat 1 unit Router Cisco Catalyst C9200 sebagai pengganti agar koneksi jaringan pulih kembali. Estimasi harga router baru ini adalah Rp 22.000.000. Keadaan ini sangat mengganggu operasional harian dan membutuhkan penanganan instan. Pengajuan dari Agus Setiawan, Divisi Infrastruktur Jaringan.",Permintaan Pengadaan,Tinggi
"Selamat pagi Tim HRD, saya ingin mengajukan tolong cuti melahirkan (maternity leave) selama 3 bulan, terhitung mulai tanggal 1 Agustus hingga 31 Oktober 2026. Surat rekomendasi dari dokter kandungan mengenai perkiraan hari lahir (HPL) sudah saya sertakan dalam lampiran email ini. Untuk menjaga kelancaran operasional tim, saya sudah membuat panduan serah terima pekerjaan (handover) yang akan dijalankan oleh tim pengganti sementara. dimohon persetujuannya. - Kartika Putri, Divisi Human Capital.",Email HR,Sedang
"Untuk mendukung efisiensi pendaftaran tamu di lobi depan, kami membutuhkan upgrade pada sistem administrasi resepsionis. Mohon diajukan pengadaan 1 unit printer barcode Zebra ZD220 beserta 5 rol stiker label thermal. Printer ini akan digunakan untuk mencetak kartu visitor access secara instan saat tamu mengisi buku tamu digital. Estimasi total biaya pengadaan ini adalah Rp 3.200.000. Pengajuan oleh Yulia Citra, Divisi Hubungan Masyarakat.",Permintaan Pengadaan,Sedang
"Yth Tim Support, website utama perusahaan Error 500 Bad Gateway setiap kali saya mencoba mengakses halaman checkout. Banyak komplain pelanggan yang masuk ke divisi Customer karena mereka tidak bisa melakukan pembayaran. Tolong segera ditangani karena berdampak langsung ke penjualan kita hari ini.",Tiket IT,Tinggi
"Setiap ada laporan media mengenai perusahaan, direktur komunikasi harus mengambil alih kendali informasi. Tidak ada satu pun kepala cabang yang boleh memberikan wawancara independen. Rapat krisis dewan direksi harus diselenggarakan maksimal dua jam pasca berita beredar.",SOP,Tinggi
"Yth. Tim HRD, saya Lina Kartika dari Divisi Akuntansi. Saya ingin mengajukan cuti melahirkan rekomendasi dokter yang memperkirakan persalinan pada bulan depan. Saya telah menyiapkan proses serah terima pekerjaan kepada rekan yang ditunjuk. Mohon terkait dokumen administrasi yang harus saya lengkapi.",Email HR,Sedang
Karyawan yang hendak memakai ruang studio foto kecil untuk keperluan potret produk wajib menuliskan namanya di papan tulis luar studio. Durasi pemakaian reguler tidak melebihi dua jam agar tidak mengganggu antrean staf desain lainnya. Matikan lampu studio dan flash setelah ruangan tidak digunakan kembali.,SOP,Rendah
Selamat saya Fajar Ramadhan dari Divisi melaporkan bahwa aplikasi monitoring mesin tidak menampilkan data Dashboard hanya loading terus dan tidak bisa melihat status mesin secara real time. Kondisi ini berisiko menghambat proses produksi karena kami tidak dapat memantau mesin. Mohon prioritas penanganan karena lini sedang penuh.,Tiket IT,Tinggi
"Laporan dari Anisa Maharani, Divisi Administrasi. Rekap reimbursement perjalanan dinas menunjukkan total klaim sebesar Rp 14.800.000. Seluruh bukti pengeluaran telah diverifikasi sesuai kebijakan perusahaan. Mohon proses pembayaran dilakukan pada periode berikutnya.",Laporan Keuangan,Sedang
"Yth. Helpdesk, saya Lukman Hakim dari Divisi Legal Contract memerlukan akses ke repository kontrak digital. Saya baru ditugaskan membantu pengelolaan dokumen vendor dan belum bisa membuka folder tersebut. Saat ini belum ada deadline mendesak, tetapi akses diperlukan untuk pekerjaan rutin minggu ini. Mohon diproses setelah approval manajer saya diverifikasi.",Tiket IT,Sedang
"rekapitulasi dari Yuni Kartika, unit Keuangan. Analisis cash flow triwulanan menunjukkan arus kas negatif sebesar Rp 156.000.000. Penurunan disebabkan oleh keterlambatan penerimaan pembayaran pelanggan utama. Diperlukan koordinasi dengan tim penagihan untuk mempercepat proses pembayaran.",Laporan Keuangan,Tinggi
"Saya, Bayu Prakoso dari bagian Penjualan, mengajukan pengadaan 20 unit tablet Android untuk tim lapangan. Spesifikasi yang dibutuhkan adalah layar 10 inci dan RAM 6 GB. Perangkat akan digunakan untuk presentasi produk dan input data pelanggan. Estimasi harga Rp4.000.000 per unit.",Permintaan Pengadaan,Sedang
"Yth. Tim IT, saya Gita Oktavia dari Divisi Office Management ingin menanyakan prosedur pemesanan kabel HDMI untuk ruang rapat kecil. Kabel yang ada masih bisa digunakan, tetapi kondisinya mulai longgar saat dipasang ke laptop. Kami ingin mengajukan penggantian sebelum benar-benar rusak. Mohon informasi apakah pengajuan dilakukan melalui IT atau General Affairs.",Tiket IT,Rendah
Pembagian map kartu selamat hari jadi untuk anggota karyawan dirayakan perayaan internal kantor harus selalu ditandatangani memakai jenis tinta basah biru tua oleh sang manajer utama atasan langsung departemen pekerjanya. Penggunaan tinta tempel cap tanda tangan cap khusus atau tinta printer laser tiruan yang sangat mekanis formalitasnya sama sekali tidak dianjurkan demi menumbuhkan kesan personal kepedulian atasan yang sangat bersahaja bagi anggota anak divisi yang dipimpinnya setahun penuh kerjanya. Serahkan map hari lahir yang terhias cantik pakai tempelan pita pada saat pelaksanaan evaluasi ringkas pagi harinya ketika briefing kerja ringan sebelum mereka terjun aktif sibuk dalam tumpukan agenda kerja reguler beban tinggi tim divisi pada jadwal penuh harinya berlanjut padat dan ramai nantinya.,SOP,Rendah
"dari Puspitasari, Divisi Vendor Administration. Rekap invoice penyedia internet dan menunjukkan tagihan sebesar Rp 38.000.000. Seluruh telah diverifikasi berdasarkan kontrak yang berlaku. Mohon dijadwalkan untuk pembayaran pada periode berikutnya.",Laporan Keuangan,Sedang
"Divisi Umum mengusulkan pembelian 3 unit minum bawah (bottom loading) merk Sharp ditempatkan di ruang tunggu tamu 1 dan ruang istirahat staf. Dispenser yang masih model galon atas yang menyulitkan petugas kebersihan saat melakukan penggantian air. Estimasi biaya ketiga unit dispenser baru ini adalah Rp 7.500.000. Pengadaan ini bersifat non-urgent namun baik untuk kenyamanan bersama. Pengajuan dari Yayan Ruhian, Divisi Fasilitas.",Permintaan Pengadaan,Rendah
"Selamat pagi Bapak/Ibu HR. Saya ingin mengabarkan bahwa terjadi korsleting listrik di ruang server lantai 3 yang menimbulkan percikan api dan asap tebal beberapa menit lalu. Kami sudah mengevakuasi seluruh staf yang berada di lantai tersebut sesuai dengan prosedur keselamatan. tolong tim HR cepat berkoordinasi dengan tim fasilitas dan keamanan untuk penanganan lebih lanjut sebelum terjadi kebakaran besar. Terima kasih. - Eko Prasetyo, Divisi IT Support.",Email HR,Tinggi
"Bapak/Ibu Berdasarkan pengumuman pendaftaran program beasiswa pelatihan keahlian analisis data diadakan dinas ketenagakerjaan, saya tertarik untuk ikut serta sebagai wakil dari perusahaan. Saya telah mengisi internal dan rekomendasi direktur divisi kami. Mohon kesediaan HRD untuk membuatkan tugas resmi dan administrasi pendaftarannya sebelum batas waktu penutupan minggu depan. - Maya Sofia, Divisi Data Analytics.",Email HR,Sedang
"Kepada Yth. HRD PT Sentosa Jaya, Dengan hormat, saya Hendra Gunawan, Staf Akuntansi, bermaksud mengajukan klaim reimbursement perjalanan dinas ke Surabaya yang saya lakukan pada tanggal 1–2 November 2024 atas penugasan dari Divisi Keuangan. Total pengeluaran yang saya ajukan adalah sebesar Rp 2.340.000 yang meliputi tiket pesawat, taksi, dan akomodasi hotel satu malam. Semua bukti pengeluaran asli sudah saya lampirkan dalam email ini beserta surat tugas yang ditandatangani Manajer Keuangan. Mohon diproses sesuai prosedur reimbursement yang berlaku dan dikonfirmasi waktu pencairannya kepada saya. Terima kasih atas bantuannya.",Email HR,Sedang
"Halo Helpdesk, saya Pandu Wicaksono dari departemen Warehouse melaporkan printer label barcode tidak bisa mencetak sejak pukul 07.30. Status perangkat menyala, tetapi setiap perintah cetak berhenti di antrean tanpa hasil. Pengiriman barang ke beberapa toko tidak bisa diproses tanpa label barcode. tolong teknisi segera mengecek perangkat atau menyediakan printer cadangan.",Tiket IT,Tinggi
"Dalam situasi darurat kebakaran, seluruh kegiatan operasional harus dihentikan seketika. Karyawan wajib keluar gedung melalui jalur evakuasi yang telah ditentukan tanpa membawa barang bawaan. Jangan pernah menggunakan lift saat alarm kebakaran berbunyi.",SOP,Tinggi
"Halo Tim IT, saya Wahyudi Santoso dari bagian Operasional Cabang Bandung. Saya ingin menanyakan prosedur resmi untuk permohonan penggantian laptop yang sudah tidak layak pakai. Laptop saya saat ini sudah berusia lebih dari 5 tahun, baterai sudah tidak bisa menyimpan daya sama sekali, dan performa sangat lambat bahkan untuk membuka aplikasi sederhana seperti Microsoft Word. Apakah ada formulir khusus yang perlu saya isi, dan siapa yang harus memberikan persetujuan sebelum pengajuan ini bisa diproses oleh Tim IT? Saya tidak terburu-buru namun ingin memulai proses administrasinya sejak sekarang agar tidak berlarut-larut. Wahyudi Santoso, Branch Operations Coordinator, Ext. 6620.",Tiket IT,Rendah
Kami membutuhkan 1 unit printer multifungsi HP LaserJet Pro M428fdw untuk menggantikan printer lama di ruang kerja akuntansi yang sering mengalami paper jam. Printer ini sangat dibutuhkan untuk mencetak laporan perpajakan bulanan yang tebal secara efisien. Estimasi harga printer baru ini adalah Rp8.500.000. Pengajuan ini dibuat oleh Lisa Permatasari dari Divisi Perpajakan.,Permintaan Pengadaan,Sedang
Setiap akses tidak sah ke ruang server fisik akan memicu alarm keamanan berintensitas tinggi. Tim patroli sekuriti wajib menangkap dan menginterogasi oknum yang menerobos masuk. Rekaman CCTV di sekitar ruang server harus sesegera mungkin diamankan sebagai barang bukti.,SOP,Tinggi
Laporan mengenai produk cacat menyebabkan luka fisik pada konsumen harus masuk ke meja direktur utama. Distribusi batch produk yang sama di seluruh wilayah dihentikan seketika. akan menanggung biaya perawatan medis konsumen tersebut.,SOP,Tinggi
"Email dari Nadia Lestari, Divisi Corporate Affairs. Kami mengajukan anggaran sebesar Rp 46.000.000 untuk kegiatan sosialisasi program keberlanjutan perusahaan. Dana akan digunakan untuk materi komunikasi, dokumentasi, dan penyelenggaraan acara. Mohon pertimbangan sesuai rencana kerja tahun ini.",Laporan Keuangan,Sedang
"Halo Helpdesk IT, saya M. Ridwan dari unit Risk Management ingin meminta akses ke dashboard risiko operasional. Saya baru dipindahkan ke tim tersebut dan belum memiliki hak akses ke modul monitoring. Saat ini saya masih melihat data melalui akun rekan kerja, tetapi kurang ideal untuk pencatatan aktivitas. tolong dibuatkan akses pribadi dengan role viewer atau sesuai arahan atasan.",Tiket IT,Sedang
"Kami membutuhkan jasa kontraktor eksternal untuk melakukan pengecatan ulang dinding luar (fasad) gedung kantor yang sudah mulai kusam dan berjamur akibat musim hujan lalu. Tampilan luar gedung yang bersih sangat penting untuk menjaga impresi profesional di mata klien yang berkunjung. Estimasi biaya untuk pengerjaan jasa borongan ini adalah Rp 35.000.000 termasuk bahan cat cuaca ekstrem. permohonan dari Bagus Permadi, bagian Umum.",Permintaan Pengadaan,Sedang
"Saya, Budi Santoso dari unit Teknologi Informasi, mengajukan pengadaan 5 unit komputer untuk tim pengembangan aplikasi yang sedang menangani proyek dengan tenggat waktu dekat. Spesifikasi yang dibutuhkan adalah Intel Core i7, RAM 16 GB, SSD 512 GB. Estimasi harga per unit Rp14.000.000. Kebutuhan ini mendesak karena perangkat saat ini tidak mampu menjalankan aplikasi pengembangan secara optimal.",Permintaan Pengadaan,Tinggi
Saya Elang Perkasa dari Divisi Legal membutuhkan pengadaan 2 unit alat penghancur kertas (paper shredder) heavy duty merek Secure Maxi untuk memusnahkan dokumen rahasia negara sebelum audit eksternal hari Jumat. Alat yang ada saat ini sering macet dan motor penggeraknya sudah terbakar karena penggunaan berlebih. Spesifikasi wajib mencakup kemampuan cross-cut dan kapasitas wadah minimal 30 liter. Estimasi harga total adalah Rp 8.200.000.,Permintaan Pengadaan,Tinggi
Semua payung basah yang dibawa oleh karyawan di saat musim hujan harus diletakkan pada rak payung di lobi lantai dasar. Dilarang keras membawa payung yang masih meneteskan air area karpet Payung pribadi dapat diambil kembali pada sore hari sewaktu perjalanan,SOP,Rendah
"Email dari Putri Cahyani, Divisi Administrative Support. Dana kas kecil digunakan Rp 1.340.000 untuk kebutuhan materai, pengiriman dokumen, dan pembelian perlengkapan administrasi ringan. Seluruh transaksi telah dicatat dalam buku kas harian. Saldo yang tersisa masih memadai untuk operasional minggu depan.",Laporan Keuangan,Rendah
"Laporan dari Mega Larasati, Divisi Cost Analysis. Biaya perawatan fasilitas produksi selama semester berjalan mencapai Rp 314.000.000 dan telah melampaui alokasi anggaran sebesar 28%. Sebagian besar pengeluaran berasal dari perbaikan darurat mesin utama. Evaluasi program pemeliharaan preventif perlu segera dilakukan.",Laporan Keuangan,Tinggi
"Selamat pagi Tim HRD, saya ingin mengajukan permohonan cuti melahirkan (maternity leave) selama 3 bulan, terhitung mulai 1 hingga Oktober Surat rekomendasi dari dokter kandungan mengenai perkiraan hari lahir (HPL) sudah saya sertakan dalam lampiran email ini. Untuk menjaga kelancaran operasional saya sudah terima pekerjaan yang akan oleh tim pengganti sementara. Mohon persetujuannya. - Putri, Divisi Human",Email HR,Sedang
"Tamu perusahaan yang ke area perkantoran mengenakan kartu pengunjung di dada. staf melihat orang berkeliaran tanpa kartu identitas tamu, segera laporkan ke pihak sekuriti. Kartu identitas pengunjung tersebut harus ditukarkan KTP asli saat pulang.",SOP,Rendah
"Kami memerlukan pembaharuan perangkat komunikasi genggam untuk tim logistik lapangan yang bertugas mengoordinasikan bongkar muat barang. Mohon dilakukan pengadaan 5 unit Walkie Talkie Motorola T82 Extreme yang tahan cuaca ekstrem. Alat ini sangat dibutuhkan untuk menggantikan unit lama yang baterainya sudah drop dan jangkauan sinyalnya memendek. Estimasi anggaran yang dialokasikan adalah Rp 7.500.000 untuk paket lengkap beserta charger dock. Pengajuan oleh Ahmad Zaelani, Divisi Logistik.",Permintaan Pengadaan,Sedang
"Halo Tim IT, saya Wulan Sari dari departemen Administrasi ingin bertanya mengenai cara mengganti tanda tangan email di Outlook. Saya perlu memperbarui nomor ekstensi dan jabatan terbaru pada signature. Saat ini saya belum menemukan menu pengaturannya di aplikasi desktop. harap dikirimkan panduan singkat ketika ada waktu.",Tiket IT,Rendah
"Menjelang audit sertifikasi ISO 9001 yang akan dilaksanakan tiga hari lagi, kami membutuhkan jasa cleaning service deep cleaning untuk area workshop produksi. Kondisi workshop saat ini memerlukan pembersihan skala besar yang tidak bisa dicover oleh tim kebersihan internal harian. Estimasi biaya jasa kebersihan menyeluruh ini adalah Rp8.500.000. usulan dikirim oleh Eko Prasetyo dari unit Penjaminan Mutu.",Permintaan Pengadaan,Tinggi
Pembagian map kartu selamat hari jadi untuk anggota tenaga kerja dirayakan perayaan internal kantor harus selalu ditandatangani memakai jenis tinta basah biru tua oleh sang manajer utama atasan langsung departemen pekerjanya. Penggunaan tinta tempel cap tanda tangan cap khusus atau tinta printer laser tiruan yang sangat mekanis formalitasnya sama sekali tidak dianjurkan demi menumbuhkan kesan personal kepedulian atasan yang sangat bersahaja bagi anggota anak unit yang dipimpinnya setahun penuh kerjanya. Serahkan map hari lahir yang terhias cantik pakai tempelan pita pada saat pelaksanaan evaluasi ringkas pagi harinya ketika briefing kerja ringan sebelum mereka terjun aktif sibuk dalam tumpukan agenda kerja reguler beban tinggi tim divisi pada jadwal penuh harinya berlanjut padat dan ramai nantinya.,SOP,Rendah
"report dari Prita Wulandari, departemen Office Support. Rekap pembelian map arsip, tinta printer, dan alat tulis mencapai Rp 720.000 selama minggu berjalan. Seluruh kebutuhan tersebut digunakan untuk aktivitas administrasi rutin. Tidak ada permintaan tambahan yang bersifat mendesak.",Laporan Keuangan,Rendah
Standar kelengkapan kotak suguhan biskuit ringan saat mendampingi kopi jamuan pimpinan rapat terbatas harian dengan pihak dewan pembina investor pemegang saham haruslah mengedepankan kudapan produksi pabrik dari kelompok usaha cabang grup afiliasi perusahaan kawan kita saja. Sajian makanan biskuit kompetitor yang bertolak haluan produk niaga dilarang sangat keras sengaja terpampang mejeng jelas nama merk pembungkusnya ada di tengah tatakan meja negosiasi itu. Kemasan kudapan biskuit sebaiknya dilepaskan terlebih awal dari bungkus kaleng alumunium cetakannya lalu tata menyebar simetris estetis menumpuk pakai pinggan bundar bermotif melamin putih agar tak mendistraksi mata penglihat orang yang tengah serus bediskusi perihal saham di dalam situ.,SOP,Rendah
"Halo IT, darurat sekali. Laptop saya tiba-tiba layarnya terkunci dan muncul peringatan merah yang meminta tebusan uang. Semua file Excel di folder Dokumen berubah ekstensinya menjadi aneh. Saya cabut sementara dari jaringan LAN agar tidak menyebar ke komputer lain. Mohon segera kirim teknisi ke meja saya di divisi Legal.",Tiket IT,Tinggi
"Router jaringan pusat di lantai 2 kantor operasional terbakar akibat lonjakan arus listrik pagi ini, menyebabkan seluruh staf kehilangan koneksi internet dan akses ke intranet lokal. Kami mengajukan pengadaan darurat 1 unit Router Cisco Catalyst C9300-24T-A sebagai pengganti instan demi memulihkan jaringan kantor. Estimasi harga router baru ini beserta biaya konfigurasi cepat adalah Rp 42.000.000. Kondisi ini sangat darurat karena melumpuhkan operasional harian kantor. Pengajuan dari Agus Setiawan, Divisi Infrastruktur Jaringan.",Permintaan Pengadaan,Tinggi
Setiap karyawan yang menggunakan fasilitas mesin kopi di pantry diwajibkan membuang ampas kopinya ke tempat sampah organik. Cangkir bekas pakai harus segera dicuci secara mandiri di wastafel yang tersedia. Staf kebersihan tidak bertugas untuk mencuci peralatan makan pribadi milik karyawan.,SOP,Rendah
"Saya, Hendra Gunawan dari Divisi Teknologi Informasi, mengajukan pengadaan 20 lisensi software antivirus. Lisensi yang dibutuhkan berlaku selama satu tahun dengan fitur proteksi endpoint. Estimasi biaya Rp500.000 per lisensi. Pengadaan dilakukan untuk menjaga keamanan perangkat perusahaan.",Permintaan Pengadaan,Sedang
"Email dari Doni Firmansyah, bagian Fasilitas. report rutin biaya kebersihan kantor menunjukkan pengeluaran sebesar Rp 3.800.000 selama periode berjalan. Seluruh pembayaran telah dilakukan sesuai kontrak penyedia jasa. Tidak terdapat isu yang memerlukan tindak lanjut segera.",Laporan Keuangan,Rendah
"Sistem kamera pengawas (CCTV) di area perimeter gerbang utama dan gudang penyimpanan material penting mati total akibat tersambar petir semalam. Kami meminta pengadaan mendesak 1 paket sistem keamanan CCTV yang terdiri dari 6 kamera outdoor Hikvision 8MP IP Camera beserta NVR 16 Channel. Estimasi total biaya beserta instalasi kabel pelindung baru adalah Rp 19.800.000. Area gudang saat ini sangat rentan dari penyusupan luar jika tidak dipantau secara real-time. permintaan dari Ahmad Fauzi, departemen Keamanan Internal.",Permintaan Pengadaan,Tinggi
"Halo IT. Yudi dari divisi Legal mau tanya sedikit soal Apakah VPN kita bisa dipakai dari luar negeri tanpa blokir keamanan jaringan? Rencananya depan saya ada ke dan ingin memastikan. Tidak ada yang mendesak, tolong balas kalau sedang saja.",Tiket IT,Rendah
"Dalam meningkatkan kenyamanan presentasi internal tim, kami mengusulkan pengadaan 1 unit Wireless Laser Presenter Logitech R500. Alat ini bersifat opsional untuk membantu kelancaran pemaparan ide kreatif saat meeting mingguan agar bisa lebih bebas. Estimasi harga perangkat pendukung ini adalah Rp650.000. Pengajuan dikirim oleh Bagus Permadi dari Divisi Business Development.",Permintaan Pengadaan,Rendah
"Laporan dari Farel Akbar, Divisi Business Development. Kami mengajukan tambahan anggaran sebesar 77.000.000 untuk studi kelayakan ekspansi pasar baru. Dana akan digunakan untuk riset, konsultasi, dan pengumpulan data lapangan. Mohon evaluasi sesuai kebijakan perusahaan.",Laporan Keuangan,Sedang
Pelabelan setiap laci lemari penyimpanan formulir kosong kertas blanco surat izin cuti tahunan diberikan stiker tebal di samping gagang handle tarikan kayunya. Staf yang membutuhkan dapat mengambil maksimal lima helai per orang bila mempersiapkan hariannya belakangan tanpa menyusahkan tata usaha. Apabila tumpukan blanco di dalam laci tersisa menipis di bawah dua helai segera infokan sekretaris untuk menyusun salinan baru secepatnya.,SOP,Rendah
"Kepada Yth. Tim K3 dan HRD, saya ingin melaporkan kondisi bahaya struktural di area selasar penghubung gedung B lantai 5, di mana atap plafon tiba-tiba runtuh sebagian akibat rembesan air hujan deras siang ini. Runtuhan material beton ringan tersebut hampir mengenai dua orang tenaga kerja yang sedang melintas di area tersebut. dimohon tim HRD segera menutup total akses jalan tersebut dan memanggil kontraktor maintenance darurat untuk mencegah runtuhan susulan yang fatal. - Aris Munandar, Divisi General Affairs.",Email HR,Tinggi
"rekap dari Nadya Permata, unit Customer Experience. Pengeluaran program survei kepuasan pelanggan bulan ini tercatat sebesar Rp 13.700.000. Dana digunakan untuk platform survei dan insentif responden. Seluruh biaya masih sesuai rencana kegiatan yang disetujui.",Laporan Keuangan,Sedang
"Lisensi software Adobe Creative Apps untuk 8 tim marketing telah kedaluwarsa sejak kemarin dan memblokir akses pekerjaan editing video Kami memerlukan perpanjangan lisensi tahunan untuk user ini agar kampanye digital bulanan tidak tertunda. Total estimasi biaya untuk perpanjangan ini adalah 96.000.000 per Keterlambatan persetujuan akan berdaruh buruk pada performa iklan media sosial kita. Pengajuan oleh Dedi Kurniawan, Divisi Pemasaran digital.",Permintaan Pengadaan,Tinggi
Divisi Marketing membutuhkan penggantian kursi kerja yang sudah rusak dan tidak ergonomis lagi beberapa Kami meminta pengadaan 5 unit Kursi Kantor Ergotec dengan sandaran jaring demi kenyamanan kerja tim. anggaran yang dibutuhkan untuk pembelian kursi ini adalah Rp7.500.000. Permintaan diajukan Doni Iskandar dari Divisi Pemasaran.,Permintaan Pengadaan,Sedang
Insiden peretasan pada aplikasi mobile perusahaan wajib dilaporkan seketika ke divisi siber. Layanan aplikasi harus dimatikan sementara untuk mencegah eksploitasi lebih lanjut. Tim public relations harus segera menyiapkan rilis pers mengenai status pemeliharaan darurat.,SOP,Tinggi
Bagi petugas layanan call center bantuan bantuan pelanggan yang kehabisan sedia pita suara pelapis peredam suara headsetnya yang kusam boleh segera minta ganti bungkus busanya pada kotak kardus kecil departemen penyedia barang di samping meja kerja staf kepala jadwal hariannya. Bantalan berlubang kecil ini sering terlepas tak sadar saat pemakaian di kepala secara rutin seharian maka usahakan selalu ada persediaan cadangan stok untuk staf shift dua malam tanpa harus repot laporan form pengadaan ke lantai pimpinan jauh sekadar busa pelindung alat dengar saja operasionalnya. Apabila alat pengeras pelantang pendengaran bando telinga utamanya patah tertekan tertindih benda tak sengaja dilarang diperbaiki sembarangan di lem sol ganda pribadi harus langsung dilaporkan nomor asetnya ke perbaikan IT helpdesk supaya alat standar ini terganti penuh satu set yang berbaru berfungsi baik demi menjaga performa audio terima bicara jernih layanan pelanggan.,SOP,Rendah
Selamat pagi rekan IT. Saya ada sedikit pertanyaan terkait penggunaan aplikasi VPN kantor kita. Apakah koneksi VPN ini aman digunakan saat saya terkoneksi dengan WiFi publik di cafe atau bandara? Saya ingin memastikan kerahasiaan data perusahaan tidak bocor saat saya bekerja dari luar kantor. Terima kasih.,Tiket IT,Rendah
Sistem pinjam buku majalah edisi terbaru dari sudut baca lobi ruang tunggu hanya diperbolehkan untuk durasi jam istirahat saja. Karyawan tidak dibenarkan membawa pulang majalah tersebut supaya tamu perusahaan lain dapat tetap membacanya. Semua bahan bacaan cetak ini wajib langsung dikembalikan tepat ke posisi rak susun semula agar ruangan tetap tampak bersih dan asri.,SOP,Rendah
PC Desktop yang digunakan oleh bagian kasir di showroom utama mengalami kerusakan pada motherboard dan tidak bisa menyala sekali. Kami membutuhkan 1 unit PC Desktop Dell OptiPlex core i5 lengkap dengan monitor 19 inci untuk menggantikannya hari ini. Estimasi unit baru tersebut adalah Rp11.500.000. Pengajuan ini disampaikan oleh Dewi Lestari dari Divisi Keuangan.,Permintaan Pengadaan,Tinggi
"Halo HRD, saya mengabarkan bahwa siang ini terjadi kecelakaan kerja serius di area operasional mesin stamping nomor 4. Jari tangan kanan salah satu operator kami, sdr. Dani, terjepit material plat besi luka robek parah dan pendarahan hebat. Saat ini korban sudah dievakuasi ke IGD Rumah Sakit Mohon perwakilan HR segera datang untuk membantu berkas klaim BPJS Ketenagakerjaan karena penanganan rumah sakit membutuhkan jaminan secepatnya. - Rahmat Hidayat, Divisi Produksi.",Email HR,Tinggi
"Laporan dari Intan Permatasari, Divisi Operasional. Pengeluaran utilitas kantor selama bulan berjalan tercatat sebesar Rp 17.200.000. Biaya meliputi listrik, air, dan layanan internet perusahaan. Tidak ditemukan penyimpangan signifikan dibanding periode sebelumnya.",Laporan Keuangan,Sedang
"Sehubungan dengan penambahan staf administrasi baru di divisi kami, kami memerlukan tambahan meja kerja baru. Kami mengajukan pengadaan 2 unit Meja Kantor Olympic ukuran 120cm dengan laci susun. Estimasi anggaran yang diperlukan untuk furniture baru ini adalah Rp3.200.000. Pengajuan ini dibuat oleh Dian Permata dari Divisi Administrasi Keuangan.",Permintaan Pengadaan,Sedang
"Saya, Lina Marlina dari bagian Legal, mengajukan pembelian 2 unit scanner dokumen berkecepatan tinggi. Perangkat diperlukan untuk digitalisasi arsip kontrak dan dokumen hukum. Spesifikasi minimal 40 halaman per menit dan fitur duplex. Estimasi harga Rp8.000.000 per unit.",Permintaan Pengadaan,Sedang
"Email dari Arif Setiawan, Divisi Keuangan Proyek. Pengeluaran aktual proyek pembangunan gudang telah mencapai Rp 452.000.000 dari anggaran awal Rp 350.000.000. Selisih tersebut berasal dari kenaikan harga material konstruksi. Mohon keputusan manajemen terkait tambahan anggaran proyek.",Laporan Keuangan,Tinggi
"Selamat pagi tim IT, harap bantuannya untuk mereset password akun SAP saya secepat mungkin. Akun saya terkunci karena salah memasukkan password tiga kali pagi ini. Saya harus cepat memproses approval dokumen pengiriman barang yang sudah ditunggu oleh armada logistik. Terima kasih dari Joko di divisi Logistik.",Tiket IT,Tinggi
"Email dari Radit Saputra, Divisi Capital Pengadaan mesin produksi baru menghabiskan dana Rp 468.000.000 dan melampaui estimasi proyek. Kenaikan biaya dipicu oleh spesifikasi dari pemasok. Mohon arahan manajemen mengenai penyesuaian investasi.",Laporan Keuangan,Tinggi
"Kami membutuhkan pengadaan 2 unit Projector Epson EB-FH52 dengan tingkat kecerahan 4000 lumens untuk dipasang di ruang rapat direksi utama. Projector lama sudah redup dan bergaris, sehingga mengganggu jalannya presentasi laporan keuangan kuartalan di depan komisaris besok pagi. Estimasi anggaran untuk pembelian projector ini adalah Rp28.000.000. Permintaan diajukan oleh Rinaawati dari Divisi Sekretariat Perusahaan.",Permintaan Pengadaan,Tinggi
"Yth. Tim IT, saya Anggi Purnama dari Divisi Project Management mengalami masalah VPN saat bekerja dari lokasi proyek. VPN berhasil login, tetapi semua aplikasi internal tetap tidak bisa dibuka. Hari ini saya harus mengunggah laporan progres proyek untuk rapat steering committee. Mohon bantuan segera karena deadline pengiriman laporan adalah pukul 15.00.",Tiket IT,Tinggi
"Pendaftaran asuransi bagi anggota keluarga baru tenaga kerja seperti anak yang baru lahir, dapat diajukan via portal pegawai Sertakan salinan akta kelahiran dan kartu keluarga yang telah diperbarui sebagai dokumen pendukung. Pendaftaran harus dilakukan selambat-lambatnya tiga puluh hari setelah tanggal kelahiran anak.",SOP,Sedang
Penggunaan fasilitas pusat kebugaran kantor kini mewajibkan karyawan mendaftar slot waktu via aplikasi internal. Waktu maksimal penggunaan fasilitas dibatasi hanya satu jam per sesi untuk menghindari kerumunan. Seluruh alat wajib dilap menggunakan cairan disinfektan yang tersedia setelah dipakai.,SOP,Sedang
"Selamat siang Tim IT, saya Yuni Astuti dari HR Department. Kami akan menerima 2 karyawan baru di posisi Senior Manager yang akan mulai bekerja pada tanggal 15 Juni 2026. Mohon disiapkan workstation lengkap untuk masing-masing karyawan meliputi laptop, monitor eksternal, keyboard, mouse, akun email perusahaan, akses sistem ERP, dan akses ke shared folder departemen terkait. Karyawan pertama ditempatkan di Divisi Finance lantai 5 meja F-12 dan karyawan kedua di Divisi Operations lantai 6 meja O-08. Detail nama lengkap dan kebutuhan akses spesifik masing-masing sudah saya lampirkan di tiket ini. Mohon konfirmasi kesiapan paling lambat dua hari sebelum tanggal mulai kerja. Yuni Astuti, HR Business Partner, Ext. 1115.",Tiket IT,Sedang
"Kepada HRD yang Terhormat, Dengan hormat saya Mega Lestari, Asisten Manajer Divisi Finance, ingin menyampaikan bahwa saya mengalami tekanan berlebihan dan dugaan praktik kerja paksa dari atasan saya. Saya secara rutin diwajibkan lembur hingga pukul 23.00 WIB tanpa kompensasi apapun dengan alasan 'dedikasi dan loyalitas', dan jika menolak dianggap tidak kooperatif dalam penilaian kinerja. Dalam 2 bulan terakhir kondisi ini berdampak pada kesehatan fisik saya, yang dibuktikan dengan surat dokter terlampir. Saya memohon HRD melakukan investigasi terhadap praktik manajemen di divisi saya dan memastikan hak-hak saya sebagai karyawan terpenuhi sesuai aturan ketenagakerjaan. Mohon respons segera karena kondisi saya sudah cukup kritis.",Email HR,Tinggi
"Tim IT yang terhormat, saya melaporkan kondisi darurat: server database produksi kami DB-PROD-01 mengalami crash pada pukul 09.22 WIB dan seluruh aplikasi internal tidak bisa mengakses data. Ini berdampak pada 5 aplikasi sekaligus termasuk sistem inventory, CRM, dan portal tenaga kerja Tim Development sudah mencoba restart service namun tidak berhasil dan muncul error log transaction log full. tolong tim database administrator segera turun tangan karena downtime ini sudah berjalan lebih dari 45 menit dan berdampak pada seluruh operasional perusahaan. Ini adalah prioritas P1 yang harus diselesaikan segera. Agus Permana, Lead Developer, Ext. 3301.",Tiket IT,Tinggi
"Laporan dari Nurul Afifah, Divisi Pajak Internal. Tim menemukan transaksi dengan nilai Rp 69.000.000 yang belum dimasukkan dalam perhitungan kewajiban pajak bulan lalu. Jika tidak segera diperbaiki, terdapat risiko koreksi saat pemeriksaan otoritas pajak. Mohon persetujuan untuk melakukan pembetulan pelaporan.",Laporan Keuangan,Tinggi
"Pada saat jam operasional berakhir, petugas keamanan akan melakukan patroli keliling seluruh lantai gedung. Seluruh lampu ruang kerja dan layar monitor komputer wajib dimatikan oleh pegawai sebelum pulang. Pintu utama lantai akan dikunci rapat pada pukul delapan malam.",SOP,Rendah
"Halo HRD, saya Hendra Wijaya dari Divisi Operasional. Saya ingin mengetahui apakah perusahaan memiliki program bantuan pendidikan atau pelatihan bersertifikat bagi karyawan. Saya tertarik mengikuti pelatihan dapat mendukung pengembangan karier saya. Mohon informasi apabila ada yang sedang berjalan.",Email HR,Rendah
"Lisensi software Adobe Creative Cloud All Apps untuk 8 personel tim marketing telah kedaluwarsa sejak kemarin dan memblokir seluruh akses pekerjaan editing video iklan. Kami memerlukan perpanjangan lisensi tahunan untuk 8 user ini agar kampanye digital bulanan tidak tertunda. Total estimasi biaya untuk perpanjangan ini adalah Rp 96.000.000 per tahun. Keterlambatan persetujuan akan berdaruh buruk pada performa iklan media sosial kita. Pengajuan oleh Dedi Kurniawan, Divisi Pemasaran digital.",Permintaan Pengadaan,Tinggi
"Sistem AC presisi di ruang pusat server data (Data Center) mati mendadak dan suhu ruangan melonjak hingga 35 derajat Celcius, berisiko tinggi membakar seluruh chipset server. Kami memerlukan jasa perbaikan overhaul kompresor AC darurat dari vendor spesialis hari ini juga untuk menghindari downtime sistem nasional. Estimasi biaya pengerjaan darurat dan penggantian suku cadang ini adalah Rp 14.500.000. Keterlambatan hitungan jam akan berdampak kerugian materiil yang masif. permintaan dari Hendra Wijaya, unit Fasilitas dan Umum.",Permintaan Pengadaan,Tinggi
"Selamat pagi Tim HRD, saya ingin mengajukan permohonan cuti melahirkan (maternity leave) selama 90 hari kalender, yang rencananya akan saya ambil mulai tanggal 10 Juli sampai dengan 8 Oktober 2026. Surat keterangan medis dari rumah sakit bersalin terkait taksiran persalinan (HPL) sudah saya lampirkan lengkap di email ini. Proses serah terima tugas proyek penulisan modul pelatihan sudah saya selesaikan bersama tim asisten. Mohon konfirmasi persetujuannya. - Rizka Amelia, Divisi Instructional Designer.",Email HR,Sedang
"Yth. Helpdesk IT, saya Pramudya Siregar dari Divisi Planning ingin mengetahui apakah ada ketentuan penggunaan flashdisk pribadi di komputer kantor. Saya sering menerima file dari vendor melalui media eksternal. Sebelum digunakan, saya ingin memastikan prosedur pemeriksaan keamanannya. Mohon informasi kebijakan yang berlaku agar kami tidak melanggar aturan IT.",Tiket IT,Rendah
"Darurat IT, dimohon perhatiannya. Saya Reza dari Accounting mendapati banyak file excel di folder D berubah menjadi ekstensi aneh dan ada peringatan ransomware di layar. Saya sudah langsung mencabut kabel jaringan dari PC saya sesuai prosedur keamanan. Tolong secepatnya isolasi komputer saya agar virus tidak menyebar ke jaringan kantor. Mohon segera kirim tim ke meja saya sekarang.",Tiket IT,Tinggi
"Selamat siang Tim Saya mewakili rekan-rekan staf administrasi ingin usulan penambahan rak penyimpanan dokumen gantung (filing cabinet) vertikal baru di area ruang kerja terbuka lantai dasar. Volume berkas arsip fisik invoice fisik triwulan ini meningkat drastis sehingga kapasitas kerja kami mulai beban dan tampak kurang rapi. Mohon dipertimbangkan usulannya dalam pengadaan inventaris kantor bulan depan. Terima kasih. - Hendra Wijaya, Divisi Finance Administration.",Email HR,Rendah
"Yth. Helpdesk, saya Nur Aisyah dari bagian Compliance meminta akses VPN untuk bekerja dari rumah dua hari dalam seminggu. Saat ini saya hanya bisa mengakses email, tetapi tidak bisa membuka aplikasi internal. Atasan saya sudah menyetujui skema kerja hybrid tersebut. dimohon dibantu pembuatan akun VPN dan panduan penggunaannya.",Tiket IT,Sedang
"Yth. Tim IT, saya Joko Susilo dari unit Plant Maintenance melaporkan komputer panel di ruang kontrol tidak menampilkan dashboard produksi. Layar hanya menunjukkan pesan aplikasi tidak dapat terhubung ke server. Operator tidak bisa memantau status downtime mesin secara langsung. minta segera dilakukan pengecekan karena informasi tersebut penting untuk keputusan teknis hari ini.",Tiket IT,Tinggi
"Penilaian kinerja tahunan akan mengadopsi format umpan balik tiga ratus enam puluh derajat mulai tahun ini. tenaga kerja akan dinilai oleh atasan, rekan sejawat, dan bawahan secara anonim. HRD akan mensosialisasikan formulir penilaian baru ini pada pertengahan bulan depan.",SOP,Sedang
"Pagi IT, PC desktop di meja saya tiba-tiba mati sendiri dan sekarang tidak bisa dinyalakan sama sekali. Padahal kemarin sore masih normal dan tidak ada tanda-tanda kerusakan hardware. Saya sedang mengerjakan rekapitulasi tahunan yang harus disubmit siang ini juga. minta pinjaman laptop sementara atau perbaikan segera.",Tiket IT,Tinggi
Mohon dijadwalkan pengadaan jasa maintenance AC rutin untuk seluruh ruangan di gedung kantor pusat lantai 1 sampai 4. Kegiatan cuci AC dan pengecekan freon ini mencakup total 25 unit AC split yang rutin dilakukan setiap 3 bulan sekali. Estimasi total biaya perawatan ini adalah Rp3.750.000. Pengajuan ini dibuat oleh Agus Susanto dari Divisi Maintenance.,Permintaan Pengadaan,Sedang
"Kepada Yth. HRD Manager, Saya Ferdi Kurniawan, Staf Divisi Business Development, ingin menanyakan apakah perusahaan menyediakan program konseling psikologis atau Employee Assistance Program bagi karyawan. Saya mendengar beberapa perusahaan sudah menyediakan fasilitas ini dan ingin mengetahui apakah benefit serupa juga tersedia di sini. Jika tersedia, mohon diinformasikan cara mengaksesnya dan apakah bersifat rahasia atau ada pelaporan ke manajemen. Terima kasih atas informasinya.",Email HR,Rendah
Divisi Sales memerlukan 3 unit tablet Samsung Galaxy Tab A8 untuk memudahkan tim lapangan mempresentasikan katalog produk digital kepada calon distributor. Perangkat tablet yang ada saat ini sudah lambat dan kapasitas baterainya sudah sangat menurun. Estimasi biaya pengadaan unit tablet ini adalah Rp10.500.000. Permintaan ini diajukan oleh Yudi Pratama dari Divisi Penjualan.,Permintaan Pengadaan,Sedang
"Email dari Chintya Paramita, unit Administrasi Vendor. Rekap invoice penyedia jasa keamanan fasilitas menunjukkan total tagihan Rp 45.000.000 untuk periode berjalan. Seluruh dokumen pendukung telah diverifikasi dan disetujui oleh unit pengguna. tolong invoice dimasukkan ke dalam jadwal pembayaran berikutnya.",Laporan Keuangan,Sedang
"Halo IT Helpdesk, nama saya Kartika Sari, Sekretaris Divisi Manajemen Eksekutif. Seluruh perangkat presentasi di ruang Boardroom lantai 12 mengalami gangguan teknis mendadak sistem proyektor tidak bisa menampilkan input dari laptop apapun dan layar hanya pesan No Signal. Dewan Komisaris yang dipimpin langsung oleh Komisaris Utama akan dimulai dalam 45 menit presentasi laporan adalah agenda utama yang tidak bisa tanpa perangkat tersebut. Teknisi AV rutin kami cuti hari ini dan tidak ada yang tahu cara perangkat tersebut selain Tim IT. Mohon segera kirim teknisi yang berpengalaman dengan perangkat AV ke ruang Boardroom lantai 12 sekarang juga. Ini adalah prioritas tertinggi pimpinan. Kartika Secretary, Ext. 1001, HP 0857-0011-2233.",Tiket IT,Tinggi
"Halo HRD, saya Hendra Wijaya dari Divisi Operasional. Saya ingin menanyakan apakah perusahaan memiliki program bantuan pendidikan atau pelatihan bersertifikat bagi karyawan. Saya tertarik mengikuti pelatihan yang dapat mendukung pengembangan karier saya. Mohon informasi apabila ada program yang sedang berjalan.",Email HR,Rendah
"Selamat pagi rekan HR, saya ingin menanyakan fasilitas tunjangan kacamata (optical benefit) yang disediakan oleh perusahaan untuk karyawan tetap di level staf. Berapa besaran plafon maksimal yang bisa diklaim dalam satu periode tahunan, dan apakah pembelian lensa kontak minus juga diperbolehkan menggantikan kacamata fisik? Mohon dikirimkan dokumen panduan benefit kesehatan jika ada yang bisa saya pelajari. Terima kasih banyak. - Lukman Hakim, Divisi Inventory Control.",Email HR,Rendah
"Saya, Nita Puspitasari dari departemen Umum, mengajukan pengadaan jasa keamanan tambahan sebanyak 4 personel untuk operasional 24 jam. Kontrak dibutuhkan selama tiga bulan ke depan. Estimasi biaya Rp28.000.000 per bulan. Kebutuhan ini mendesak karena peningkatan aktivitas proyek dan kunjungan vendor.",Permintaan Pengadaan,Tinggi
Jadwal penukaran serbet lap microfiber milik kebersihan area dan cermin dalam kamar ganti dapat dimintakan pergantian cucian baru yang wangi setidaknya dua harinan sekali ke gudang suplai peralatan cairan deterjen di sisi belakang bangunan. Kebijakan bersih cepat lap debu sangat berdampak krusial berbekas tertinggalnya usapan garis residu kusam ketika terbasah menyentuh bagian tinggi penuh toilet VIP jajaran manajemen gedung. Jika lap biru kotor tertumpuk menanti dicuci mohon pakai sabun perontok dalam seember bilasan disinfektan guna menjaga kesehatan kebersihan tangan pembersih ruang itu pada besok kerjanya.,SOP,Rendah
"Divisi Keuangan membutuhkan unit mesin penghancur kertas (paper heavy-duty dengan kemampuan memotong model cross-cut untuk alat lama yang motor penggeraknya terbakar. ini digunakan untuk memusnahkan dokumen slip gaji lama, berkas pajak, dan data perbankan sifatnya rahasia agar tidak bocor ke publik. Estimasi harga untuk baru bermerk Secure Maxi ini adalah Rp 5.500.000. Pengadaan bagian dari kepatuhan keamanan keuangan. Pengajuan Tri Wahyuni,",Permintaan Pengadaan,Sedang
"Yth. Helpdesk IT, saya Gilang Ramadhan dari Divisi Marketing ingin bertanya mengenai format standar nama file di server perusahaan. Tim kami sedang merapikan materi kampanye lama agar lebih mudah dicari. Tidak ada kendala akses kerusakan sistem saat ini. Mohon informasi jika ada pedoman penamaan file yang",Tiket IT,Rendah
Program mahasiswa di perusahaan kita kini memiliki kurikulum tugas yang terstruktur. Mentor dari setiap divisi harus memastikan pemagang tidak diberikan pekerjaan yang bersifat sangat rahasia. Penilaian akhir pemagang dikirim langsung ke universitas pengirim program selesai.,SOP,Sedang
"Halo Tim IT, saya Budi Santoso dari Divisi Gudang melaporkan komputer utama di area penerimaan barang tiba-tiba mati dan tidak bisa dinyalakan lagi. Kami tidak dapat mencetak label barang masuk maupun memperbarui data stok. Saat ini ada beberapa truk pengiriman yang menunggu proses penerimaan. Mohon teknisi dapat segera datang atau memberikan solusi sementara.",Tiket IT,Tinggi
"Kami memerlukan pengadaan 20 tanaman hias indoor Lidah Mertua dan Monstera) lengkap dengan pot keramik putih minimalis untuk ditempatkan di sepanjang lorong koridor gedung administrasi. Kehadiran tanaman ini ditujukan untuk memberikan kesan estetik, segar, dan mengurangi tingkat kejenuhan mata karyawan bekerja. Estimasi total biaya pembelian beserta media tanam awal ini adalah Rp 3.500.000. dekorasi ini bisa dilakukan kapan saja secara fleksibel. Pengajuan dari Indah Permatasari, Divisi Umum.",Permintaan Pengadaan,Rendah
staf baru di departemen penjualan kini diwajibkan mengikuti pelatihan lapangan (shadowing) selama dua minggu. Mereka akan mendampingi tenaga penjual senior saat menemui klien kunci perusahaan. rekapitulasi observasi harian harus diserahkan kepada manajer pelatihan setiap sore.,SOP,Sedang
Kebijakan work from home akan menjadi format hybrid mulai depan. Karyawan wajib hadir di kantor tiga hari dalam seminggu sesuai jadwal divisi. Perubahan jadwal harus disetujui oleh atasan langsung sehari sebelumnya.,SOP,Sedang
Selamat pagi tim. komputer yang saya gunakan saat ini layarnya sudah mulai bergaris-garis kuning di bagian pinggir. Saya Eko dari bagian Operasional ingin mengajukan permohonan penggantian unit laptop baru. Kinerja laptop juga sudah sangat lambat saat membuka banyak tab operasional harian. Mohon diinformasikan prosedur penukarannya seperti apa.,Tiket IT,Sedang
"Saya, Rina Kartika dari Divisi Operasional, mengajukan pengadaan 3 unit komputer desktop sebagai pengganti perangkat yang tidak dapat digunakan lagi. minimum adalah Intel Core i5, RAM 16 GB, dan SSD 512 GB. Kerusakan perangkat saat ini menyebabkan keterlambatan proses administrasi operasional. Estimasi harga Rp10.500.000 per unit.",Permintaan Pengadaan,Tinggi
"Halo Helpdesk IT, saya Rizky Maulana dari Divisi Sales meminta dibuatkan akses ke folder jaringan Sales Nasional. Saya baru dipindahkan ke tim tersebut dan perlu melihat template penawaran serta laporan wilayah. Saat ini saya hanya memiliki akses ke folder sales regional lama. Mohon dibantu penambahan akses sesuai approval dari atasan saya.",Tiket IT,Sedang
"bagian GA memerlukan penambahan 4 buah tempat sampah pilah (organik, anorganik, b3) berbahan plastik tebal untuk diletakkan di area pantry dan koridor utama kantor. Pengadaan ini bertujuan mendukung program kantor hijau ramah lingkungan serta mempermudah pengelolaan limbah domestik harian. Estimasi biaya untuk 4 set tempat sampah pilah tersebut adalah Rp 2.400.000. Langkah kecil ini diharapkan meningkatkan kesadaran lingkungan staf. usulan dari Fitri Handayani, Divisi Umum.",Permintaan Pengadaan,Sedang
Insiden kekerasan fisik antar karyawan di area kantor wajib ditengahi langsung oleh pihak sekuriti. Pelaku kekerasan akan langsung diserahkan kepada pihak berwajib jika menyebabkan cedera serius. Karyawan yang terlibat langsung dikenakan sanksi PHK tanpa surat peringatan lanjutan.,SOP,Tinggi
"Laporan dari Nila Suryani, Divisi Compliance Audit. Tim audit menemukan adanya pengeluaran investasi perangkat keras senilai Rp 337.000.000 yang belum tercatat sebagai aset tetap. Kesalahan klasifikasi ini pada penyajian laporan neraca. Diperlukan penyesuaian segera audit eksternal berlangsung.",Laporan Keuangan,Tinggi
"unit Layanan Pelanggan memerlukan tambahan 3 unit komputer desktop (PC) untuk menggantikan komputer lama yang performanya sudah sangat lambat dan sering hang. Spesifikasi yang diusulkan adalah Intel i5, RAM 8GB, dengan monitor 21 inci standar kantoran. Estimasi dana untuk 3 unit PC tersebut adalah Rp 24.000.000. Penggantian ini penting demi meningkatkan kecepatan respon agen dalam melayani keluhan klien sehari-hari. Pengajuan dari Joko Susilo, Divisi Layanan Pelanggan.",Permintaan Pengadaan,Sedang
"Email dari Wulan Kartikasari, Divisi Employee Relations. Pengeluaran kegiatan keterlibatan karyawan selama bulan berjalan mencapai Rp 17.400.000. Biaya digunakan untuk program apresiasi dan kegiatan internal perusahaan. Seluruh penggunaan dana telah sesuai dengan rencana kerja yang disetujui.",Laporan Keuangan,Sedang
Pembersihan jendela luar pada gedung bertingkat perusahaan hanya boleh dilakukan oleh kontraktor spesialis yang bersertifikasi. Area pejalan kaki di bawah area kerja wajib disterilkan dari lalu lalang pegawai Pekerjaan harus cepat dihentikan jika kecepatan angin melebihi batas aman operasional.,SOP,Sedang
"Reza Firmansyah dari Divisi Teknologi Informasi, mengajukan pembelian 20 unit keyboard dan mouse cadangan. Perangkat disimpan sebagai stok untuk kebutuhan penggantian di masa mendatang. Spesifikasi berupa keyboard dan mouse USB standar kantor. Estimasi harga per set.",Permintaan Pengadaan,Rendah
"Kepada HRD PT Karya Mandiri, Saya Fajar Nugroho dari unit Engineering ingin mengajukan dimohon reimbursement klaim BPJS Kesehatan atas biaya rawat inap yang saya tanggung dahulu karena fasilitas rumah sakit pilihan pertama BPJS penuh. Total biaya yang saya keluarkan adalah Rp 4.200.000 dan sudah saya urus surat keterangan darurat dari pihak rumah sakit. Dokumen-dokumen pendukung seperti kwitansi, surat rujukan, dan resume medis sudah saya lampirkan dalam email ini. Mohon HRD dapat membantu proses klaim penggantian biaya ini melalui jalur yang sesuai kebijakan perusahaan. Saya menunggu konfirmasi dari HRD mengenai langkah selanjutnya.",Email HR,Sedang
"Halo IT Helpdesk, saya Toni Firmansyah dari Divisi Finance Controlling. Saya memerlukan akses ke sistem aplikasi konsolidasi keuangan HFM (Hyperion Financial Management) yang saja diimplementasikan oleh perusahaan. Posisi baru saya sebagai Financial Regional memang memerlukan akses ke sistem tersebut dan atasan saya Ibu Sri Wahyuni selaku VP Finance sudah menyetujui permintaan ini melalui email yang sudah di-CC ke IT Helpdesk. Mohon juga dibuatkan akun dengan role Consolidation Preparer sesuai yang diminta atasan, bukan hanya akses view-only. Saya siap mengikuti sesi orientasi singkat penggunaan sistem HFM jika diperlukan sebelum akses diberikan. Toni Firmansyah, Financial Controller Regional, Ext. 2245.",Tiket IT,Sedang
Perubahan kata sandi untuk seluruh akun komputer karyawan wajib enam puluh hari sekali. Sistem penggantian kata sandi secara otomatis jika tenggat waktu terlewati. Kata sandi baru tidak sama dengan tiga kata sandi sebelumnya.,SOP,Sedang
"Laporan dari Yuni Kartika, Divisi Keuangan. Analisis cash flow triwulanan menunjukkan arus kas negatif sebesar Rp 156.000.000. Penurunan disebabkan oleh keterlambatan penerimaan pembayaran pelanggan utama. Diperlukan koordinasi dengan tim penagihan untuk mempercepat proses pembayaran.",Laporan Keuangan,Tinggi
Setiap akses tidak sah ke ruang server fisik akan memicu alarm keamanan berintensitas tinggi. Tim patroli sekuriti wajib menangkap dan menginterogasi oknum yang menerobos masuk. Rekaman CCTV di sekitar ruang server harus segera diamankan sebagai barang bukti.,SOP,Tinggi
"Selamat pagi Tim HRD. Saya ingin melaporkan bahwa gaji saya bulan ini belum masuk ke rekening, padahal rekan-rekan satu divisi sudah menerimanya sejak kemarin sore. Saya sudah mengecek ke pihak bank dan tidak ada kendala dari rekening saya. Mohon bantuannya untuk segera melakukan pengecekan karena saya ada tagihan mendesak yang harus dibayar hari ini. Terima kasih. - Budi Santoso, Divisi Operasional.",Email HR,Tinggi
Karyawan bertugas di area gudang diwajibkan menggunakan sepatu pelindung berbahan baja. Inspeksi alat pelindung akan oleh supervisor setiap awal shift kerja. Karyawan yang melanggar ini akan dilarang memasuki area,SOP,Sedang
Perampokan bersenjata di cabang mengharuskan teller untuk menyerahkan uang sesuai demi keselamatan nyawa. Tombol panik hanya boleh ditekan jika dirasa aman dari pantauan pelaku. Setelah pelaku pintu bank langsung rapat.,SOP,Tinggi
"Yth. Tim IT, saya Citra Maharani dari Divisi Finance ingin meminta panduan dasar penggunaan VPN perusahaan. Saya belum pernah menggunakannya dan ingin memahami langkah-langkah sebelum ada kebutuhan kerja dari luar kantor. Tidak ada akses yang sedang bermasalah saat ini. Mohon dikirimkan dokumentasi atau link panduan jika tersedia.",Tiket IT,Rendah
"Kami memerlukan pengadaan berkala berupa 10 tabung isi ulang APAR (Alat Pemadam Api Ringan) jenis Powder ukuran 4,5 kg untuk dipasang di koridor kantor. Beberapa tabung lama sudah melewati masa kedaluwarsa dan perlu dilakukan pengisian ulang demi menjaga standar keselamatan kerja. Estimasi biaya pengisian dan perawatan ini adalah Rp3.500.000. permohonan dikirim oleh Guntur Wibowo dari bagian K3.",Permintaan Pengadaan,Sedang
Penanganan kecelakaan kerja berat di area produksi harus diutamakan dengan memanggil medis darurat. Mesin yang terlibat dalam insiden harus segera dimatikan dan diisolasi. Laporan kronologi wajib disusun supervisor shift yang bertugas.,SOP,Tinggi
"Saya, Hendra Wijaya dari Divisi Umum, mengajukan perpanjangan kontrak jasa cleaning service untuk area kantor pusat. Layanan mencakup 5 petugas kebersihan selama satu tahun. Kebutuhan ini merupakan bagian dari operasional rutin perusahaan. Estimasi biaya Rp180.000.000 per tahun.",Permintaan Pengadaan,Sedang
Selamat pagi. Lisensi software AutoCAD yang saya gunakan sepertinya akan habis masa berlakunya dalam 5 hari lagi. Saya Arif dari departemen R&D masih akan menggunakan software ini untuk proyek desain produk baru minggu depan. Tolong bantuannya untuk memperpanjang lisensinya agar pekerjaan saya tidak terganggu. Kode aktivasi lama sudah saya siapkan jika diperlukan.,Tiket IT,Sedang
"Email dari Galang Mahesa, Divisi Investment Management. Nilai investasi jangka menengah perusahaan mengalami penurunan sebesar Rp 221.000.000 akibat fluktuasi pasar. Dampak tersebut perlu diperhitungkan dalam proyeksi keuangan semester ini. Mohon arahan terkait langkah mitigasi risiko investasi.",Laporan Keuangan,Tinggi
"Laporan dari Tommy Hermawan, Divisi Akuntansi. Rekonsiliasi persediaan selisih nilai stok sebesar Rp dibanding catatan pembukuan. Selisih cukup material terhadap laporan keuangan periode berjalan. Tim gudang dan akuntansi diminta melakukan pengecekan",Laporan Keuangan,Tinggi
Pengelolaan jadwal shift operator call center akan diterbitkan pada tanggal dua puluh setiap bulannya. Permintaan pertukaran jadwal antar operator harus mendapat persetujuan tertulis dari team leader. Pertukaran shift tidak boleh mengakibatkan seorang operator bekerja dua shift berturut-turut tanpa istirahat.,SOP,Sedang
"Untuk menjaga kebersihan dan sterilitas area lobi utama gedung kantor, kami mengusulkan perpanjangan kontrak bulanan jasa cleaning service eksternal. Layanan ini mencakup penempatan 3 orang personil cleaner stand-by harian beserta peralatan dan chemical pembersih standar industri. Estimasi biaya bulanan untuk jasa alih daya kebersihan ini adalah sebesar Rp 15.000.000 per bulan. Kontrak berjalan akan habis pada akhir bulan ini, sehingga diperlukan pembaharuan segera. Pengajuan oleh Eko Prasetyo, Divisi General Affairs.",Permintaan Pengadaan,Sedang
"Kepada saya Rizky Firmansyah, Development Executive yang baru bergabung bulan lalu. Saya sering harus bekerja dari luar kantor untuk menemui klien dan akses agar bisa terhubung sistem internal perusahaan saat WFH maupun dalam perjalanan bisnis. Hingga saat ini saya belum memiliki akses VPN sama sekali dan hanya bisa bekerja penuh ketika berada di kantor secara langsung. Mohon bantu saya mendapatkan instalasi dan konfigurasi VPN client di laptop saya sesuai prosedur yang berlaku. Saya bersedia hadir ke IT Helpdesk saja sesuai jadwal yang tersedia. Rizky Divisi Business Development, Ext.",Tiket IT,Sedang
Aturan pemasangan poster motivasi kerja di area loker hanya diizinkan dengan menggunakan selotip kertas ganda agar tidak merusak cat dinding. Dilarang menggunakan atau lem perekat kuat lainnya pada tembok pemeliharaan gedung mencabut sembarang yang dirasa merusak estetika tanpa konfirmasi sebelumnya.,SOP,Rendah
"Halo Tim IT, saya Rangga Saputra dari Divisi Operasional ingin bertanya apakah laptop kantor boleh menggunakan mouse wireless pribadi. Saya ingin memastikan perangkat tersebut tidak melanggar kebijakan keamanan perusahaan. Saat ini tidak ada kendala pekerjaan yang membutuhkan penanganan segera. Mohon arahan mengenai aturan penggunaan perangkat tambahan.",Tiket IT,Rendah
Karyawan baru di departemen penjualan kini diwajibkan mengikuti pelatihan lapangan (shadowing) selama dua minggu. Mereka akan mendampingi tenaga penjual senior saat menemui klien kunci perusahaan. Laporan observasi harian harus diserahkan kepada manajer pelatihan setiap sore.,SOP,Sedang
"report dari Widya Anggraini, bagian Akuntansi Biaya. Evaluasi biaya produksi menunjukkan kenaikan konsumsi bahan pendukung senilai Rp 146.000.000 dibanding standar yang telah ditetapkan. Penyimpangan ini terjadi pada beberapa lini produksi utama. Analisis akar penyebab perlu segera dilakukan untuk mencegah peningkatan biaya lebih lanjut.",Laporan Keuangan,Tinggi
"rekap dari Dimas Kurniawan, bagian Logistik Gudang. Pengeluaran untuk kebutuhan material pengemasan dan peralatan pendukung gudang mencapai Rp 15.300.000 selama periode berjalan. Seluruh pembelian dilakukan sesuai kebutuhan operasional. Bukti transaksi telah diarsipkan untuk keperluan audit.",Laporan Keuangan,Sedang
"lakukan pengadaan rutin paket alat tulis kantor (ATK) untuk kebutuhan operasional bulanan seluruh divisi Gedung Pusat. Paket ATK ini mencakup 50 rim kertas A4 80 gram, 10 pak pulpen hitam, pak ordner lipat, 20 buah tipe-x kertas. di gudang logistik ini sudah menipis dan diperkirakan akhir minggu ini. Estimasi anggaran bulanan untuk ATK ini adalah Rp 6.500.000.",Permintaan Pengadaan,Sedang
Saya Candra Kirana dari departemen Umum meminta pengadaan jasa perbaikan dan renovasi ventilasi gudang penyimpanan bahan baku kimia. Kondisi sirkulasi udara saat ini sangat buruk dan suhu ruangan meningkat drastis yang berpotensi merusak material sensitif dalam 48 jam ke depan. Perbaikan mencakup pemasangan 4 unit exhaust fan industri berdiameter 24 inci. Estimasi total biaya pengerjaan darurat ini adalah Rp 18.500.000.,Permintaan Pengadaan,Tinggi
"Siang Tim IT, gawat sekali. komputer saya tiba-tiba mengeluarkan suara keras lalu layarnya mati total. Saya Dewi dari HRD, dan di dalam PC itu ada data payroll bulan ini yang belum sempat saya backup ke cloud. Tolong bantuannya segera untuk menyelamatkan data tersebut karena gajian harus ditransfer sore ini.",Tiket IT,Tinggi
"Saya, Andi Prasetyo dari Divisi Teknik, mengajukan pengadaan 2 unit generator portable untuk mendukung pekerjaan lapangan proyek konstruksi. Spesifikasi daya minimal 5000 watt dengan sistem pengaman otomatis. Estimasi harga per unit Rp18.000.000. Pengadaan diperlukan segera untuk menghindari keterlambatan penyelesaian proyek.",Permintaan Pengadaan,Tinggi
"Halo Tim HRD. Saya baru saja mendapat kabar duka dari kampung halaman bahwa ayah kandung saya meninggal dunia akibat kecelakaan lalu lintas satu jam yang lalu. Oleh karena itu, saya harus segera pulang hari ini menggunakan penerbangan paling pertama dan terpaksa meninggalkan sisa pekerjaan saya. Mohon dispensasi dan izin cuti duka cita darurat ini diproses selama 3 hari ke depan. Surat kematian dari kelurahan akan saya kirimkan via email setelah proses pemakaman selesai. - Bayu Setiawan, Divisi Logistik.",Email HR,Tinggi
"Selamat pagi Tim IT, saya Hana Safitri dari unit Procurement ingin meminta informasi jadwal maintenance jaringan bulanan. Tim kami ingin menyesuaikan waktu input dokumen agar tidak bersamaan dengan pemeliharaan sistem. Saat ini jaringan berjalan normal dan tidak ada gangguan. tolong dibagikan jadwal maintenance terbaru jika sudah tersedia.",Tiket IT,Rendah
"Sehubungan dengan selesainya masa rekrutmen karyawan baru, kami membutuhkan 6 unit kursi kerja ergonomis dengan sandaran punggung jaring dan penopang leher yang dapat disesuaikan. Banyak kursi kerja staf lama yang hidroliknya sudah bocor dan busanya telah mengeras sehingga kurang layak pakai. Estimasi total pengadaan kursi kantor baru ini adalah Rp 10.200.000. Penataan fasilitas kerja yang nyaman ini penting untuk mempertahankan produktivitas harian karyawan. Pengajuan dari Ani Suryani, Divisi Sumber Daya Manusia.",Permintaan Pengadaan,Sedang
"Kami memerlukan pengadaan 15 buah tanaman hias indoor beserta pot estetiknya untuk diletakkan di sudut-sudut koridor gedung kantor guna memberikan kesan asri dan segar. Pilihan tanaman difokuskan pada jenis yang mudah dirawat di dalam ruangan seperti lidah mertua atau monstera. Estimasi total biaya pembelian tanaman beserta jasa dekorasi awal ini adalah Rp 3.000.000. Proyek dekorasi estetika ini dapat dilaksanakan kapan saja tanpa mengganggu prioritas utama operasional. Pengajuan dari Indah Permatasari, Divisi Umum.",Permintaan Pengadaan,Rendah
"Saya, Lina Marlina dari unit Legal, mengajukan pengadaan 2 unit printer laser warna. Spesifikasi kecepatan cetak minimal 30 ppm dan mendukung jaringan. Estimasi harga per unit Rp6.500.000. Perangkat akan digunakan untuk pencetakan dokumen kontrak dan arsip perusahaan.",Permintaan Pengadaan,Sedang
"Email dari Sari Handoko, bagian Akuntansi Manajemen. Hasil analisis biaya menunjukkan lonjakan pengeluaran konsultasi eksternal hingga Rp 173.000.000 pada semester ini. Nilai tersebut jauh melebihi alokasi yang disetujui direksi. Perlu dilakukan evaluasi efektivitas penggunaan jasa konsultan.",Laporan Keuangan,Tinggi
"Kepada HRD PT Karya Mandiri, Saya Fajar Nugroho dari Divisi Engineering ingin mengajukan permohonan reimbursement klaim BPJS Kesehatan atas biaya rawat inap yang saya tanggung dahulu karena fasilitas rumah sakit pilihan pertama BPJS penuh. Total biaya yang saya keluarkan adalah Rp 4.200.000 dan sudah saya urus surat keterangan darurat dari pihak rumah sakit. Dokumen-dokumen pendukung seperti kwitansi, surat rujukan, dan resume medis sudah saya lampirkan dalam email ini. Mohon HRD dapat membantu proses klaim penggantian biaya ini melalui jalur yang sesuai kebijakan perusahaan. Saya menunggu konfirmasi dari HRD mengenai langkah selanjutnya.",Email HR,Sedang
"Laporan dari Mega Larasati, Divisi Cost Analysis. perawatan fasilitas produksi semester berjalan mencapai Rp 314.000.000 dan melampaui alokasi 28%. Sebagian besar pengeluaran berasal dari perbaikan darurat mesin utama. Evaluasi program pemeliharaan preventif perlu segera dilakukan.",Laporan Keuangan,Tinggi
Perawatan rutin untuk tanaman hias di setiap sudut ruang kerja adalah tanggung jawab vendor penata taman bulanan. pegawai tidak perlu menyiram tanaman tersebut secara mandiri karena dapat merusak takaran airnya. Jangan membuang sisa minuman ke dalam pot tanaman di dalam ruangan.,SOP,Rendah
"Pembaruan informasi nomor ekstensi telepon di buku kontak internal meja pegawai dilakukan oleh sekretaris unit secara berkala tiap semester. Karyawan tidak perlu memperbarui lembar kontak kertas itu sendiri. Jika ada perubahan nomor darurat pribadi, silakan laporkan ke bagian database HR.",SOP,Rendah
"Email dari Daffa Kurnia, unit Financial Accounting. Dalam proses rekonsiliasi bulanan ditemukan kesalahan klasifikasi beban operasional senilai Rp 176.000.000 yang tercatat sebagai aset. Kesalahan ini berdampak pada nilai laba dan total aset perusahaan. Tim akuntansi sedang menyiapkan jurnal koreksi untuk sesegera mungkin diproses.",Laporan Keuangan,Tinggi
"Kepada IT Support, saya Ratna Dewi, Supervisor Operasional lantai 7. Divisi kami baru saja menerima printer baru Canon MAXIFY MB5470 yang belum terpasang dan belum terhubung ke jaringan kantor. Printer ini direncanakan untuk digunakan bersama oleh sekitar 12 orang staf di lantai 7. Mohon bantuan untuk setup perangkat, konfigurasi network printing, dan instalasi driver di komputer masing-masing pengguna di lantai tersebut. Printer sudah berada di ruang saya dan siap dikonfigurasi kapan saja. fleksibel untuk waktunya dan disesuaikan dengan jadwal Tim IT. Ratna Dewi, Ext. 7701.",Tiket IT,Sedang
"Bagas Adhitama, Divisi Capital Pengeluaran pembangunan pusat distribusi baru telah mencapai Rp 472.000.000 dan melampaui estimasi tahap pertama proyek. Kenaikan biaya oleh perubahan desain dan kebutuhan konstruksi tambahan. Mohon persetujuan revisi anggaran investasi pekerjaan dapat dilanjutkan.",Laporan Keuangan,Tinggi
Draf dokumen media sosial yang sifatnya umum tidak membutuhkan persetujuan direktur operasional. Cukup serahkan draf tersebut ke supervisor divisi marketing untuk gaya bahasanya. Unggahan dapat dijadwalkan secara otomatis platform manajemen sosial media terpusat.,SOP,Rendah
"Email dari Melisa Agustin, Divisi Planning. Purchase order yang diterbitkan untuk kebutuhan perlengkapan IT memiliki total nilai Rp 118.000.000. Seluruh vendor telah melalui proses seleksi dan evaluasi harga. Mohon pencatatan dalam pengeluaran bulan depan.",Laporan Keuangan,Sedang
"Saya, Bambang Hermawan dari bagian Teknik, mengajukan pengadaan 25 unit helm keselamatan proyek. Spesifikasi memenuhi standar keselamatan industri. Estimasi harga per unit Rp250.000. Pengadaan dilakukan untuk memenuhi kebutuhan perlengkapan kerja lapangan.",Permintaan Pengadaan,Sedang
"Perampokan bersenjata di cabang bank mengharuskan teller untuk menyerahkan uang sesuai permintaan demi keselamatan nyawa. Tombol panik tersembunyi hanya boleh ditekan jika situasi dirasa aman dari pantauan pelaku. Setelah pelaku pergi, pintu bank harus langsung dikunci rapat.",SOP,Tinggi
Akses internet untuk platform streaming film atau musik melalui jaringan Wi-Fi kantor akan diblokir selama jam kerja. Kebijakan ini diterapkan untuk memastikan kestabilan bandwidth bagi keperluan meeting online dan operasional data. Akses tersebut hanya akan dibuka pada jam istirahat siang mulai pukul dua belas hingga satu siang.,SOP,Sedang
"Untuk menjaga kebersihan dan sterilitas area lobi utama gedung kantor, kami mengusulkan perpanjangan kontrak bulanan jasa cleaning service eksternal. Layanan ini mencakup penempatan 3 orang personil cleaner stand-by harian beserta peralatan dan chemical pembersih standar industri. Estimasi biaya bulanan untuk jasa alih daya kebersihan ini adalah sebesar Rp 15.000.000 per bulan. Kontrak berjalan akan habis pada akhir bulan ini, sehingga diperlukan pembaharuan cepat permintaan oleh Eko Prasetyo, Divisi General Affairs.",Permintaan Pengadaan,Sedang
"Email dari Budi Santoso, unit Keuangan. Berdasarkan rekapitulasi laba rugi bulan Mei, terjadi penurunan laba bersih sebesar 18% dibanding bulan sebelumnya. Selisih utama berasal dari kenaikan biaya operasional sebesar Rp 145.000.000 yang belum dianggarkan. Mohon dilakukan evaluasi segera terhadap seluruh pengeluaran divisi terkait karena berdampak langsung pada target kuartal ini.",Laporan Keuangan,Tinggi
"Email dari Fathan Nugroho, Divisi Analisis Profitabilitas. Hasil evaluasi menunjukkan margin operasional perusahaan turun sebesar Rp 228.000.000 dibanding target semester berjalan. Penurunan terutama berasal dari peningkatan biaya distribusi dan diskon penjualan. Diperlukan langkah korektif untuk menjaga kinerja keuangan hingga akhir tahun.",Laporan Keuangan,Tinggi
Pembagian kupon makan siang kafetaria untuk staf pabrik dilakukan setiap hari Senin minggu pertama. Kupon tersebut tidak dapat diuangkan dan hanya berlaku untuk bulan yang bersangkutan. Kehilangan kupon makan fisik tidak akan mendapatkan kompensasi pencetakan ulang.,SOP,Rendah
Siang rekan-rekan IT. Saya Tio dari ingin menanyakan prosedur standar untuk mengubah password email kantor kita. Kebetulan saya belum mengganti password sejak pertama kali masuk dua tahun lalu. Ingin cari aman saja agar akun tetap terlindungi secara rutin. Mohon panduannya jika ada.,Tiket IT,Rendah
"Tamu perusahaan yang masuk ke area perkantoran harus selalu mengenakan kartu identitas pengunjung di dada. Jika staf melihat orang asing berkeliaran tanpa kartu identitas tamu, sesegera mungkin laporkan ke pihak sekuriti. Kartu identitas pengunjung tersebut harus ditukarkan kembali dengan KTP asli di resepsionis saat pulang.",SOP,Rendah
"Yth. Helpdesk IT, saya Siska Lavenia dari unit Payroll ingin meminta setup email untuk staf kontrak baru bernama Deni Firmansyah. Akun email diperlukan untuk menerima jadwal kerja dan dokumen administrasi internal. Karyawan tersebut mulai aktif pada awal minggu depan. Mohon dibuatkan email, kalender, dan akses dasar sesuai standar onboarding.",Tiket IT,Sedang
"Email dari Yoga Permana, Divisi Pengadaan. Rekapitulasi invoice vendor periode Mei menunjukkan total tagihan sebesar Rp 168.000.000. Sebagian invoice telah diverifikasi dan menunggu proses pembayaran. Mohon penjadwalan pembayaran siklus kas",Laporan Keuangan,Sedang
"Sistem AC presisi di ruang pusat server data (Data Center) mati dan suhu melonjak hingga 35 derajat Celcius, berisiko tinggi membakar seluruh chipset server. Kami memerlukan perbaikan overhaul kompresor AC darurat dari vendor spesialis hari ini juga untuk menghindari downtime sistem nasional. Estimasi biaya pengerjaan darurat dan suku cadang ini Rp 14.500.000. Keterlambatan hitungan jam akan berdampak kerugian materiil yang masif. Pengajuan dari Hendra Wijaya, Divisi Fasilitas dan Umum.",Permintaan Pengadaan,Tinggi
Siang Tim IT. Perusahaan kita baru saja beralih menggunakan Microsoft untuk komunikasi internal bulanan. Boleh minta tolong dikirimkan modul atau panduan cara membuat breakout room di Teams? ingin mempelajarinya untuk persiapan meeting divisi bulan depan agar lebih lancar. Terima kasih banyak.,Tiket IT,Rendah
Saya Juwita Sartika dari unit Administrasi mengajukan pembelian 3 unit lemari arsip besi (filing cabinet) dengan 4 laci merek Lion. Dokumen fisik invoice dan perpajakan tahun lalu sudah menumpuk di atas meja kerja dan membutuhkan tempat penyimpanan yang aman serta tahan api. Spesifikasi yang diminta menggunakan sistem penguncian sentral demi keamanan dokumen. Estimasi total harga adalah Rp 10.500.000.,Permintaan Pengadaan,Sedang
"Kepada Yth. HRD Manager, Saya Nurul Azizah, Staf Administrasi Divisi Legal, ingin melaporkan tindakan yang saya nilai sebagai pelecehan verbal dari salah satu klien internal senior di perusahaan ini. Kejadian berlangsung pada Kamis, 7 November 2024 di ruang meeting lantai 5 di mana beliau menggunakan bahasa yang merendahkan dan mengancam pekerjaan saya di depan dua rekan kerja lainnya. Saya merasa tidak aman dan tidak nyaman untuk terus bekerja dalam kondisi seperti ini tanpa ada tindakan dari pihak perusahaan. Saya mohon HRD menindaklanjuti laporan ini sesuai dengan kebijakan zero tolerance terhadap pelecehan yang tercantum dalam peraturan perusahaan. Saya bersedia memberikan keterangan lebih lanjut dan menyerahkan nama saksi-saksi yang hadir saat kejadian.",Email HR,Tinggi
"Selamat sore, saya Haris Nugraha dari bagian Procurement ingin mengajukan penggantian notebook kerja yang sering restart sendiri. Kendala ini terjadi beberapa kali dalam seminggu, terutama saat membuka file Excel besar. Pekerjaan masih dapat dilanjutkan setelah laptop menyala kembali, tetapi cukup mengganggu proses input data pembelian. Mohon dilakukan pengecekan dan dipertimbangkan penggantian unit jika diperlukan.",Tiket IT,Sedang
"Untuk mengurangi limbah kertas, seluruh dokumen internal antar unit tidak lagi dicetak secara fisik. Tanda tangan elektronik kini diakui sepenuhnya untuk pengesahan nota kesepahaman internal. Mesin fotokopi hanya boleh digunakan untuk keperluan korespondensi dengan pihak ketiga.",SOP,Sedang
"Yth. HRD PT Bintang Timur, Saya Dian Permatasari dari Divisi Kreatif ingin menanyakan informasi mengenai benefit kesehatan yang disediakan perusahaan, khususnya apakah biaya kacamata termasuk dalam tanggungan BPJS atau asuransi swasta perusahaan. Saya berencana mengganti kacamata bulan ini dan ingin memanfaatkan fasilitas yang ada. Jika ada batas maksimum klaim dan prosedur pengajuannya, mohon dapat diinformasikan juga. Terima kasih atas penjelasannya.",Email HR,Rendah
"Untuk mencegah kehilangan barang pribadi, karyawan dihimbau tidak meninggalkan dompet atau ponsel di atas meja pengawasan. Gunakan laci dilengkapi kunci untuk menyimpan barang berharga Anda. Perusahaan tidak bertanggung jawab atas kehilangan aset pribadi di lingkungan",SOP,Rendah
"Saya, Wahyu Hidayat dari Divisi Gudang, mengajukan pengadaan 10 unit hand pallet untuk mendukung aktivitas pemindahan barang. Peralatan yang ada masih dapat digunakan namun jumlahnya tidak mencukupi. Kapasitas yang dibutuhkan adalah 2 ton per unit. Estimasi harga Rp4.000.000 per unit.",Permintaan Pengadaan,Sedang
"Email dari Rizal Firmansyah, departemen Treasury Control. Jadwal pembayaran kewajiban jangka pendek minggu depan mencapai Rp 326.000.000 sementara penerimaan kas yang diproyeksikan hanya Rp 118.000.000. Perbedaan tersebut menciptakan risiko kekurangan likuiditas. dimohon keputusan terkait prioritas pembayaran dan sumber pendanaan alternatif.",Laporan Keuangan,Tinggi
Halo Tim IT. tolong bantuannya untuk menginstal aplikasi Adobe Illustrator di perangkat saya. Aplikasi ini sangat saya butuhkan untuk membuat desain banner promosi bulan depan. Atasan saya sudah memberikan persetujuan melalui sistem internal kita. Kapan kira-kira teknisi bisa meremote laptop saya untuk instalasi?,Tiket IT,Sedang
"Yth. HRD, saya Maya Oktaviani dari bagian Customer Experience. Saya ingin mendaftarkan diri pada program pelatihan yang akan diselenggarakan perusahaan bulan depan. Menurut saya pelatihan tersebut sangat relevan dengan tanggung jawab pekerjaan saya saat ini. dimohon informasi mengenai mekanisme pendaftaran dan persetujuan yang diperlukan.",Email HR,Sedang
"Air conditioner (AC) di ruang server utama gedung B saat ini mengalami kerusakan total dan menyebabkan suhu ruangan melonjak drastis. Kami membutuhkan penggantian segera berupa 2 unit AC Standing Daikin 5 PK untuk mencegah kerusakan pada server yang menyimpan data krusial perusahaan. Jika tidak ditangani dalam 24 jam ke depan, operasional seluruh sistem internal berisiko lumpuh. Perkiraan anggaran yang dibutuhkan adalah sebesar Rp 45.000.000. Pengajuan oleh Rian Hidayat, Divisi Fasilitas dan Infrastruktur.",Permintaan Pengadaan,Tinggi
"Saya, Siti Rahmawati dari Divisi Proyek, mengajukan pengadaan 1 paket lisensi software desain CAD untuk 10 pengguna. Lisensi diperlukan untuk penyelesaian revisi desain proyek klien yang sedang berjalan. Tanpa perangkat lunak tersebut, tim tidak dapat melanjutkan pekerjaan secara optimal. Estimasi biaya sebesar Rp75.000.000.",Permintaan Pengadaan,Tinggi
"Halo Tim IT, saya Endang Kusumawati, HR Generalist di Divisi Human Resources. Saya ingin menanyakan bagaimana cara mengatur fitur auto-reply atau pesan Out of Office di email Outlook. Saya akan mengambil cuti tahunan selama seminggu mulai tanggal 20 Juni dan ingin mengaktifkan pesan otomatis agar pengirim tahu saya sedang tidak aktif beserta informasi kontak pengganti selama saya cuti. Sudah saya coba mencari pengaturannya sendiri namun bingung karena tampilan Outlook berubah setelah pembaruan terakhir. Jika ada panduan singkat dalam bentuk PDF yang bisa dikirimkan ke email saya, itu sudah sangat membantu. Terima kasih, Endang Kusumawati, Ext. 1120.",Tiket IT,Rendah
"Yth. Tim HRD, Saya Putri Handayani dari bagian Pemasaran bermaksud mengajukan dimohon cuti tahunan selama 5 hari kerja, yaitu pada tanggal 25–29 November 2024. Cuti ini saya rencanakan untuk menemani keluarga dalam acara pernikahan kakak saya di Yogyakarta. Saya sudah mendiskusikan hal ini dengan Bapak Agus selaku Supervisor saya dan beliau tidak keberatan selama pekerjaan saya sudah saya delegasikan terlebih dahulu. Sisa cuti tahunan saya masih 9 hari sehingga pengajuan ini masih dalam batas hak cuti yang berlaku. Mohon persetujuan dan konfirmasi dari HRD paling lambat 3 hari ke depan. Terima kasih.",Email HR,Sedang
"Tim IT yang terhormat, saya Guntur Wibisono dari departemen Riset dan Pengembangan Produk. Saya memerlukan akses ke repository Git internal perusahaan dan server Jenkins untuk keperluan kolaborasi dalam proyek pengembangan aplikasi internal yang saya baru bergabung minggu ini. Manajer proyek saya yaitu Bapak Rizal Anwar sudah memberikan persetujuan dan akan mengirimkan email konfirmasi kepada Tim IT secara terpisah. dimohon juga disiapkan akses SSH ke server development dengan IP 192.168.50.10 menggunakan public key SSH yang sudah saya lampirkan di tiket ini. Saya sangat membutuhkan akses ini sebelum akhir minggu agar bisa mulai berkontribusi pada sprint yang sedang berjalan. Guntur Wibisono, Junior Software Developer, Ext. 0040.",Tiket IT,Sedang
Saya Adi dari Divisi Retail membutuhkan 5 unit kasir portable Samsung Galaxy Tab A9 untuk dipasang di booth pameran dadakan mulai Tablet kasir yang lama hilang saat proses mobilisasi logistik kemarin malam dan kami memiliki cadangan. Spesifikasi yang dibutuhkan adalah RAM minimal 4GB dan konektivitas 4G LTE agar transaksi pembayaran tidak terhambat. Estimasi total dana yang diperlukan Rp 15.000.000.,Permintaan Pengadaan,Tinggi
Tata aturan pembersihan dan sterilisasi cangkir porselen putih berlogo kantor pasca pimpinan departemen menjamu pimpinan eksternal segera hama dengan memakai sabun air bilasan panas bertekanan mesin cuci rak dapurnya usai seluruh tamu pamit di jemput lobi. Usapan kain putih di akhir cucian mencegah tanda cap membekas atau titik noda percikan sabun dan sisa kopi gelap masih membandel kering menempel di sekeliling lingkar bibir mangkuk bulatannya agar tampak kilap pantulan kembali aslinya. Petugas sangat tidak dibenarkan membawa menaruh mewah rapat VIP porselen ini menyelinap dicuci bareng peralatan makan tumpukan kantin untuk mengantisipasi kejadian tertukar wadah cuci sabun perabotan tak resmi resiko mangkuk terbentur cuci rombongan belah ganti lumayan repot diproses laporannya.,SOP,Rendah
"Selamat siang Ibu Merry. Saya ingin melaporkan intimidasi konflik serius yang terus terjadi antara saya dan atasan langsung saya di divisi Hal ini sudah sangat mengganggu kesehatan mental saya dan membuat lingkungan kerja menjadi tidak lagi. Saya meminta waktu untuk dengan perwakilan personal hari ini guna menceritakan kronologinya. bantuannya untuk menindaklanjuti hal ini. - Siti Rahma, Divisi Pemasaran.",Email HR,Tinggi
"Laporan dari Nila Suryani, Divisi Compliance Audit. Tim audit menemukan adanya pengeluaran investasi perangkat keras senilai Rp 337.000.000 yang belum tercatat sebagai aset tetap. Kesalahan klasifikasi ini berdampak pada penyajian laporan neraca. Diperlukan penyesuaian segera sebelum audit eksternal berlangsung.",Laporan Keuangan,Tinggi
"report dari Tommy Hermawan, departemen Akuntansi. Rekonsiliasi persediaan menemukan selisih nilai stok sebesar Rp 121.000.000 dibanding catatan pembukuan. Selisih ini cukup material terhadap laporan keuangan periode berjalan. Tim gudang dan akuntansi diminta melakukan pengecekan ulang.",Laporan Keuangan,Tinggi
"Saya, Nita Puspitasari dari Divisi Umum, mengajukan pengadaan jasa keamanan tambahan sebanyak 4 personel untuk operasional 24 jam. Kontrak dibutuhkan selama tiga bulan ke depan. Estimasi biaya Rp28.000.000 per bulan. Kebutuhan ini mendesak karena peningkatan aktivitas proyek dan kunjungan vendor.",Permintaan Pengadaan,Tinggi
"Halo IT Support, saya Rizal Mahendra dari Divisi Supply Chain Management. Sudah sekitar 2 minggu ini browser Google Chrome di laptop saya selalu meminta update setiap kali dibuka namun tombol update selalu gagal karena muncul notifikasi Insufficient permissions untuk memperbarui browser tersebut. Saya paham bahwa laptop kantor memiliki pembatasan hak admin untuk instalasi dan update software, namun saya khawatir browser yang out-of-date bisa menjadi celah keamanan. Apakah ada cara untuk memperbarui Chrome secara manual tanpa hak admin atau apakah Tim IT bisa melakukan update secara remote melalui sistem manajemen perangkat? Tidak mendesak namun ingin segera diselesaikan demi keamanan. Rizal Mahendra, Supply Chain Analyst, Ext. 8825.",Tiket IT,Rendah
"Untuk mendukung efisiensi pendaftaran tamu di lobi depan, kami membutuhkan upgrade pada sistem administrasi resepsionis. dimohon diajukan pengadaan 1 unit printer barcode Zebra ZD220 beserta 5 rol stiker label thermal. Printer ini akan digunakan untuk mencetak kartu visitor access secara instan saat tamu mengisi buku tamu digital. Estimasi total biaya pengadaan ini adalah Rp 3.200.000. permohonan oleh Yulia Citra, Divisi Hubungan Masyarakat.",Permintaan Pengadaan,Sedang
"Saya, Siska Noviani dari Divisi Korporat, mengajukan pengadaan 1 unit sistem konferensi video untuk ruang utama. Sistem mencakup kamera PTZ, mikrofon konferensi, dan speaker. Perangkat dibutuhkan untuk mendukung rapat hybrid perusahaan. biaya Rp65.000.000.",Permintaan Pengadaan,Sedang
"Yth. Helpdesk, saya Fanny Maharani dari Divisi Collection tidak bisa membuka aplikasi penagihan piutang. Setiap kali memilih menu daftar pelanggan, aplikasi langsung tertutup sendiri tanpa menyimpan aktivitas. Hari ini ada target follow up piutang jatuh tempo yang harus dilaporkan ke manajemen. Mohon segera dibantu karena seluruh proses kerja saya terhenti.",Tiket IT,Tinggi
Penanganan kecelakaan kerja berat di area produksi harus diutamakan dengan memanggil tim medis darurat. Mesin yang terlibat dalam insiden harus segera dimatikan dan diisolasi. Laporan kronologi kejadian wajib disusun oleh supervisor shift yang bertugas.,SOP,Tinggi
"report dari Kurniawan Putra, departemen Engineering. Kami mengajukan anggaran tambahan Rp 89.000.000 untuk penggantian perangkat monitoring produksi yang sudah usang. Investasi ini diperlukan untuk menjaga keandalan operasional fasilitas. Proposal teknis telah dilampirkan untuk proses evaluasi.",Laporan Keuangan,Sedang
"Saya, Bayu Prakoso dari Divisi Penjualan, mengajukan pengadaan 20 unit tablet Android untuk tim lapangan. Spesifikasi yang dibutuhkan adalah layar 10 inci dan RAM 6 GB. Perangkat akan digunakan untuk presentasi produk dan input data pelanggan. Estimasi harga Rp4.000.000 per unit.",Permintaan Pengadaan,Sedang
"Kepada tim HRD, saya Andi Pratama dari bagian Produksi ingin melaporkan bahwa gaji bulan ini belum masuk ke rekening saya hingga hari ini. Beberapa rekan sudah menerima gaji sejak kemarin sehingga saya khawatir terjadi kendala pada data payroll saya. Kondisi ini cukup mendesak karena saya memiliki kewajiban pembayaran yang jatuh tempo minggu ini. harap bantuan untuk pengecekan dan tindak lanjut secepatnya.",Email HR,Tinggi
"Laporan dari Fikri Adiwijaya, Divisi Fleet Management. Biaya operasional armada kendaraan selama bulan ini tercatat sebesar Rp 23.700.000. Pengeluaran mencakup servis berkala, bahan bakar, dan penggantian komponen minor. Seluruh biaya masih berada dalam batas anggaran yang tersedia.",Laporan Keuangan,Sedang
"unit Sales memerlukan pengadaan 4 unit proyektor Epson EB-E500 untuk menggantikan proyektor lama yang lampunya sudah redup dan berkedip. Alat presentasi ini sangat mendesak karena akan digunakan untuk pitch meeting dengan calon investor eksternal pada hari Kamis ini. Estimasi total alokasi yang dibutuhkan adalah sebesar Rp 24.000.000. Presentasi yang buruk akibat kualitas visual yang rendah dapat mengurangi kredibilitas perusahaan di mata investor. Pengajuan oleh Rinaawati, Divisi Penjualan.",Permintaan Pengadaan,Tinggi
"Email dari Lestari Ayuningrum, unit Keuangan Korporat. Terdapat lonjakan pengeluaran promosi hingga Rp 286.000.000 pada kuartal ini tanpa revisi budget yang disetujui. Kondisi tersebut menyebabkan deviasi signifikan terhadap rencana keuangan tahunan. Mohon klarifikasi dari unit pemasaran terkait penggunaan dana tersebut.",Laporan Keuangan,Tinggi
"Prosedur penyimpanan sementara limbah elektronik kantor, seperti baterai dan monitor rusak, kini dialihkan ke gudang khusus lantai dasar. Jangan pernah membuang sampah elektronik ini ke dalam tempat sampah biasa. Perusahaan akan bekerja sama dengan agen daur ulang resmi untuk pemusnahannya.",SOP,Sedang
"Yth. Tim HRD, Saya Yunita Andriani dari Divisi Keuangan ingin bertanya mengenai prosedur pengajuan cuti pernikahan di luar cuti tahunan untuk pernikahan saya yang rencananya berlangsung pada Februari 2025. Saya ingin memastikan berapa hari cuti pernikahan yang menjadi hak saya sesuai peraturan perusahaan dan apakah harus diambil bersamaan dengan hari H atau bisa dibagi. Pengajuannya harus dilakukan berapa bulan sebelumnya dan dokumen apa saja yang diperlukan? Terima kasih atas penjelasannya.",Email HR,Rendah
"Sore rekan IT. Aplikasi Customer Service di komputer saya sering mengalami lag saat melakukan pencarian nama pelanggan. Saya Wati dari CS melaporkan bahwa ini hanya terjadi di PC saya, sementara teman sebelah saya lancar. Tidak sampai sistemnya mati, tapi cukup menghambat saat melayani komplain pelanggan via telepon. minta dicek aplikasinya jika ada waktu luang hari ini.",Tiket IT,Sedang
"Email dari Rani Amelia, Divisi Community Development. Pengeluaran program tanggung jawab sosial perusahaan pada bulan ini tercatat sebesar Rp 22.300.000. Dana digunakan untuk kegiatan edukasi masyarakat dan bantuan sarana umum. Seluruh penggunaan dana telah terdokumentasi dengan baik.",Laporan Keuangan,Sedang
"Selamat pagi Tim HR. Saya ingin melaporkan insiden serius di mana data rahasia klien kami diduga telah dibocorkan oleh salah satu oknum karyawan di divisi sales demi keuntungan pribadi. Kami menemukan bukti kuat berupa log aktivitas pengiriman data ke email eksternal tadi malam. Mohon tim HR segera mengamankan akun yang bersangkutan and melakukan investigasi mendalam hari ini demi menjaga nama baik perusahaan. - Hendra Gunawan, Divisi Keamanan Informasi.",Email HR,Tinggi
"Router utama di lantai 3 kantor pusat terbakar akibat korsleting listrik pagi ini, menyebabkan seluruh staf di lantai tersebut kehilangan akses internet. Kami mengajukan pengadaan darurat 1 unit Router Cisco Catalyst C9200 sebagai pengganti agar koneksi jaringan pulih kembali. Estimasi harga router baru ini adalah Rp 22.000.000. Keadaan ini sangat mengganggu operasional harian dan membutuhkan penanganan instan. permohonan dari Agus Setiawan, bagian Infrastruktur Jaringan.",Permintaan Pengadaan,Tinggi
"rekapitulasi dari Jefri Saputro, unit Warehouse Management. Pengeluaran gudang untuk kebutuhan perlengkapan penyimpanan dan keselamatan kerja mencapai Rp 18.300.000 selama bulan ini. Seluruh pembelian dilakukan sesuai kebutuhan operasional. Dokumen pendukung telah diarsipkan untuk keperluan audit.",Laporan Keuangan,Sedang
"Halo HRD, saya Prasetyo dari Divisi Teknologi Informasi. Saya ingin mengajukan reimbursement pembelian perangkat pendukung kerja yang sebelumnya mendapatkan persetujuan dari manajer. Bukti pembelian formulir sudah saya lampirkan email ini. konfirmasi terkait estimasi waktu proses pencairan.",Email HR,Sedang
"Yth. Tim HRD, Saya Budi Santoso dari Divisi Keuangan ingin melaporkan bahwa gaji saya untuk bulan Oktober 2024 belum masuk ke rekening hingga hari ini tanggal 10 November 2024. Saya sudah mengecek mutasi rekening BCA saya secara berkala dan tidak ada transfer masuk dari perusahaan. Kondisi ini sangat mendesak karena saya memiliki cicilan KPR yang jatuh tempo besok dan saldo rekening saya sudah sangat menipis. Mohon segera ditindaklanjuti dan dikonfirmasi kapan gaji saya akan ditransfer. Terima kasih atas perhatiannya.",Email HR,Tinggi
Aturan dasar merapikan kabel colokan alat pengisi daya laptop karyawan agar dijalin pada lubang bundar meja standar untuk tidak berantakan menjuntai silang melintang. Meja rapi dari silang sengkarut juntaian kabel terbukti mampu menaikkan nilai estetik kunjungan klien divisi inspeksi standar area bekerja kita. Segera hubungi pihak penyedia layanan alat penataan komputer apabila colokan yang tersedia terlalu jauh dari meja kursi untuk dilakukan pemasangan saluran aman listrik yang tepat.,SOP,Rendah
"Halo Tim IT, saya Fikri Alamsyah dari Divisi Business Analyst ingin bertanya mengenai lokasi penyimpanan template resmi perusahaan. Saya melihat beberapa versi template berbeda di folder tim. Saat ini tidak ada pekerjaan yang terhambat, tetapi kami ingin memakai format yang paling terbaru. Mohon arahan folder atau link yang benar.",Tiket IT,Rendah
"report dari Fikri Adiwijaya, departemen Fleet Management. Biaya operasional armada kendaraan selama bulan ini tercatat sebesar Rp 23.700.000. Pengeluaran mencakup servis berkala, bahan bakar, dan penggantian komponen minor. Seluruh biaya masih berada dalam batas anggaran yang tersedia.",Laporan Keuangan,Sedang
"Email dari Rian Kurniawan, departemen Treasury Management. Proyeksi arus kas untuk dua minggu ke depan menunjukkan defisit sebesar Rp 194.000.000 akibat percepatan pembayaran kontrak proyek. Kondisi tersebut dapat menghambat pembayaran kewajiban rutin perusahaan. minta persetujuan strategi pengelolaan kas jangka pendek.",Laporan Keuangan,Tinggi
Selamat pagi rekan IT. Saya ada sedikit pertanyaan terkait penggunaan aplikasi VPN kantor kita. Apakah koneksi VPN ini aman digunakan saat saya terkoneksi dengan WiFi publik cafe atau bandara? Saya ingin memastikan kerahasiaan data perusahaan tidak bocor saat saya bekerja dari luar kantor. Terima kasih.,Tiket IT,Rendah
"Saya, Rina Kartika dari Divisi Operasional, mengajukan pengadaan 3 unit komputer desktop sebagai pengganti perangkat yang tidak dapat digunakan lagi. Spesifikasi minimum adalah Intel Core i5, RAM 16 GB, dan SSD 512 GB. Kerusakan perangkat saat ini menyebabkan keterlambatan proses administrasi operasional. Estimasi harga Rp10.500.000 per unit.",Permintaan Pengadaan,Tinggi
Kebijakan work from home akan dirotasi menjadi format hybrid mulai bulan depan. staf wajib hadir di kantor minimal tiga hari dalam seminggu sesuai jadwal unit Perubahan jadwal kehadiran harus disetujui oleh atasan langsung sehari sebelumnya.,SOP,Sedang
Setiap surat penawaran dari vendor yang masuk ke surel pribadi karyawan harus diteruskan ke surel departemen purchasing. Karyawan dilarang memberikan janji kerja sama secara langsung kepada perwakilan vendor mana pun. Hal ini untuk memastikan proses negosiasi berjalan transparan dan dapat dipertanggungjawabkan.,SOP,Sedang
"Email dari Wulan Kartikasari, unit Employee Relations. Pengeluaran kegiatan keterlibatan tenaga kerja selama bulan berjalan mencapai Rp 17.400.000. Biaya digunakan untuk program apresiasi dan kegiatan internal perusahaan. Seluruh penggunaan dana telah sesuai dengan rencana kerja yang disetujui.",Laporan Keuangan,Sedang
Aturan dasar merapikan kabel colokan alat pengisi daya laptop karyawan agar lubang bundar meja standar untuk berantakan silang melintang. Meja rapi dari silang sengkarut juntaian kabel terbukti mampu menaikkan nilai estetik kunjungan klien divisi inspeksi standar area bekerja kita. hubungi pihak penyedia layanan alat penataan komputer apabila colokan terlalu jauh dari meja kursi untuk dilakukan pemasangan saluran aman yang tepat.,SOP,Rendah
Notulen rapat mingguan divisi harus dibagikan ke semua peserta selambatnya satu kerja setelah pertemuan selesai. Format pencatatan wajib menyertakan poin keputusan utama siapa yang jawab atas tindak notulensi disimpan dalam folder berbagi divisi yang ada di server cloud.,SOP,Rendah
Batas izin pendaftaran meminjam memutar piringan DVD video dokumenter edukasi pada proyektor televisi ruang santai diskusi dibatasi untuk staf yang sekadar butuh sarana mencairkan ide buntu inspirasi konten desain sosial media perusahaan saja. Seluruh daftar koleksi cakram padat dokumenter profil perusahaan tersebut bisa diakes pinjam dengan pengawasan penjaga respsionis perpustakaan arsip multimedia dengan log absensi penukaran ID Card aslinya. Disk yang dirasa sering berhenti tersendat macet diputar di pemutarnya harap dikomunikasikan kendala rekapitulasi biar petugas staf cepat menyisihkan cakram padat digital itu keluar sirkulasi pencatatan inventaris media kita yang aktif harian.,SOP,Rendah
Pengelolaan jadwal shift operator call center akan pada tanggal dua puluh setiap bulannya. Permintaan pertukaran jadwal antar operator harus persetujuan tertulis dari team leader. shift tidak seorang operator bekerja dua shift tanpa istirahat.,SOP,Sedang
"Email dari Arman Hidayat, Divisi Fasilitas. Pengeluaran rutin untuk perawatan taman kantor tercatat sebesar Rp 2.400.000 bulan ini. Biaya tersebut sesuai kontrak layanan yang berlaku. Tidak terdapat perubahan anggaran yang perlu diajukan.",Laporan Keuangan,Rendah
"Email dari Bastian Hidayat, unit Financial Analysis. Hasil evaluasi profitabilitas menunjukkan salah satu unit bisnis mencatat kerugian sebesar Rp 184.000.000 selama dua bulan berturut-turut. Tren ini berbeda dengan target yang telah ditetapkan manajemen. Diperlukan kajian mendalam terhadap struktur biaya unit tersebut.",Laporan Keuangan,Tinggi
"Email dari Putri Cahyani, bagian Administrative Support. Dana kas kecil digunakan sebesar Rp 1.340.000 untuk kebutuhan materai, pengiriman dokumen, dan pembelian perlengkapan administrasi ringan. Seluruh transaksi telah dicatat dalam buku kas harian. Saldo yang tersisa masih memadai untuk operasional minggu depan.",Laporan Keuangan,Rendah
"Tim audit internal membutuhkan 2 unit scanner dokumen portabel berkecepatan tinggi merek Fujitsu untuk mendukung kegiatan pemeriksaan dokumen keuangan di lapangan. Alat ini akan sangat membantu proses digitalisasi bukti transaksi secara cepat langsung di lokasi anak perusahaan. Estimasi harga untuk kedua unit scanner portabel tersebut adalah Rp 14.000.000. Efisiensi waktu audit di lapangan akan meningkat signifikan dengan alat ini. Pengajuan dari Nina Marlina, Divisi Audit Internal.",Permintaan Pengadaan,Sedang
"Halo HRD, saya Yoga Saputra dari bagian Engineering. Saya mengalami kecelakaan kerja ringan saat melakukan perawatan mesin dan telah mendapatkan pemeriksaan di klinik perusahaan. Saya ingin memastikan bahwa rekapitulasi kejadian sudah tercatat serta mengetahui hak yang dapat saya peroleh sesuai kebijakan perusahaan. Mohon informasi mengenai langkah administrasi yang perlu saya lengkapi.",Email HR,Tinggi
"Untuk menunjang mobilitas tim penjualan lapangan, kami membutuhkan 2 sepeda motor operasional Honda Vario 125cc. Kendaraan ini akan digunakan kunjungan rutin ke outlet mitra di area Jabodetabek yang sulit dijangkau kendaraan roda empat. Estimasi anggaran pengadaan kendaraan roda beserta pengurusan dokumennya adalah Rp 46.000.000. fasilitas ini bisa menaikkan produktivitas kunjungan harian tim sales. Pengajuan dari Doni Kusuma, Divisi Penjualan.",Permintaan Pengadaan,Sedang
"Selamat siang Bapak/Ibu HR. Saya ingin menyampaikan keluhan kecil mengenai suhu pendingin ruangan (AC) di kubikel unit kami yang terasa sangat dingin dalam beberapa hari terakhir ini, bahkan mencapai 16 derajat. Beberapa rekan kerja mulai mengeluh kurang nyaman dan sulit berkonsentrasi karena kedinginan. tolong bantuan HR untuk menyampaikan hal ini kepada tim building maintenance agar suhu AC bisa disesuaikan ke tingkat yang wajar. Terima kasih. - Rina Amelia, Divisi Desain Komunikasi.",Email HR,Rendah
"Kepada Tim HRD, Saya Agung Prabowo, Staf Divisi Supply Chain, ingin menanyakan apakah sisa cuti tahunan yang tidak diambil pada tahun 2024 bisa dialihkan ke tahun 2025 atau akan hangus di akhir tahun. Saya masih memiliki sisa 6 hari cuti yang belum digunakan dan ingin memastikan tidak ada hak yang hilang karena ketidaktahuan saya. Jika ada batas waktu pengambilan atau prosedur pengajuan carry-over, mohon dapat dijelaskan secara rinci. Terima kasih atas informasinya.",Email HR,Rendah
Peminjaman alat kebersihan tugas berat oleh departemen lain harus dikoordinasikan dengan supervisor housekeeping. Alat seperti mesin pemoles lantai tidak boleh dioperasikan oleh staf yang belum menerima pelatihan. Alat harus dikembalikan dalam keadaan bersih maksimal setelah jam kerja berakhir.,SOP,Sedang
"Saya, Yusuf Ramadhan dari departemen Pengadaan, mengajukan kontrak jasa keamanan untuk area kantor dan gudang. Layanan mencakup 8 personel keamanan selama 12 bulan. Kebutuhan ini merupakan bagian dari operasional rutin perusahaan. Estimasi biaya Rp420.000.000 per tahun.",Permintaan Pengadaan,Sedang
"Yth. Manajer HRD, saya mengirimkan email ini dengan sangat kecewa karena status kepesertaan BPJS Kesehatan anak saya dinonaktifkan secara sepihak oleh sistem akibat kelalaian pelaporan pembaruan data oleh admin HR perusahaan. Hari ini anak saya ditolak mendapatkan tindakan cuci darah terjadwal di klinik rekanan karena masalah administrasi ini. Saya menuntut pertanggungjawaban penuh dan tindakan koreksi instan dari pihak HRD hari ini juga agar pengobatan anak saya tidak terputus. - Gunawan Wibisono, Divisi Facility Engineering.",Email HR,Tinggi
"Tim IT Helpdesk, saya Megawati Solihin dari bagian Ekspor dan Impor. Password akun SAP saya tiba-tiba tidak diterima sistem sejak pagi ini padahal saya tidak pernah mengubahnya dan muncul pesan Your account has been disabled. Hari ini adalah batas akhir permintaan dokumen ekspor ke Bea Cukai secara elektronik melalui sistem yang terintegrasi langsung dengan SAP dan jika tidak disubmit sebelum pukul 14.00 WIB maka pengiriman kontainer senilai 3 miliar rupiah akan tertunda dan dikenai denda. Saya sudah mencoba menghubungi rekan lain untuk meminjam akun namun hal tersebut tidak diperbolehkan oleh kebijakan keamanan sistem. Mohon akun saya segera dipulihkan karena ini menyangkut kerugian finansial dan reputasi perusahaan yang sangat besar. Megawati Solihin, Export-Import Supervisor, Ext. 7701, HP 0856-9988-7766.",Tiket IT,Tinggi
"rekapitulasi dari Raka Wijaya, unit Customer Operations. Biaya operasional pusat kontak pelanggan tercatat sebesar Rp 32.500.000 pada bulan ini. Pengeluaran mencakup layanan komunikasi, perangkat kerja, dan pelatihan staf. Tidak terdapat penyimpangan dari anggaran yang telah ditetapkan.",Laporan Keuangan,Sedang
"Selamat pagi rekan HR. Saya ingin menanyakan perihal slip gaji bulanan yang biasanya dikirimkan otomatis ke email personal kami. Untuk bulan ini saya belum menerima email dokumen slip gaji tersebut, padahal biasanya sudah masuk bersamaan dengan tanggal gajian. Apakah sistem pengiriman email otomatis sedang mengalami gangguan atau maintenance? minta bantuannya untuk mengirimkan ulang slip gaji saya bulan ini. Terima kasih. - Lukman Hakim, departemen Audit Internal.",Email HR,Rendah
"Setiap hari Jumat, karyawan diperbolehkan mengenakan pakaian kasual yang rapi dan sopan. Pemakaian celana pendek, sandal jepit, dan kaus tanpa kerah tetap tidak diperkenankan di lingkungan kantor. Karyawan yang memiliki jadwal bertemu klien eksternal wajib tetap menggunakan pakaian bisnis formal.",SOP,Rendah
"Halo HRD, saya Hendra Wijaya dari Divisi Operasional. Saya ingin mengetahui apakah perusahaan memiliki program bantuan pendidikan atau pelatihan bersertifikat bagi karyawan. Saya tertarik mengikuti pelatihan yang dapat mendukung pengembangan karier saya. Mohon informasi apabila ada program yang sedang berjalan.",Email HR,Rendah
"Pagi IT, PC di meja saya tiba-tiba mati sendiri dan sekarang tidak bisa dinyalakan sekali. Padahal kemarin sore masih normal dan tidak ada tanda-tanda kerusakan hardware. Saya mengerjakan laporan tahunan yang harus disubmit siang juga. pinjaman laptop sementara atau perbaikan segera.",Tiket IT,Tinggi
Halo IT. Inbox email saya sudah hampir penuh mencapai ambang batas dari kuota maksimal yang diberikan. Bagaimana ya cara membuat arsip lokal untuk memindahkan email-email lama saya ke hardisk komputer? Saya tidak berani menghapus sembarangan karena takut ada dokumen penting yang terbuang. Mohon pencerahannya.,Tiket IT,Rendah
"Email dari Yudi Kurnia, Divisi Operasional. Realisasi biaya transportasi distribusi mencapai Rp 167.000.000 atau 41% di atas anggaran yang disetujui. Kenaikan dipicu oleh perubahan rute dan biaya bahan bakar. Evaluasi menyeluruh perlu dilakukan untuk mencegah pembengkakan biaya lebih lanjut.",Laporan Keuangan,Tinggi
"Saya, Galih Ramadhan dari unit Teknologi Informasi, mengajukan pengadaan 5 unit monitor tambahan ukuran 27 inci. Spesifikasi resolusi Full HD dan panel IPS. Estimasi harga per unit Rp2.800.000. Pengadaan ditujukan sebagai persiapan ekspansi tim pada semester berikutnya.",Permintaan Pengadaan,Rendah
"rekapitulasi dari Nia Oktaviani, bagian Accounting Compliance. Ditemukan perbedaan pencatatan utang vendor sebesar Rp 131.000.000 antara sistem pembelian dan buku besar. Selisih tersebut berpotensi memengaruhi akurasi laporan neraca. Tim akuntansi sedang melakukan penelusuran transaksi terkait.",Laporan Keuangan,Tinggi
"Dalam hal komplain pelanggan terkait keracunan makanan, restoran wajib merespons dalam waktu lima menit. Sampel makanan yang harus segera diamankan uji laboratorium. Bantuan ditawarkan langsung kepada pelanggan yang terdampak.",SOP,Tinggi
"Papan pengumuman fisik bergabus di ruang istirahat hanya boleh ditempeli informasi kegiatan komunitas internal perusahaan, bukan iklan komersial eksternal. Brosur atau pamflet yang dipasang wajib mendapatkan stempel izin kecil dari HRD di pojok kertas. Pengumuman lama akan diturunkan setiap awal bulan.",SOP,Rendah
"Kami mengusulkan pengadaan 2 unit lemari arsip besi dengan pintu geser kaca (filling cabinet) untuk merapikan penyimpanan berkas fisik dokumen tenaga kerja di ruang HRD. Dokumen penting berupa pakta integritas, surat keputusan, dan rekam medis tenaga kerja saat ini sudah menumpuk di luar laci karena keterbatasan ruang. Estimasi harga untuk kedua unit lemari besi anti-rayap ini adalah Rp 5.200.000. Penyimpanan yang rapi akan mempercepat proses pencarian data saat audit berkala. Pengajuan dari Maya Indah, Divisi Sumber Daya Menusia.",Permintaan Pengadaan,Sedang
"Email dari Fathan Nugroho, Divisi Analisis Profitabilitas. Hasil evaluasi menunjukkan operasional perusahaan turun sebesar Rp 228.000.000 dibanding target semester berjalan. Penurunan terutama berasal dari peningkatan biaya distribusi dan diskon penjualan. Diperlukan langkah korektif untuk menjaga keuangan hingga akhir tahun.",Laporan Keuangan,Tinggi
"Apabila terjadi pandemi penyakit menular yang parah, perusahaan langsung memberlakukan protokol work from home penuh. Akses fisik ke kantor kecuali untuk petugas pemeliharaan esensial. karyawan wajib melaporkan kondisi kesehatannya melalui portal HR setiap hari.",SOP,Tinggi
"Halo Tim IT, saya Suparman Basuki dari departemen Keamanan dan Fasilitas. Saya ingin menanyakan apakah perangkat CCTV di area gedung termasuk dalam tanggung jawab pemeliharaan Tim IT atau ditangani oleh vendor keamanan gedung secara terpisah. Beberapa kamera CCTV di area parkir basement terlihat sudut pandangnya sudah bergeser dan gambarnya agak buram, dan saya ingin tahu kepada siapa seharusnya saya melaporkan hal ini agar secepatnya ditangani. Jika memang bukan ranah IT mohon berikan informasi kontak pihak yang tepat untuk saya hubungi. Suparman Basuki, Facility Security Coordinator, Ext. 9930.",Tiket IT,Rendah
"Saya, Fajar Nugroho dari Divisi Logistik, mengajukan pengadaan 1 unit kendaraan operasional jenis pickup diesel. Kendaraan lama mengalami kerusakan mesin dan tidak dapat digunakan untuk distribusi barang. Penggantian diperlukan agar jadwal pengiriman tidak terganggu. Estimasi harga Rp280.000.000.",Permintaan Pengadaan,Tinggi
"Selamat siang Bapak/Ibu HR, saya ingin memberikan masukan kecil mengenai kondisi fasilitas fisik di ruang menyusui (laktasi) yang berada di lantai 4 gedung kita. Saat ini lemari es khusus penyimpanan ASI perah di ruangan tersebut kurang berfungsi optimal karena suhunya tidak stabil, sehingga dikhawatirkan merusak kualitas ASI teman-teman karyawati. tolong dibantu untuk koordinasi perbaikan atau pemeliharaan perangkat tersebut demi kenyamanan bersama. - Fitri Handayani, bagian Customer Experience.",Email HR,Rendah
"Yth. IT, saya Anggi Purnama dari Divisi Project Management mengalami masalah VPN saat bekerja dari lokasi proyek. VPN berhasil login, tetapi aplikasi internal tetap tidak bisa dibuka. Hari ini saya harus mengunggah laporan progres untuk rapat steering committee. Mohon bantuan segera karena deadline pengiriman laporan pukul 15.00.",Tiket IT,Tinggi
"Saya, Fitri Handayani dari Divisi Keuangan, mengajukan pengadaan 6 unit laptop untuk staf baru. Spesifikasi yang dibutuhkan adalah Intel Core i5, RAM 8 GB, dan SSD 512 GB. Pengadaan ini merupakan bagian dari kebutuhan operasional tahunan. Estimasi harga Rp11.000.000 per unit.",Permintaan Pengadaan,Sedang
"Selamat siang Tim IT, saya Oka Mahendra dari departemen Quality Assurance melaporkan aplikasi inspeksi produk mengalami error saat menyimpan hasil pemeriksaan. Setiap kali klik submit, data hilang dan muncul pesan internal server error. Hari ini ada audit mutu dari pelanggan dan semua hasil inspeksi harus terdokumentasi. harap segera ditindaklanjuti karena proses audit sedang berjalan.",Tiket IT,Tinggi
"Daftar hadir absensi ceklis penjaga malam gudang logistik pabrik ditandai lewat pemindaian cip elektronik tertanam pada bagian belakang papan logo lencana pengenal saku baju rompinya dengan dihadapkan mesin pemindai gerbang pos utara saat jadwal patroli keliling dua kali sejam. Apabila saat berkeliling pos ada alat cip absen elektronik rusak tak terpindai di tiang ujung batas pagar tembok bangunan, petugas segera menuliskan kronologi kecil manual di kertas catat tembusan kuning dan dibubuhkan stempel absensi tinta tangan dari pos satpam pos penjagaan gerbang utama satu saja. Semua rekaman pindai sidik rute jam keliling itu digunakan sebagai perhitungan sah angka akumulasi pembayaran jam uang lembur uang makan harian tambahan akhir pekan petugas yang selalu tuntas direkap staf HRD kompensasi per bulannya tanpa putus keliru perhitungan transfer nantinya.",SOP,Rendah
"Email dari Melisa Agustin, Divisi Procurement Planning. Purchase order yang diterbitkan untuk kebutuhan perlengkapan IT memiliki total nilai Rp 118.000.000. Seluruh vendor telah melalui proses seleksi dan evaluasi harga. Mohon pencatatan dalam rencana pengeluaran bulan depan.",Laporan Keuangan,Sedang
"Kepada HRD yang Terhormat, Saya Irwan Saputra dari unit Teknik bermaksud memperbarui data tanggungan keluarga saya di sistem HR karena istri saya baru saja melahirkan anak kedua kami pada 3 November 2024. Data bayi perlu cepat didaftarkan agar dapat masuk dalam tanggungan BPJS Kesehatan keluarga. Terlampir saya kirimkan akta kelahiran dan kartu keluarga terbaru yang sudah mencantumkan nama anak kedua kami. Mohon diproses agar kartu BPJS anggota baru bisa segera diterbitkan. Terima kasih atas bantuannya.",Email HR,Rendah
"Dalam hal komplain pelanggan terkait keracunan makanan, manajer restoran wajib merespons dalam waktu lima menit. Sampel makanan yang dihidangkan harus segera diamankan untuk uji laboratorium. Bantuan medis harus ditawarkan langsung kepada pelanggan yang terdampak.",SOP,Tinggi
"Yth. saya Lukman Hakim dari Divisi Contract memerlukan akses ke repository kontrak digital. Saya baru ditugaskan membantu pengelolaan dokumen vendor dan belum bisa membuka folder Saat ini belum ada mendesak, tetapi akses diperlukan untuk pekerjaan rutin ini. Mohon diproses setelah approval manajer saya diverifikasi.",Tiket IT,Sedang
"Email dari Kiki Saputri, Divisi Support Service. Biaya rutin penggantian dispenser dan kebutuhan air minum kantor bulan ini tercatat sebesar Pengeluaran sesuai dengan rata-rata penggunaan bulanan. Laporan disampaikan untuk keperluan pencatatan rutin.",Laporan Keuangan,Rendah
"Selamat pagi Tim HRD. Saya ingin menanyakan informasi detail mengenai mekanisme perhitungan pemotongan iuran BPJS Kesehatan dan BPJS Ketenagakerjaan yang tertera pada slip gaji bulanan terbaru. Apakah persentase potongan yang dibebankan kepada tenaga kerja mengalami penyesuaian tarif mengikuti regulasi pemerintah yang baru, ataukah ada kebijakan internal yang berubah? harap penjelasan ringkasnya agar saya bisa memahaminya dengan baik. Terima kasih. - Bambang Hermawan, Divisi Corporate Communication.",Email HR,Rendah
Pengendalian suplai jumlah pemesanan alat ikat kabel pengencang tie tebal ukuran standar pengikat paket pengiriman sortir digudang pemilahan wajib dievaluasi laporan buangan potongannya agar divisi akuntansi pemrosesan laporan sisa belanja perlengkapan logistik bulan ini tidak banyak berselisih pemborosan yang tercecer potongan klem berhambur. Supervisor penyortiran dapat menempatkan kotak kardus ukuran bak untuk memuat buangan putus kepala kabel tie rusak di seluruh tiang ujung lajur periksa kualitas QC dan di larang keras pekerja menjejali sampah itu membaur kantong kardus besar sampah bungkus paket pelanggan kita mudah diserahkan vendor limbah bahan khusus pada giliran Sabtu pungutnya nanti sebulan sekali jadwal. Apabila kuncian zip dirasa terlampau licin dan gampang longgar kancingannya dimohon untuk staf sortir merekam di aplikasi dan dilaporkan vendor pengirim supaya alat kerja pengikat itu di retur kirim ganti stok barang bermerk nomor ketahanan kuat sesuai SNI resmi perjanjian di kontrak draf pengadaan tender suplai awal alat agar pengirim ekspedisi tak terbuka paksa dalam lemparan keranjang kargo rute muatan pesawat angkut harian nanti jauh.,SOP,Rendah
"Email dari Rizky Kurniawan, Divisi Teknologi Informasi. Kami mengajukan tambahan anggaran proyek migrasi server sebesar Rp 95.000.000 untuk mendukung peningkatan kapasitas sistem. Estimasi biaya telah disesuaikan dengan kebutuhan aktual proyek. Mohon evaluasi dan persetujuan dari tim keuangan.",Laporan Keuangan,Sedang
Tolong diproses pengadaan catering rapat koordinasi bulanan antar manajer cabang yang akan dilaksanakan pada hari Kamis depan sebanyak 25 porsi. Konsumsi yang dibutuhkan berupa prasmanan standar dengan menu masakan nusantara sehat rendah kolesterol. minta dipastikan vendor menyediakan peralatan makan lengkap beserta pramusaji di lokasi ruang rapat. Estimasi total pengeluaran adalah Rp 3.125.000.,Permintaan Pengadaan,Sedang
"Email dari Karina Putri Ananda, Divisi Corporate Kami mengusulkan anggaran Rp 57.000.000 untuk produksi materi komunikasi perusahaan dan internal. Program ini bertujuan meningkatkan pemahaman karyawan terhadap strategi perusahaan. Mohon persetujuan untuk melanjutkan proses pengadaan.",Laporan Keuangan,Sedang
pengharum semprotan serangga ruangan yang digantung atas celah ventilasi lobi luar terhindar dari isengnya payung anak kecil saat menemani jemputan berjalan keluar area loket pelayanan. Tidak direkomendasikan penyetelan cairannya hingga melebihi porsi normal di hari bau uap semprotan aerosol kimianya bisa menutupi ketajaman penciuman sensor bau yang mengganggu ketenangan tamu. Saat tombol lampu menyala kuning berkedip redup cepat ganti dua baterai besar di sebalik penutup atas mesin pengharum pengusir ini dengan meminjam obeng dari kepala koordinator sipil alat pemeliharaan listrik kita.,SOP,Rendah
Setiap dokumen tanda terima atau resi pengiriman barang dari jasa logistik akan dipindai secara digital oleh petugas resepsionis di lobi. Resi asli fisik akan langsung dibuang setelah proses pemindaian dianggap jelas dan bisa terbaca sistem. Pihak penerima barang di meja departemen bisa melihat resi tersebut pada folder bersama daring perusahaan.,SOP,Rendah
"Email dari Celine Maharani, unit Learning Center. Kami mengusulkan alokasi Rp 52.000.000 untuk pengembangan modul pelatihan digital karyawan. Program ini direncanakan untuk meningkatkan efektivitas pembelajaran internal. Mohon persetujuan agar proses pengadaan dapat segera dimulai.",Laporan Keuangan,Sedang
"Email dari Wahyu Prakoso, Divisi Keuangan. anggaran semester pertama menemukan penyimpangan penggunaan dana sebesar Rp pada beberapa biaya. Temuan ini memerlukan investigasi lanjutan sebelum laporan disampaikan ke direksi. Mohon seluruh dokumen pendukung segera dilengkapi.",Laporan Keuangan,Tinggi
Setiap tenaga kerja yang menggunakan fasilitas mesin kopi di pantry diwajibkan membuang ampas kopinya ke tempat sampah organik. Cangkir bekas pakai harus cepat dicuci secara mandiri di wastafel yang tersedia. Staf kebersihan tidak bertugas untuk mencuci peralatan makan pribadi milik karyawan.,SOP,Rendah
"Laporan dari Fikri Divisi Fleet Management. Biaya operasional armada kendaraan selama ini tercatat sebesar Rp 23.700.000. Pengeluaran mencakup servis berkala, bahan bakar, dan penggantian komponen minor. Seluruh biaya masih dalam batas anggaran yang tersedia.",Laporan Keuangan,Sedang
"Halo HRD, saya Hendra Wijaya dari unit Operasional. Saya ingin mengetahui apakah perusahaan memiliki program bantuan pendidikan atau pelatihan bersertifikat bagi pegawai Saya tertarik mengikuti pelatihan yang dapat mendukung pengembangan karier saya. Mohon informasi apabila ada program yang sedang berjalan.",Email HR,Rendah
"Lisensi perangkat lunak Adobe Creative Cloud Enterprise untuk 8 orang desainer di tim media kreatif telah habis masa berlakunya per hari ini. Hal ini menyebabkan seluruh pekerjaan pembuatan materi promosi dan video peluncuran produk baru terhenti total. Kami meminta perpanjangan lisensi tahunan untuk 8 user tersebut secepatnya agar tim bisa melanjutkan produksi konten hari ini juga. Estimasi biaya langganan tahunan ini adalah Rp 96.000.000. permohonan dari Rian Hidayat, unit Pemasaran Kreatif.",Permintaan Pengadaan,Tinggi
"Yth. Tim HRD, Saya Anita Suryani, Koordinator bagian Training, ingin minta surat keterangan pengalaman kerja untuk keperluan pendaftaran beasiswa S2 di salah satu universitas negeri. Saya sudah bekerja di perusahaan ini selama 4 tahun dan membutuhkan surat yang mencantumkan posisi, durasi kerja, dan deskripsi singkat pekerjaan saya. Batas waktu pendaftaran beasiswa adalah 30 November 2024 sehingga saya sangat membutuhkan surat ini dalam minggu ini. Mohon jika ada biaya administrasi atau prosedur khusus yang berlaku agar dapat diinformasikan kepada saya. Atas perhatian dan bantuannya saya ucapkan terima kasih.",Email HR,Sedang
"Selamat sore. Tolong segera reset password untuk akun Windows saya. Saya Ratna dari divisi Legal sedang berada di pengadilan dan butuh dokumen penting di laptop, tapi tiba-tiba akun saya terkunci karena salah pin. Sidang akan dilanjutkan 15 menit lagi. Mohon segera dikirimkan password sementaranya ke nomor telepon saya.",Tiket IT,Tinggi
Halo Tim IT. Saya Tono dari Graphic Design ingin meminta tolong untuk diinstalkan software Adobe After Effects di PC saya. Atasan saya sudah menyetujui permintaan ini karena ada proyek video animasi bulan depan. persetujuan manajer sudah saya lampirkan di sistem internal kita. Kapan kira-kira teknisi bisa meremote PC,Tiket IT,Sedang
"Laporan dari Galih Setiawan, Divisi Inventory Support. Dana kas digunakan sebesar Rp 760.000 untuk pembelian label inventaris dan perlengkapan administrasi gudang. Seluruh transaksi telah didukung bukti pembayaran yang sah. Tidak ditemukan penggunaan dana di luar kebutuhan operasional.",Laporan Keuangan,Rendah
"Halo IT, ini Eko Susanto dari unit Finance. Saya baru dipromosikan sebagai Senior Finance Analyst dan dalam posisi baru ini saya memerlukan akses ke folder shared drive Finance bagian Management Reports yang sebelumnya tidak bisa saya buka. Akses ini diperlukan untuk keperluan konsolidasi rekap keuangan bulanan dari seluruh cabang perusahaan. Sudah saya konfirmasi ke atasan langsung saya yaitu Ibu Rini Handayani selaku Manager Finance dan beliau sudah menyetujui pemberian akses ini. Mohon proses permintaan akses ini dan informasikan ke saya setelah selesai diproses. Eko Susanto, Finance Senior Analyst, Ext. 2215.",Tiket IT,Sedang
"Saya, Hendra Wijaya dari bagian Umum, mengajukan perpanjangan kontrak jasa cleaning service untuk area kantor pusat. Layanan mencakup 5 petugas kebersihan selama satu tahun. Kebutuhan ini merupakan bagian dari operasional rutin perusahaan. Estimasi biaya Rp180.000.000 per tahun.",Permintaan Pengadaan,Sedang
SOP baru untuk penggunaan fasilitas 3D di lab riset mengharuskan pemesanan antrean Spesifikasi bahan filamen yang digunakan harus disetujui oleh laboratorium. Desain cetak yang tidak berkaitan dengan proyek penelitian perusahaan akan langsung ditolak.,SOP,Sedang
"Laporan dari Intan Puspita, Divisi Audit Kepatuhan. Pemeriksaan mendadak pembayaran uang muka vendor sebesar Rp 98.000.000 tanpa jaminan yang dipersyaratkan. Temuan tersebut berpotensi meningkatkan risiko kerugian Mohon unit pengadaan segera memberikan penjelasan dan dokumen pendukung.",Laporan Keuangan,Tinggi
"Halo IT. Saya Yudi dari bagian Legal mau tanya sedikit soal VPN kantor. Apakah VPN kita bisa dipakai dari luar negeri tanpa kena blokir keamanan jaringan? Rencananya bulan depan saya ada dinas ke Singapura dan ingin memastikan. Tidak ada yang mendesak, tolong balas kalau sedang senggang saja.",Tiket IT,Rendah
"Yth. Tim IT, saya Niken Larasati dari Divisi Compliance meminta informasi cara mengganti password secara berkala. Saya ingin memastikan password akun kantor tetap aman dan sesuai standar perusahaan. Tidak ada masalah login saat ini. Mohon dikirimkan langkah-langkah perubahan password dan ketentuan kompleksitas yang berlaku.",Tiket IT,Rendah
tenaga kerja yang bertugas di area gudang diwajibkan menggunakan sepatu pelindung berbahan baja. Inspeksi alat pelindung diri akan dilakukan oleh supervisor setiap awal shift kerja. staf yang melanggar aturan ini akan dilarang memasuki area gudang.,SOP,Sedang
"Selamat pagi HRD, saya Firmansyah dari Divisi Pengadaan. Saya ingin menanyakan kembali mengenai kebijakan perusahaan terkait jumlah maksimum cuti yang dapat dibawa ke tahun berikutnya. Saya belum menemukan informasi yang jelas pada dokumen yang saya miliki. Mohon penjelasan agar saya dapat merencanakan penggunaan cuti dengan lebih baik.",Email HR,Rendah
"Laporan dari Ayu Prameswari, Divisi Administrasi Regional. Biaya operasional rapat koordinasi wilayah tercatat sebesar Rp 8.900.000. Pengeluaran digunakan untuk konsumsi, perlengkapan presentasi, dan dokumentasi acara. Tidak terdapat biaya tambahan di luar rencana.",Laporan Keuangan,Sedang
"Saya, Andi Pratama dari Divisi Teknologi Informasi, mengajukan pengadaan 8 unit laptop untuk tim pengembang yang sedang menangani proyek tenggat waktu dua lagi. Spesifikasi yang dibutuhkan Intel Core i7, RAM 16 GB, SSD 512 GB. Beberapa perangkat lama mengalami kerusakan sehingga menghambat pekerjaan harian. Estimasi harga sebesar Rp15.000.000 per unit.",Permintaan Pengadaan,Tinggi
"Saya, Firmansyah dari Divisi Pengadaan, mengajukan pengadaan arsip besi. Spesifikasi tinggi 180 cm dengan sistem penguncian Estimasi harga unit Pengadaan bertujuan meningkatkan kapasitas penyimpanan dokumen",Permintaan Pengadaan,Sedang
"Selamat siang rekan-rekan HRD. Saya terpaksa mengirimkan email ini karena adanya tindakan pelecehan verbal bernada SARA yang dilakukan oleh salah satu rekan kerja di divisi saya saat rapat internal tadi pagi. Tindakan tersebut disaksikan oleh beberapa anggota tim lainnya dan membuat situasi kerja menjadi sangat tegang. Saya menuntut tindakan tegas dari HRD sesuai peraturan perusahaan demi menjaga integritas tempat kerja kita. Terima kasih. - Megawati, Divisi Kreatif.",Email HR,Tinggi
"Jika terjadi gempa bumi berkekuatan besar, seluruh staf wajib berlindung di bawah meja kerja masing-masing. Jauhi jendela kaca dan rak buku yang rentan roboh. Setelah guncangan berhenti, sesegera mungkin tinggalkan gedung dengan tertib menuju titik kumpul.",SOP,Tinggi
"Kepada Tim HRD, Saya Wahyu Prasetyo dari unit Logistik bermaksud menanyakan status perpanjangan kontrak kerja saya yang akan berakhir pada 31 Desember 2024. Saya sudah bekerja selama 2 tahun di perusahaan ini dengan status tenaga kerja kontrak dan belum menerima informasi apapun mengenai kelanjutan kontrak saya. Kepastian ini penting bagi perencanaan keuangan dan karier saya ke depannya. Apakah ada persyaratan atau evaluasi tertentu yang perlu saya penuhi untuk proses perpanjangan ini? Mohon informasinya sebelum akhir November agar saya punya waktu yang cukup untuk mempersiapkan segala sesuatunya.",Email HR,Sedang
"Email dari Nabila Syafira, unit Facility Care. Biaya pemeliharaan ringan ruang kerja dan area umum bulan ini tercatat sebesar Rp 2.650.000. Kegiatan mencakup perbaikan minor serta penggantian perlengkapan yang rusak. rekap ini disampaikan untuk dokumentasi keuangan rutin.",Laporan Keuangan,Rendah
"Instruksi penggantian tabung gas elpiji kecil penyulut kompor pantry diwajibkan dikerjakan hanya oleh perwakilan dari staf logistik kantor untuk menghindari kebocoran gas rawan api. Cukup sampaikan minta ke nomor layanan logistik, dan staf akan tiba dalam sepuluh menit menenteng tabung penggantinya. staf awam pengguna dapur dipersilakan menyeduh minuman air panas via dispenser listrik sembari menanti prosedur tersebut usai diproses.",SOP,Rendah
Saya Putu Gede dari Divisi Bisnis mengajukan pengadaan 3 unit standing banner premium berbahan stainless steel untuk kebutuhan display promosi produk baru di lobi utama pada masa mendatang. Pengadaan ini tidak bersifat mendesak karena peluncuran produk baru sendiri dijadwalkan masih beberapa bulan lagi dari sekarang. Estimasi total biaya pembuatan alat presentasi ini adalah Rp 1.800.000.,Permintaan Pengadaan,Rendah
"Kepada Tim HRD, Saya Citra Dewi Anggraini, Staf Divisi Humas, ingin mengajukan permohonan cuti sakit selama 3 hari kerja mulai Senin, 11 November 2024 berdasarkan anjuran dokter karena demam berdarah yang saya derita. Surat keterangan dokter dari RS Harapan saya lampirkan dalam email ini. Saya sudah menginformasikan kepada rekan satu tim dan atasan saya serta mendelegasikan pekerjaan yang mendesak. Mohon HRD memproses pengajuan cuti sakit ini dan memperbarui catatan absensi saya sesuai ketentuan yang berlaku. Terima kasih atas pengertiannya.",Email HR,Sedang
"Halo Tim IT, saya Dewi Kartikasari dari Divisi Accounting meminta pengecekan printer departemen yang hasil cetaknya bergaris. Printer masih bisa digunakan, tetapi beberapa dokumen invoice menjadi kurang jelas saat dicetak. Masalah ini sudah terjadi sejak kemarin setelah toner diganti. Mohon dibantu pengecekan kualitas cetak dan kalibrasi printer.",Tiket IT,Sedang
Pagi Tim Support. Printer warna di ruang staf lantai 2 sepertinya kendala karena hasil cetakannya selalu bergaris dan warna tintanya pudar. Kami sudah mencoba melakukan head cleaning dari pengaturan printer tapi tidak ada perubahan. minta bantuannya untuk dicek atau diganti tintanya jika memang sudah habis.,Tiket IT,Sedang
"Pada saat jam berakhir, petugas keamanan akan melakukan patroli keliling seluruh lantai gedung. Seluruh lampu kerja dan layar monitor komputer wajib dimatikan oleh karyawan sebelum pulang. Pintu utama lantai dikunci rapat pada pukul delapan malam.",SOP,Rendah
"Halo Tim HRD. Saya baru saja mendapat kabar darurat dari rumah sakit di Surabaya bahwa ibu kandung saya mendadak kritis dan tidak sadarkan diri di ruang ICU akibat serangan stroke. Oleh karena itu, saya harus cepat terbang ke Surabaya siang ini dan terpaksa mendelegasikan rapat penting sore nanti kepada rekan kerja saya melalui pesan instan. tolong bantuan HR untuk menerbitkan izin cuti darurat insidental ini untuk durasi minimal 4 hari ke depan. Terima kasih atas pengertiannya. - Panji Luhur, Divisi Sales & Distribution.",Email HR,Tinggi
Saya Candra Kirana dari Divisi Umum meminta pengadaan jasa perbaikan dan renovasi ventilasi gudang penyimpanan bahan baku kimia. Kondisi sirkulasi udara saat ini sangat buruk dan suhu ruangan meningkat drastis yang berpotensi merusak material sensitif dalam 48 jam ke depan. Perbaikan mencakup pemasangan 4 unit exhaust fan industri berdiameter 24 inci. Estimasi total biaya pengerjaan darurat ini adalah Rp 18.500.000.,Permintaan Pengadaan,Tinggi
Email dari Divisi Teknologi Informasi. Kami mengajukan anggaran sebesar Rp 82.000.000 untuk pengadaan keamanan jaringan tambahan. Investasi ini diperlukan guna memenuhi keamanan data perusahaan. Rincian spesifikasi dan estimasi biaya telah dilampirkan.,Laporan Keuangan,Sedang
Pengamanan mesin pengharum semprotan serangga pembasmi nyamuk ruangan yang digantung atas celah ventilasi lobi luar agar jauh terhindar dari isengnya jangkuan sabetan payung anak kecil saat menemani jemputan sore antrean nasabah datang berjalan keluar area loket pelayanan. Tidak direkomendasikan penyetelan takaran cairannya hingga melebihi porsi normal di siang hari karena bau uap semprotan aerosol kimianya bisa menutupi indera ketajaman penciuman sensor bau yang mengganggu ketenangan tamu. Saat indikator tombol lampu menyala kuning berkedip redup cepat ganti dua baterai besar di sebalik penutup atas mesin pengharum pengusir ini dengan meminjam obeng dari kepala koordinator sipil alat pemeliharaan listrik perusahaan kita.,SOP,Rendah
Peminjaman adaptor kabel listrik sambungan dapat diminta ke petugas administrasi lantai. Setiap kabel ekstensi yang dipinjam akan dicatat nomor inventarisnya beserta nama peminjam. Kabel wajib sesegera mungkin dikembalikan bila sesi pelatihan atau presentasi yang membutuhkan tambahan daya listrik telah selesai.,SOP,Rendah
"Mobil van operasional yang biasa digunakan untuk mengantar dokumen logistik antar-cabang mengalami kerusakan mesin parah dan harus turun mesin di bengkel. Guna mencegah mandeknya distribusi dokumen penting, kami memerlukan sewa 1 unit mobil operasional pengganti selama 2 minggu ke depan. Estimasi biaya sewa darurat ini adalah Rp 7.000.000 termasuk pengemudi. minta persetujuannya cepat demi kelancaran rantai pasok internal. Pengajuan dari Budi Santoso, Divisi Logistik.",Permintaan Pengadaan,Tinggi
"dari Tania Permata, Divisi Asset Management. Inventarisasi aset tetap menemukan perbedaan nilai buku sebesar Rp 154.000.000 pada kelompok peralatan Selisih ini memerlukan penyesuaian sebelum proses audit tahunan dimulai. Tim terkait diminta menyelesaikan verifikasi dalam minggu",Laporan Keuangan,Tinggi
"Selamat pagi Tim saya Lia Anggraeni, Sekretaris Direktur Utama. Bapak Direktur Utama Sulistyo tidak bisa mengakses email Outlook sejak kemarin sore hingga pagi ini. dilakukan restart berkali-kali namun tidak bisa membuka inbox dan pesan Your mailbox been temporarily moved. Hari ini beliau memiliki serangkaian rapat dewan direksi sangat membutuhkan akses email untuk koordinasi yang bersifat urgent. ini dijadikan prioritas tertinggi dan senior dikirim ke ruang Direktur lantai sebelum pukul 08.30 WIB. Saya bisa dihubungi Ext.",Tiket IT,Tinggi
Peminjaman kendaraan dinas operasional sekarang memerlukan persetujuan dari manajer fasilitas minimal dua hari sebelumnya. Karyawan harus mengisi log pemakaian kendaraan secara akurat di pos satpam. Kebersihan kendaraan setelah digunakan menjadi tanggung jawab penuh peminjam.,SOP,Sedang
Insiden kekerasan fisik antar staf di area kantor wajib ditengahi langsung oleh pihak sekuriti. Pelaku kekerasan akan langsung diserahkan kepada pihak berwajib jika menyebabkan cedera serius. staf yang terlibat langsung dikenakan sanksi PHK tanpa surat peringatan lanjutan.,SOP,Tinggi
"Selamat pagi rekan HR, saya ingin menanyakan prosedur permintaan program benefit bersubsidi untuk kepemilikan perangkat notebook pribadi (laptop ownership program) yang sempat disosialisasikan awal tahun lalu. Apakah program ini masih dibuka untuk angkatan staf tahun 2024, dan berapa persen nominal subsidi maksimal yang ditanggung oleh manajemen? Mohon dikirimkan salinan dokumen petunjuk teknisnya jika ada yang bisa saya pelajari terlebih dahulu. - Maya Indah, Divisi UI/UX Designer.",Email HR,Rendah
"Saya, Maya Lestari dari unit Keuangan, mengajukan pengadaan lisensi software akuntansi untuk 20 pengguna. Spesifikasi berupa lisensi resmi tahunan dengan fitur report keuangan lengkap. Estimasi biaya Rp30.000.000 per tahun. Lisensi saat ini akan segera berakhir dan diperlukan untuk menjaga kelancaran operasional keuangan.",Permintaan Pengadaan,Tinggi
"Divisi Keuangan membutuhkan 2 unit mesin penghitung uang kertas merk Glory untuk menggantikan unit lama yang akurasinya mulai menurun dan sering macet. Alat ini sangat diperlukan untuk memproses setoran tunai harian dari cabang agar pencatatan kas tetap akurat dan efisien. Estimasi total harga untuk kedua mesin penghitung uang ini adalah Rp 14.000.000. Diharapkan unit baru dapat datang dalam waktu dua minggu ke depan. Pengajuan oleh Linda Wahyuni, Divisi Keuangan.",Permintaan Pengadaan,Sedang
"Halo Tim IT, saya Fitri Handayani dari unit Rekrutmen tidak bisa membuka akun email perusahaan sama sekali. Sistem menolak password dan opsi pemulihan tidak mengirimkan kode ke nomor saya. Pagi ini saya harus mengirim undangan wawancara kandidat untuk posisi yang mendesak. minta bantuan reset password segera agar komunikasi rekrutmen tidak tertunda.",Tiket IT,Tinggi
"departemen IT bermaksud melakukan penambahan stok kabel LAN Cat6 Belden sebanyak 2 roll untuk keperluan maintenance jaringan internal jangka panjang di masa depan. Saat ini stok kabel di gudang masih mencukupi, namun pembelian ini dimaksudkan agar harga terkunci sebelum ada kenaikan inflasi akhir tahun. Estimasi biaya pengadaan kabel ini adalah Rp4.400.000. Permintaan diajukan oleh Joko Susilo dari departemen Jaringan IT.",Permintaan Pengadaan,Rendah
"Halo Tim IT, saya Endang Kusumawati, HR Generalist di unit Human Resources. Saya ingin menanyakan bagaimana cara mengatur fitur auto-reply atau pesan Out of Office di email Outlook. Saya akan mengambil cuti tahunan selama seminggu mulai tanggal 20 Juni dan ingin mengaktifkan pesan otomatis agar pengirim tahu saya sedang tidak aktif beserta informasi kontak pengganti selama saya cuti. Sudah saya coba mencari pengaturannya sendiri namun bingung karena tampilan Outlook berubah setelah pembaruan terakhir. Jika ada panduan singkat dalam bentuk PDF yang bisa dikirimkan ke email saya, itu sudah sangat membantu. Terima kasih, Endang Kusumawati, Ext. 1120.",Tiket IT,Rendah
"Selamat pagi HRD, saya Rina Wulandari dari unit Keuangan. Saya menerima informasi dari atasan bahwa kontrak kerja saya kemungkinan tidak diperpanjang, namun hingga saat ini belum ada pemberitahuan resmi dari perusahaan. Saya membutuhkan kejelasan terkait status pekerjaan saya untuk persiapan administrasi pribadi. harap informasi lebih lanjut mengenai proses dan jadwal keputusan tersebut.",Email HR,Tinggi
"Selamat siang, saya Bayu Prakoso dari departemen Inventory membutuhkan instalasi driver scanner barcode di komputer stok opname. Scanner sudah terdeteksi sebagai perangkat USB, tetapi aplikasi stok tidak membaca hasil scan. Proses stok opname akan dilakukan beberapa hari lagi. dimohon bantuan konfigurasi agar perangkat siap digunakan sebelum kegiatan dimulai.",Tiket IT,Sedang
"Kami mengusulkan pengadaan 1 unit mobil operasional Toyota Avanza Veloz untuk mendukung mobilitas tim lapangan di area Jabodetabek. Mobil dinas yang ada saat ini sering masuk bengkel karena faktor usia kendaraan, sehingga menghambat jadwal kunjungan ke klien potensial. Estimasi harga on-the-road untuk unit baru ini adalah Rp 290.000.000. Pembelian ini direncanakan masuk dalam alokasi belanja modal kuartal ini. permintaan oleh Surya Kencana, Divisi Umum.",Permintaan Pengadaan,Sedang
"Halo IT Support. Saya dari Audit Internal membutuhkan akses VPN untuk bekerja rumah sesekali. Sesuai baru, staf supervisor sudah berhak mendapatkan akses remote ini. Formulir persetujuan yang sudah ditandatangani Kepala terlampir. Mohon diproses dan kirimkan instalasinya email saya.",Tiket IT,Sedang
"Yth. Ibu HRD, Saya Lidya Kusumawati, Staf departemen R&D, ingin mengajukan minta cuti melahirkan mulai tanggal 10 Desember 2024 sesuai perkiraan kelahiran dari dokter kandungan saya. Berdasarkan peraturan perusahaan dan UU Ketenagakerjaan, saya berhak atas cuti melahirkan selama 3 bulan. Terlampir saya kirimkan surat keterangan dokter dan hasil USG terbaru sebagai pendukung pengajuan ini. Saya juga sudah menyiapkan serah terima pekerjaan kepada rekan yang akan menggantikan sementara. Mohon HRD memproses pengajuan ini dan menginformasikan dokumen lain yang dibutuhkan jika ada.",Email HR,Sedang
"Guna mendukung penyelenggaraan rapat koordinasi triwulanan internal yang akan diadakan minggu depan, kami mengajukan pengadaan catering makan siang untuk 25 orang peserta. Paket makanan yang dipesan berupa nasi kotak tradisional dengan menu lengkap dan sehat. Estimasi biaya keseluruhan untuk konsumsi rapat ini adalah Rp 1.250.000. Konsumsi yang baik diharapkan mendukung kelancaran jalannya diskusi rapat. usulan dari Larasati Putri, unit Sekretariat Perusahaan.",Permintaan Pengadaan,Sedang
"Halo Helpdesk IT, saya Rika Amalia dari Divisi Export Import melaporkan bahwa koneksi jaringan di area tim kami terputus total. Semua komputer tidak bisa mengakses internet maupun server dokumen internal. Kami sedang menyiapkan dokumen bea cukai yang harus dikirim hari ini. Mohon penanganan segera karena pengiriman barang bisa tertunda.",Tiket IT,Tinggi
Penggantian kartu asuransi kesehatan tenaga kerja yang hilang dapat diajukan kembali ke staf HRD terkait. Pemotongan gaji sebesar lima puluh ribu rupiah akan dikenakan sebagai biaya administrasi pencetakan kartu baru. Kartu baru akan tersedia dalam waktu tujuh hari kerja setelah usulan,SOP,Sedang
"Halo Tim IT, saya Prita Ayuningtyas dari unit Finance ingin menanyakan cara mengarsipkan email lama tanpa menghapusnya. Kotak masuk saya mulai penuh dan muncul peringatan kapasitas hampir mencapai batas. Saat ini email masih bisa digunakan normal. tolong dikirimkan panduan singkat untuk membuat arsip yang aman.",Tiket IT,Rendah
pegawai yang bertugas sebagai pembicara mewakili perusahaan di acara seminar publik wajib mengoordinasikan materinya dengan unit komunikasi. Salindia presentasi harus bebas dari data internal perusahaan yang bersifat konfidensial. Honor yang didapat dari pihak penyelenggara wajib dilaporkan sesuai kebijakan benturan kepentingan.,SOP,Sedang
"Halo Tim IT, saya Hadi Permana dari Divisi Facility membutuhkan konfigurasi akses Wi-Fi untuk tablet operasional gedung. Tablet tersebut akan digunakan untuk mencatat checklist kebersihan dan inspeksi fasilitas. ini perangkat belum dapat masuk ke jaringan kantor karena memerlukan registrasi MAC Mohon dibantu pendaftaran perangkat dan uji koneksi.",Tiket IT,Sedang
"Halo Tim IT, saya Taufik Hidayat dari Divisi Produksi ingin menanyakan apakah update Windows sebaiknya dilakukan langsung saat notifikasi muncul. Beberapa komputer operator menampilkan pemberitahuan update di pojok layar. Kami tidak ingin mengganggu pekerjaan shift, jadi perlu arahan waktu yang aman untuk melakukan update. Mohon saran dari Tim IT.",Tiket IT,Rendah
Insiden kerusuhan massa di sekitar gedung kantor mengharuskan penutupan seluruh pintu gerbang lapis baja. Karyawan dilarang keluar gedung dan wajib menjauhi dinding kaca bagian luar. Sekuriti bertugas memonitor situasi via CCTV dan berkoordinasi dengan aparat militer jika perlu.,SOP,Tinggi
"Email dari Rendy Kresna, Divisi Pengendalian Keuangan. Tim menemukan perbedaan saldo Rp antara catatan dan laporan bank. Selisih tersebut memengaruhi penyajian posisi kas perusahaan. Mohon dilakukan investigasi dan konfirmasi kepada pihak bank sesegera mungkin.",Laporan Keuangan,Tinggi
"HRD PT Karya Mandiri, Saya Fajar Nugroho dari Divisi Engineering ingin mengajukan permohonan klaim BPJS Kesehatan rawat inap saya tanggung dahulu karena fasilitas rumah sakit pilihan pertama BPJS penuh. Total biaya saya keluarkan adalah Rp 4.200.000 dan sudah saya urus surat keterangan darurat dari rumah sakit. Dokumen-dokumen pendukung seperti kwitansi, surat dan resume medis sudah lampirkan dalam email ini. HRD dapat membantu proses klaim penggantian biaya ini melalui jalur yang sesuai kebijakan perusahaan. Saya konfirmasi dari HRD mengenai langkah selanjutnya.",Email HR,Sedang
"Email dari Arief Nugraha, Divisi Risk Finance. Nilai cadangan kerugian piutang perlu ditingkatkan sebesar Rp 128.000.000 berdasarkan hasil evaluasi pelanggan berisiko tinggi. Penyesuaian ini akan berdampak langsung terhadap laba periode berjalan. Mohon persetujuan sebelum dilakukan pencatatan akuntansi.",Laporan Keuangan,Tinggi
"Penilaian kinerja tahunan akan mengadopsi format umpan balik tiga ratus enam puluh derajat mulai tahun ini. Karyawan akan dinilai oleh atasan, rekan sejawat, dan bawahan secara anonim. HRD akan mensosialisasikan formulir penilaian baru ini pada pertengahan bulan depan.",SOP,Sedang
"Laporan dari Bimo Pradana, Divisi Regional. Dana kas kecil digunakan sebesar Rp 870.000 untuk pembelian label penyimpanan dan perlengkapan pengemasan sederhana. Seluruh transaksi telah dicatat dalam buku kas harian. Tidak penyimpangan dalam penggunaan dana.",Laporan Keuangan,Rendah
"Yth. Tim IT, saya Hendra Wijaya dari bagian Finance melaporkan printer utama lantai 5 tidak bisa digunakan untuk mencetak invoice pelanggan. Antrian cetak menumpuk dan status printer muncul offline di semua komputer tim kami. Invoice harus dikirim ke pelanggan sebelum akhir hari ini agar proses penagihan tidak tertunda. minta segera diperbaiki atau disiapkan alternatif printer sementara.",Tiket IT,Tinggi
"Saya, Nurul Hidayah dari unit Infrastruktur, mengajukan pengadaan 6 unit access point Wi-Fi enterprise. Perangkat jaringan saat ini sering mengalami gangguan dan menyebabkan koneksi tidak stabil. Kondisi tersebut berdampak langsung pada produktivitas tenaga kerja Estimasi harga Rp6.500.000 per unit.",Permintaan Pengadaan,Tinggi
Karyawan baru di departemen penjualan kini diwajibkan pelatihan lapangan (shadowing) selama dua minggu. Mereka akan mendampingi tenaga penjual senior saat menemui klien kunci perusahaan. Laporan observasi harian harus diserahkan kepada manajer pelatihan setiap sore.,SOP,Sedang
"Email dari Bagus Saptono, Divisi Proyek. Kami mengajukan tambahan anggaran operasional sebesar Rp 110.000.000 untuk mendukung penyelesaian fase proyek. Kebutuhan ini mencakup pembelian perangkat dan jasa konsultan. Mohon pertimbangan sesuai prioritas",Laporan Keuangan,Sedang
"Kepada HRD yang Terhormat, Saya Irwan Saputra dari Divisi Teknik bermaksud memperbarui data tanggungan keluarga saya di sistem HR karena istri saya baru saja melahirkan anak kedua kami pada 3 November 2024. Data bayi perlu segera didaftarkan agar dapat masuk dalam tanggungan BPJS Kesehatan keluarga. Terlampir saya kirimkan akta kelahiran dan kartu keluarga terbaru yang sudah mencantumkan nama anak kedua kami. Mohon diproses agar kartu BPJS anggota baru dapat segera diterbitkan. Terima kasih atas bantuannya.",Email HR,Rendah
"Selamat pagi Tim HRD. Saya ingin melaporkan bahwa gaji saya bulan ini belum masuk ke rekening, padahal rekan-rekan satu unit sudah menerimanya sejak kemarin sore. Saya sudah mengecek ke pihak bank dan tidak ada kendala dari rekening saya. tolong bantuannya untuk segera melakukan pengecekan karena saya ada tagihan mendesak yang harus dibayar hari ini. Terima kasih. - Budi Santoso, Divisi Operasional.",Email HR,Tinggi
"Saya, Yuni Kartika dari bagian Keamanan Informasi, mengajukan pengadaan 2 unit server rack untuk peningkatan kapasitas sistem. Spesifikasi minimal prosesor 16 core, RAM 64 GB, dan storage 4 TB SSD. Estimasi harga per unit Rp85.000.000. Pengadaan mendesak karena kapasitas server saat ini hampir mencapai batas maksimum.",Permintaan Pengadaan,Tinggi
"rangka kapasitas data backup perusahaan, divisi membutuhkan penambahan perangkat penyimpanan jaringan. Kami mengajukan pengadaan 1 unit NAS Synology 4-Bay beserta 4 harddisk khusus server IronWolf 4TB. Estimasi total anggaran untuk backup ini adalah Rp 19.500.000. Pengadaan ini merupakan bagian dari pemeliharaan rutin sistem keamanan data tahunan. Pengajuan oleh Irfan Hakim, Informasi.",Permintaan Pengadaan,Sedang
"Kepada Yth. Tim HRD, saya menulis email ini untuk mengajukan permohonan mutasi antar divisi, dari divisi Customer Service ke Digital Marketing. Saya merasa keahlian baru yang saya pelajari dalam setahun terakhir lebih cocok dan dapat memberikan kontribusi lebih besar di divisi marketing. Atasan saya saat ini sudah memberikan lampu hijau terkait rencana kepindahan ini. Mohon informasi jadwal wawancara atau tes yang harus saya lalui. Kartika, Divisi Pelayanan Pelanggan.",Email HR,Sedang
"Email dari Denny Saputra, Divisi Treasury Operations. Perusahaan memiliki kewajiban pembayaran obligasi jangka pendek sebesar Rp 485.000.000 dalam lima hari kerja ke depan. Posisi kas saat ini tidak cukup untuk menutupi seluruh kewajiban tersebut. Diperlukan keputusan segera terkait sumber pendanaan alternatif.",Laporan Keuangan,Tinggi
"Halo Tim IT, saya Kevin Hartanto dari Divisi IT Asset ingin meminta konfigurasi printer untuk laptop baru saya. Laptop sudah terhubung ke jaringan kantor, tetapi printer lantai 3 belum muncul di daftar perangkat. Saya perlu mencetak beberapa dokumen inventaris dalam beberapa hari ke depan. Mohon dibantu setup driver dan koneksi printer tersebut.",Tiket IT,Sedang
Setiap dokumen tanda terima atau resi pengiriman barang jasa logistik akan dipindai secara digital oleh petugas di lobi. Resi akan langsung dibuang setelah proses pemindaian dianggap jelas dan bisa terbaca sistem. Pihak penerima di meja divisi bisa melihat tersebut pada folder bersama daring,SOP,Rendah
"rekapitulasi dari Ayu Prameswari, departemen Administrasi Regional. Biaya operasional rapat koordinasi wilayah tercatat sebesar Rp 8.900.000. Pengeluaran digunakan untuk konsumsi, perlengkapan presentasi, dan dokumentasi acara. Tidak terdapat biaya tambahan di luar rencana.",Laporan Keuangan,Sedang
Perubahan kata sandi untuk seluruh akun komputer staf wajib dilakukan setiap enam puluh hari sekali. Sistem akan memaksa penggantian kata sandi secara otomatis jika tenggat waktu terlewati. Kata sandi baru tidak boleh sama dengan tiga kata sandi sebelumnya.,SOP,Sedang
"Kami mengajukan permintaan untuk penambahan 1 unit smart TV berukuran 55 inci merk Samsung di ruang santai karyawan (lounge). Layar ini rencananya digunakan untuk sarana hiburan saat jam istirahat serta media display informasi pengumuman internal perusahaan. Estimasi anggaran yang dibutuhkan untuk pembelian unit elektronik ini adalah Rp 6.500.000. Fasilitas tambahan ini ditujukan untuk meningkatkan indeks kebahagiaan kerja karyawan di kantor. Pengajuan dari Citra Kirana, Divisi Sumber Daya Manusia.",Permintaan Pengadaan,Rendah
"Kami mengusulkan pengadaan 2 unit lemari arsip besi dengan pintu geser kaca (filling cabinet) untuk merapikan penyimpanan berkas fisik dokumen karyawan di ruang HRD. Dokumen penting berupa pakta integritas, surat keputusan, dan rekam medis karyawan saat ini sudah menumpuk di luar laci karena keterbatasan ruang. Estimasi harga untuk kedua unit lemari besi anti-rayap ini adalah Rp 5.200.000. Penyimpanan yang rapi akan mempercepat proses pencarian data saat audit berkala. Pengajuan dari Maya Indah, Divisi Sumber Daya Menusia.",Permintaan Pengadaan,Sedang
"Email dari Prasetyo Dharmawan, Divisi Manajemen Kas. Berdasarkan laporan mingguan, perusahaan menghadapi kewajiban pembayaran royalti sebesar Rp 358.000.000 yang akan jatuh tempo dalam empat hari kerja. Saldo kas yang tersedia saat ini tidak mencukupi untuk menutup seluruh kewajiban tersebut. Mohon persetujuan pencairan deposito jangka pendek agar pembayaran dapat dilakukan tepat waktu.",Laporan Keuangan,Tinggi
"Email dari Vino Mahardika, Divisi Analisis Keuangan. Kinerja salah satu lini usaha menunjukkan penurunan margin kotor sebesar Rp 219.000.000 dibanding target kuartalan. Kondisi ini dipengaruhi oleh kenaikan biaya distribusi dan penurunan harga jual produk. Diperlukan langkah perbaikan agar target tahunan tetap tercapai.",Laporan Keuangan,Tinggi
"Kepada Helpdesk IT, saya Hendra Wijaya dari departemen Procurement ingin melaporkan problem yang sangat mendesak. Laptop saya dengan asset tag LPT-2023-089 tidak bisa booting sama sekali sejak tadi pagi, layar hanya hitam dan muncul bunyi beep berulang-ulang. Hari ini adalah deadline pengumpulan dokumen tender pengadaan barang senilai 2 miliar dan semua dokumennya tersimpan di laptop tersebut. Saya sangat membutuhkan laptop pengganti sementara atau solusi segera untuk mengakses file-file tersebut sebelum pukul 15.00 WIB. Tolong bantu saya secepatnya, saya ada di ruang Procurement lantai 2, Ext. 2105.",Tiket IT,Tinggi
"Ketika terjadi lonjakan tekanan gas yang ekstrem pada pipa instalasi, alarm otomatis akan berbunyi seluruh area pabrik. Katup utama gas harus ditutup secara manual oleh operator berlisensi. Semua wajib mengungsi ke aman radius lima ratus meter.",SOP,Tinggi
Farah Nabila dari mengajukan 1 unit smart TV 75 inci untuk ruang pelatihan. Perangkat mendukung nirkabel dan presentasi harga Rp18.000.000. Pengadaan digunakan untuk kegiatan pelatihan dan sosialisasi internal.,Permintaan Pengadaan,Sedang
"Halo Tim HR, sehubungan dengan masa kontrak kerja saya yang kedua akan habis dalam waktu dua minggu ke depan, saya ingin menanyakan kelanjutan status kepegawaian saya. Sampai hari ini saya belum menerima undangan evaluasi akhir atau informasi tertulis apakah kontrak saya akan diperpanjang atau diangkat menjadi karyawan tetap. Mohon konfirmasi waktunya agar saya bisa mempersiapkan laporan pencapaian kinerja saya selama setahun terakhir. Terima kasih. - Dewi Sartika, Divisi Admin Gudang.",Email HR,Sedang
ruang rapat untuk diskusi dapat dilakukan secara langsung kalender digital grup. Pastikan mengakhiri rapat tepat waktu agar tidak mengganggu jadwal pemesan berikutnya. lampu dan proyektor ruangan sebelum tempat.,SOP,Rendah
"Email dari Ferdiansyah Putra, Divisi Umum. Penggunaan dana petty cash minggu ini sebesar Rp 1.420.000 untuk kebutuhan transportasi internal dan pembelian perlengkapan kecil. Seluruh transaksi telah didukung bukti pembayaran yang valid. Saldo kas kecil masih mencukupi hingga akhir minggu.",Laporan Keuangan,Rendah
"Divisi Layanan Pelanggan memerlukan tambahan 4 unit komputer desktop (PC) untuk menggantikan perangkat lama agen yang sering mengalami blue screen dan hang di tengah panggilan pelanggan. Spesifikasi PC yang diusulkan adalah ASUS ExpertCenter dengan Intel Core i5, RAM 16GB, dan Monitor LED 21.5 inci. Estimasi anggaran untuk pembelian 4 unit desktop ini adalah Rp 38.000.000. Penggantian komputer ini ditargetkan selesai dalam dua minggu demi menjaga kualitas layanan Call Center. Pengajuan dari Joko Susilo, Divisi Layanan Pelanggan.",Permintaan Pengadaan,Sedang
"Email dari Kevin Pranata, Divisi Teknologi Informasi. Kami mengajukan anggaran sebesar Rp 82.000.000 untuk pengadaan perangkat keamanan jaringan tambahan. Investasi ini diperlukan guna memenuhi standar keamanan data perusahaan. Rincian spesifikasi dan estimasi biaya telah dilampirkan.",Laporan Keuangan,Sedang
"Divisi Keuangan membutuhkan 1 unit mesin penghancur kertas (paper shredder) heavy-duty dengan kemampuan memotong model cross-cut untuk menggantikan alat lama yang motor penggeraknya terbakar. Mesin ini sangat krusial digunakan untuk memusnahkan dokumen slip gaji lama, berkas pajak, dan data perbankan yang sifatnya rahasia agar tidak bocor ke publik. Estimasi harga untuk unit baru bermerk Secure Maxi ini adalah Rp 5.500.000. Pengadaan ini bagian dari kepatuhan keamanan data keuangan. Pengajuan dari Tri Wahyuni, Divisi Keuangan.",Permintaan Pengadaan,Sedang
Pengelolaan jadwal pemakaian kursi pijat relaksasi di sudut istirahat ruang hobi hiburan staf operasional malam hanya aktif dinyalakan panel utama kontrol setrum listriknya sewaktu jeda shift tiga dari jam sebelas malam sampai bergantian waktu salat subuhnya memecah hening waktu jam padat shift ke shiftnya saja. Petugas kebersihan bertugas rutin setiap sore mengelap pembersih bahan disinfektan usap anti bakteri ke material pelapis berbahan kulit imitasi tempat santai guna menghindari transfer penularan penyakit jamur kulit antar tenaga kerja gonta ganti yang sering tertidur lelap sandaran peluh keringatnya tak beraturan menempel kotor di bantalan bahu busanya kursi tersebut di sisa sisa rehat shift melelahkan mereka di lantai kerjanya. tenaga kerja siapapun tak diperbolehkan menggunakan fasilitas sarana terapi santai kursi elektronik putar putar getar alat bermesin dinamo roda pijat ini jika dirinya mengenakan setelan celana jins berkancing kawat tebal kancing ritsleting belakang besi bertekan tajam supaya bahan permukaan alat awet bebas robek sobek gesekan pakainya terus menerus setiap minggunya pemakaian rutin bergantian terus bergilir antre tanpa absen.,SOP,Rendah
"Apabila sistem navigasi udara darurat bandara mengalami malfungsi, menara pengawas harus langsung mengaktifkan sistem analog cadangan. Semua penerbangan komersial yang akan mendarat harus dialihkan ke bandara terdekat. Tim teknisi wajib memulihkan sistem navigasi maksimal dalam tiga puluh menit.",SOP,Tinggi
"Selamat siang Ibu Citra, perihal email keputusan PHK massal yang saya terima tadi pagi, saya mengajukan keberatan keras atas nominal perhitungan pesangon yang tertera. Masa kerja saya yang sudah mencapai 8 tahun tidak diperhitungkan secara utuh, dan hak penggantian cuti tahunan yang belum gugur juga tidak dicantumkan dalam lembar rincian. Saya menolak menandatangani surat persetujuan tersebut sebelum dilakukan mediasi ulang bersama HRD. Saya tunggu konfirmasi jadwal pertemuan resmi kita besok. - Guntur Saputra, departemen IT Infrastructure.",Email HR,Tinggi
"AC sentral di ruang server utama mati total sejak dua jam lalu dan suhu ruangan mulai melonjak drastis, berisiko merusak seluruh perangkat komputasi di dalamnya. Kami membutuhkan jasa perbaikan AC darurat serta pengisian freon dari vendor eksternal hari ini juga. Estimasi biaya pengerjaan cepat ini adalah Rp 4.500.000. Keterlambatan penanganan akan mengakibatkan overhead sistem yang merugikan seluruh operasional digital kantor. Pengajuan dari Hendra Wijaya, Divisi Umum dan Fasilitas.",Permintaan Pengadaan,Tinggi
"Email dari Tania Lestari, Divisi Facility Operations. Biaya perawatan rutin ruang rapat dan area publik kantor bulan ini tercatat sebesar Rp 2.300.000. Kegiatan dilakukan sesuai jadwal pemeliharaan berkala. Laporan ini disampaikan sebagai bagian dari dokumentasi keuangan rutin.",Laporan Keuangan,Rendah
"Kepada Tim HRD, Saya Fitriani Kusuma dari Divisi Operasional bermaksud menyampaikan resmi atas keputusan hubungan kerja yang diberitahukan kepada saya secara mendadak pada 8 November 2024. Saya menerima surat PHK tersebut tanpa ada peringatan tertulis atau prosedur pembinaan sebagaimana diatur dalam PKB perusahaan. Selain itu, pesangon yang tertera dalam surat PHK tidak sesuai dengan ketentuan UU Cipta Kerja yang berlaku. meminta penjelasan tertulis mengenai alasan PHK yang secara hukum ulang saya sesuai perundang-undangan. Apabila tidak ada respons dalam 3 kerja, akan melibatkan kuasa dan melaporkan ke Dinas Ketenagakerjaan setempat.",Email HR,Tinggi
Aktivitas menjahit seragam robek untuk pertolongan darurat pada celana kerja difasilitasi dengan disediakannya perlengkapan alat jahit benang dasar di loker serba guna resepsionis lantai dasar. pegawai pengguna diwajibkan menancapkan kembali jarum berhati-hati pada bantalan bola kapas kecilnya usai digunakan supaya tangan staf selanjutnya tidak tertusuk mendadak. Peralatan set mini jahit ini dilarang dibawa beranjak dari bangku panjang lobi gedung untuk mencegah inventaris tersebut hilang secara tidak sengaja.,SOP,Rendah
"Selamat pagi HR, saya ingin menanyakan prosedur pengajuan program benefit bersubsidi untuk kepemilikan perangkat laptop pribadi (laptop ownership program) yang sempat disosialisasikan awal tahun lalu. Apakah program ini masih dibuka untuk angkatan staf 2024, dan berapa persen nominal subsidi maksimal yang ditanggung oleh manajemen? Mohon dikirimkan salinan dokumen petunjuk teknisnya jika ada yang bisa pelajari dahulu. - Maya Indah, Divisi UI/UX Designer.",Email HR,Rendah
Saya Danendra dari Divisi Logistik pengadaan jasa keamanan tambahan 4 personel dari Satpam eksternal selama pelaksanaan fisik aset minggu Kerawanan sosial di sekitar area gudang logistik baru sedang meningkat menyusul insiden pencurian material lusa. Personel tambahan ini akan ditugaskan untuk menjaga perimeter luar selama 24 penuh. Estimasi biaya jasa ini adalah Rp 12.000.000.,Permintaan Pengadaan,Tinggi
"Laporan dari Galih Setiawan, Divisi Inventory Support. Dana kas kecil digunakan sebesar Rp 760.000 untuk pembelian label inventaris dan perlengkapan administrasi gudang. Seluruh transaksi telah didukung bukti pembayaran yang sah. Tidak ditemukan penggunaan dana di luar kebutuhan operasional.",Laporan Keuangan,Rendah
"Saya, Dian Permata dari Divisi SDM, mengajukan pengadaan 15 unit kursi kerja ergonomis. Spesifikasi mencakup sandaran punggung dan pengaturan ketinggian. Estimasi harga per unit Rp2.200.000. Pengadaan dilakukan sebagai penggantian kursi lama yang sudah tidak nyaman digunakan.",Permintaan Pengadaan,Sedang
Divisi HRD merencanakan penambahan fasilitas area tunggu tamu berupa sofa baru demi meningkatkan kenyamanan estetik di lobi utama kantor. Kami mengajukan pengadaan 1 set Sofa Minimalis Informa 2-seater berwarna abu-abu netral untuk kebutuhan jangka panjang. Estimasi anggaran yang dialokasikan untuk furniture ini adalah Rp5.500.000. Pengajuan dikirim oleh Ari Wibowo dari Divisi Human Resources.,Permintaan Pengadaan,Rendah
"Pagi Mas/Mba IT, saya tidak bisa login ke akun Windows saya sejak komputer direstart tadi pagi. Muncul pesan error mengenai user profile di layar monitor. Saya ada presentasi penting dengan klien jam 10 nanti dan butuh file di dalamnya. Tolong bantuannya sesegera mungkin ya.",Tiket IT,Tinggi
"rekapitulasi dari Kevin Ramadhan, unit Regional Operations. Pengeluaran operasional kantor wilayah bulan ini tercatat sebesar Rp 13.900.000. Biaya digunakan untuk kebutuhan administrasi, komunikasi, dan utilitas. Seluruh transaksi telah sesuai dengan prosedur pengeluaran yang berlaku.",Laporan Keuangan,Sedang
"Kami mengajukan pengadaan rutin bulanan untuk alat tulis kantor guna mendukung aktivitas administrasi di seluruh lantai. Barang yang dibutuhkan meliputi 20 dus A4 80gr, 5 pak pulpen hitam, dan 10 buah map file. total biaya untuk pemenuhan kebutuhan stok bulan ini adalah Rp 1.800.000. Pembelian ini dilakukan agar tidak terjadi kekosongan persediaan alat tulis saat staf membutuhkannya. Pengajuan dari Dian Sastro, Divisi Administrasi Umum.",Permintaan Pengadaan,Sedang
"Halo Tim IT, saya Suparman Basuki dari Divisi Keamanan dan Fasilitas. Saya ingin menanyakan apakah perangkat CCTV di area gedung termasuk dalam tanggung jawab pemeliharaan Tim IT atau ditangani oleh vendor keamanan gedung secara terpisah. Beberapa kamera CCTV di area parkir basement terlihat sudut pandangnya sudah bergeser dan gambarnya agak buram, dan saya ingin tahu kepada siapa seharusnya saya melaporkan hal ini agar segera ditangani. Jika memang bukan ranah IT mohon berikan informasi kontak pihak yang tepat untuk saya hubungi. Suparman Basuki, Facility Security Coordinator, Ext. 9930.",Tiket IT,Rendah
Tata cara pengajuan ide inovasi produk kini dapat disalurkan melalui portal inovasi internal. Ide yang masuk akan diseleksi oleh komite inovasi setiap akhir kuartal. Karyawan yang idenya direalisasikan akan menerima bonus insentif dari perusahaan.,SOP,Sedang
Laporan mengenai produk cacat yang menyebabkan luka fisik pada konsumen harus masuk ke meja direktur utama. Distribusi batch produk yang sama di seluruh wilayah dihentikan seketika. Perusahaan akan menanggung seluruh biaya perawatan medis konsumen tersebut.,SOP,Tinggi
"Laporan dari Farhan Syahputra, Divisi Market Expansion. Kami mengajukan tambahan anggaran sebesar Rp 83.000.000 untuk kegiatan penjajakan pasar di wilayah baru. Dana tersebut akan digunakan untuk riset lapangan, perjalanan dinas, dan analisis kompetitor. Mohon evaluasi sesuai kebijakan investasi perusahaan.",Laporan Keuangan,Sedang
Saya Wicaksono dari Divisi Desain mengajukan pengadaan 1 unit printer format besar (plotter) A1 merek DesignJet untuk cetak cetak biru proyek bulanan. Saat ini kami harus selalu mengandalkan jasa percetakan luar yang memakan waktu lama dan biaya operasional yang membengkak. Spesifikasi minimal memiliki konektivitas dan resolusi cetak 2400 dpi. Estimasi perangkat ini adalah Rp 32.000.000.,Permintaan Pengadaan,Sedang
"Email dari Reni Kusumawati, Divisi Finance Operation. Total piutang yang telah melewati jatuh tempo mencapai Rp 412.000.000. Keterlambatan pembayaran pelanggan mulai memengaruhi perencanaan arus kas bulanan. Mohon dukungan dari tim penagihan untuk mempercepat proses koleksi.",Laporan Keuangan,Tinggi
"Divisi Umum mengusulkan pembelian 3 unit dispenser air minum model galon bawah (bottom loading) merk Panasonic untuk diletakkan di ruang tunggu driver dan ruang istirahat staf logistik. Dispenser tipe atas yang digunakan saat ini sering membuat staf cedera pinggang saat mengangkat galon air baru seberat 19 kg. Estimasi anggaran biaya untuk ketiga unit dispenser ergonomis ini adalah Rp 8.100.000. Pengadaan ini tidak mendesak namun baik untuk kesehatan staf. Pengajuan dari Yayan Ruhian, Divisi Fasilitas.",Permintaan Pengadaan,Rendah
"Laporan dari Dewi Anggraini, Divisi Pemasaran. Total pengeluaran kampanye digital bulan ini mencapai Rp 48.000.000. Sebagian besar biaya digunakan untuk iklan media sosial dan produksi materi promosi. Seluruh transaksi telah sesuai dengan anggaran yang disetujui.",Laporan Keuangan,Sedang
"Halo Tim IT, saya Putri Meilani dari Divisi Akuntansi. Laptop saya dengan asset tag LPT-2022-078 tiba-tiba tidak bisa masuk ke Windows dan hanya menampilkan layar hitam dengan kursor berkedip setelah proses booting. Sudah saya coba cabut dan pasang kembali baterai serta charger namun kondisinya tetap sama dan tidak ada perubahan sama sekali. Hari ini adalah batas akhir rekonsiliasi laporan bulanan yang harus dikirim ke kantor pusat dan semua file rekonsiliasi tersimpan di laptop tersebut tanpa backup di tempat lain. Mohon segera kirimkan teknisi ke meja saya di lantai 3 ruang Akuntansi nomor meja AC-14 sebelum pukul 09.30 WIB dan jika memungkinkan tolong bawa laptop pinjaman sementara. Putri Meilani, Finance Accounting Staff, Ext. 3301, HP 0878-4455-6677.",Tiket IT,Tinggi
"Kebijakan pengajuan izin datang terlambat di satu jam untuk keperluan antar anak sekolah cukup dikomunikasikan secara lisan ke supervisor. Tidak perlu mengisi form absensi izin sakit atau cuti. Walau begitu, total jam kerja delapan jam harus terpenuhi pulang lebih lambat.",SOP,Rendah
"Email dari Citra Ayuningtyas, bagian Sustainability Program. Kami mengajukan alokasi sebesar Rp 44.000.000 untuk kegiatan pengelolaan limbah dan pelatihan lingkungan kerja. Program ini merupakan bagian dari target keberlanjutan perusahaan tahun ini. Mohon persetujuan agar implementasi dapat dimulai sesuai jadwal.",Laporan Keuangan,Sedang
"Selamat pagi rekan HR, saya ingin menanyakan prosedur pengajuan program benefit bersubsidi untuk kepemilikan perangkat laptop pribadi (laptop ownership program) yang sempat disosialisasikan awal tahun lalu. Apakah program ini masih dibuka untuk angkatan staf tahun 2024, dan berapa persen nominal subsidi maksimal yang ditanggung oleh manajemen? Mohon dikirimkan salinan dokumen petunjuk teknisnya jika ada yang bisa saya pelajari terlebih dahulu. - Maya Indah, Divisi UI/UX Designer.",Email HR,Rendah
"Kepada tim HRD, saya Intan Permata dari unit Procurement. Saya mendapatkan informasi mengenai rencana restrukturisasi yang berpotensi berdampak pada posisi saya. Karena informasi yang beredar masih simpang siur, saya berharap HR dapat memberikan penjelasan resmi terkait status dan hak pegawai yang terdampak. Mohon informasi ini dapat disampaikan sesegera mungkin.",Email HR,Tinggi
"Email Galang Mahesa, Divisi Investment Management. jangka menengah perusahaan mengalami penurunan sebesar Rp 221.000.000 akibat fluktuasi pasar. Dampak tersebut perlu dalam proyeksi keuangan semester ini. Mohon arahan langkah mitigasi risiko investasi.",Laporan Keuangan,Tinggi
"Router jaringan pusat di lantai 2 kantor operasional terbakar akibat lonjakan arus listrik pagi ini, menyebabkan seluruh staf kehilangan koneksi internet dan akses ke intranet lokal. Kami mengajukan pengadaan darurat 1 unit Router Cisco Catalyst C9300-24T-A sebagai pengganti instan demi memulihkan jaringan kantor. Estimasi harga router baru ini beserta biaya konfigurasi cepat adalah Rp 42.000.000. Kondisi ini sangat darurat karena melumpuhkan operasional harian kantor. usulan dari Agus Setiawan, unit Infrastruktur Jaringan.",Permintaan Pengadaan,Tinggi
"Yth. Tim HR, Saya Bambang Setiawan dari Divisi Produksi ingin segera melaporkan bahwa iuran BPJS Kesehatan saya tidak dibayarkan oleh perusahaan selama 4 bulan terakhir (Juli–Oktober 2024) sehingga kartu BPJS saya dinonaktifkan. Saya baru mengetahui ini ketika hendak membawa anak saya ke rumah sakit dan kartu ditolak di loket. Padahal potongan BPJS selalu muncul di slip gaji saya setiap bulan, yang berarti gaji saya sudah dipotong namun tidak disetorkan. Kondisi ini sangat merugikan saya dan keluarga karena anak saya membutuhkan perawatan lanjutan. Mohon segera diselesaikan dalam 1x24 jam dan berikan bukti pembayaran iuran kepada saya.",Email HR,Tinggi
"Email dari Yusuf Hidayat, unit Produksi. Biaya penggunaan bahan pendukung produksi bulan ini mencapai Rp 33.500.000. Nilai tersebut sedikit lebih rendah dibanding bulan sebelumnya. rekapitulasi detail penggunaan material telah dilampirkan untuk dokumentasi.",Laporan Keuangan,Sedang
"Pengelolaan lisensi font untuk keperluan desain grafis kini dipusatkan di bawah wewenang manajer kreatif. Desainer dilarang mengunduh menggunakan font bajakan versi use untuk materi komersial. membutuhkan khusus, pengajuan dana pembelian dapat dilakukan via divisi",SOP,Sedang
"Email dari Galang Mahesa, departemen Investment Management. Nilai investasi jangka menengah perusahaan mengalami penurunan sebesar Rp 221.000.000 akibat fluktuasi pasar. Dampak tersebut perlu diperhitungkan dalam proyeksi keuangan semester ini. dimohon arahan terkait langkah mitigasi risiko investasi.",Laporan Keuangan,Tinggi
"Email dari Nabila Syafira, Divisi Facility Care. Biaya pemeliharaan ringan ruang kerja dan area umum bulan ini tercatat sebesar Rp 2.650.000. Kegiatan mencakup perbaikan minor serta penggantian perlengkapan yang rusak. Laporan ini disampaikan untuk dokumentasi keuangan rutin.",Laporan Keuangan,Rendah
"Laporan dari Adrian Saputra, Divisi Warehouse Administration. Dana kas kecil digunakan sebesar Rp 810.000 untuk pembelian formulir inventaris dan perlengkapan pencatatan stok. Seluruh transaksi telah dicatat dan diverifikasi oleh supervisor gudang. Tidak ditemukan penggunaan dana di luar kebutuhan operasional.",Laporan Keuangan,Rendah
"Proyektor utama di ruang rapat direksi mengalami kerusakan lampu optik internal yang membuatnya mati total, padahal lusa akan digunakan untuk presentasi laporan tahunan di depan dewan komisaris. Kami memohon pengadaan darurat 1 unit Proyektor Laser Epson EB-L520U dengan tingkat kecerahan 5200 lumens agar tampilan grafik keuangan terlihat jelas. Estimasi harga untuk unit proyektor profesional ini adalah Rp 29.500.000. Persetujuan segera sangat dibutuhkan demi kelancaran agenda sakral perusahaan. Pengajuan dari Eko Prasetyo, Divisi Sekretariat Korporat.",Permintaan Pengadaan,Tinggi
"Halo Tim IT, saya Rangga Saputra dari unit Operasional ingin bertanya apakah perangkat kantor boleh menggunakan mouse wireless pribadi. Saya ingin memastikan perangkat tersebut tidak melanggar kebijakan keamanan perusahaan. Saat ini tidak ada kendala pekerjaan yang membutuhkan penanganan segera. Mohon arahan mengenai aturan penggunaan perangkat tambahan.",Tiket IT,Rendah
"Saya, Lina Marlina dari Divisi Legal, mengajukan pembelian 2 unit scanner dokumen berkecepatan tinggi. Perangkat diperlukan untuk digitalisasi arsip kontrak dan dokumen hukum. Spesifikasi minimal 40 halaman per menit dan fitur duplex. Estimasi harga Rp8.000.000 per unit.",Permintaan Pengadaan,Sedang
"Halo IT, darurat sekali. perangkat saya tiba-tiba layarnya terkunci dan muncul peringatan merah yang meminta tebusan uang. Semua file Excel di folder Dokumen berubah ekstensinya menjadi aneh. Saya cabut sementara dari jaringan LAN agar tidak menyebar ke komputer lain. tolong segera kirim teknisi ke meja saya di divisi Legal.",Tiket IT,Tinggi
"Dalam situasi darurat kebakaran, seluruh kegiatan operasional harus dihentikan seketika. pegawai wajib keluar gedung melalui jalur evakuasi yang telah ditentukan tanpa membawa barang bawaan. Jangan pernah menggunakan lift saat alarm kebakaran berbunyi.",SOP,Tinggi
"Kepada Tim HRD, Saya Mega Lestari, Asisten Manajer departemen Finance, ingin menyampaikan bahwa saya mengalami tekanan berlebihan dan dugaan praktik kerja paksa dari atasan saya. Saya secara rutin diwajibkan lembur hingga pukul 23.00 WIB tanpa kompensasi apapun dengan alasan dedikasi dan loyalitas, dan jika menolak dianggap tidak kooperatif dalam penilaian kinerja. Dalam 2 bulan terakhir kondisi ini berdampak pada kesehatan fisik saya sebagaimana dibuktikan dengan surat dokter terlampir. Saya dimohon HRD melakukan investigasi terhadap praktik manajemen di divisi saya dan memastikan hak-hak saya terpenuhi sesuai aturan ketenagakerjaan. Mohon respons segera karena kondisi saya sudah cukup kritis.",Email HR,Tinggi
"Tim IT, saya Anastasia Widyawati dari unit Perencanaan Keuangan yang sedang WFH hari ini. Koneksi VPN saya sama sekali tidak bisa terhubung sejak pukul 07.45 WIB dan muncul pesan error The remote connection was not made because the attempted VPN tunnels failed. Sudah saya coba restart modem, reinstall aplikasi VPN, dan menghubungi provider internet rumah saya namun ISP memastikan koneksi internet saya normal dan kendala ada di sisi konfigurasi VPN. Saya memiliki rapat dewan direksi yang harus saya dukung dengan data real-time dari sistem keuangan pada pukul 10.00 WIB dan tanpa VPN saya tidak bisa mengakses satu pun sistem yang diperlukan. Jika tidak ada solusi segera saya mungkin harus datang ke kantor namun perjalanan akan memakan waktu 2 jam dan rapat sudah dimulai. Mohon prioritaskan penanganan ini secepatnya. Anastasia Widyawati, Financial Planning Manager, HP 0896-5566-7788.",Tiket IT,Tinggi
"Kami mengusulkan pengadaan tambahan berupa 2 unit lemari arsip besi pintu geser merk Lion dipasang di ruang akuntansi. Lemari yang ada saat ini sudah penuh terisi oleh dokumen perpajakan lima tahun terakhir, berkas baru mulai menumpuk di meja kerja. Estimasi harga untuk kedua unit lemari adalah sebesar Rp 5.600.000. Diharapkan pengadaan barang dapat direalisasikan bulan ini. Pengajuan oleh Sri Mulyani, Divisi Akuntansi.",Permintaan Pengadaan,Sedang
"Kami mengajukan pembelian 2 unit pointer laser presentasi nirkabel (wireless presenter logitech) sebagai tambahan cadangan alat bantu di ruang meeting besar. Alat penunjuk yang ada saat ini masih berfungsi dengan baik, namun cadangan diperlukan mengantisipasi apabila baterai habis mendadak saat rapat berjalan. Estimasi harga untuk kedua unit pointer berkualitas standar ini adalah Rp 800.000. Pengadaan ini tidak mendesak dan dapat disatukan dengan jadwal belanja inventaris bulanan. usulan dari Lukman Hakim, bagian Administrasi Kantor.",Permintaan Pengadaan,Rendah
"Halo Tim HR, saya ingin mengajukan klaim jaminan biaya persalinan istri saya secara manual (reimbursement) karena rumah sakit bersalin tempat penanganan kemarin belum terintegrasi dengan sistem cashless asuransi kantor kita. Dokumen berupa akta kelahiran anak, surat rincian biaya persalinan asli, beserta resume medis dari dokter spesialis kandungan telah saya siapkan lengkap. Mohon dibantu untuk proses verifikasi ke pihak penyedia asuransi korporat. Terima kasih. - Dedi Setiadi, Divisi Supply Chain Management.",Email HR,Sedang
Email dari Fajar Divisi Pengendalian Hasil evaluasi triwulan menunjukkan biaya lembur karyawan mencapai Rp 205.000.000 atau di atas anggaran telah disetujui. Kenaikan terjadi pada beberapa unit operasional yang peningkatan beban kerja. Mohon dilakukan review terhadap kebijakan penjadwalan kerja untuk mengendalikan biaya.,Laporan Keuangan,Tinggi
"Maya Lestari dari Divisi Keuangan, mengajukan pengadaan lisensi software akuntansi untuk Spesifikasi berupa lisensi resmi tahunan dengan fitur pelaporan keuangan lengkap. Estimasi biaya per tahun. Lisensi saat ini akan segera berakhir dan untuk menjaga kelancaran keuangan.",Permintaan Pengadaan,Tinggi
"Server utama untuk basis data keuangan mengalami kerusakan total pada hardware penyimpanan dan tidak dapat diperbaiki lagi. Kami meminta pengadaan mendesak 1 unit Server HP ProLiant DL380 dengan konfigurasi RAID 5 dan kapasitas total 10TB. Tanpa server ini, operasional pencatatan transaksi harian perusahaan terhenti sepenuhnya. Estimasi biaya untuk penggantian server ini adalah Rp 85.000.000. permintaan dari Siti Rahma, Manajer Keuangan.",Permintaan Pengadaan,Tinggi
"Email Rahmat Hidayat, Divisi Umum. Laporan petty cash minggu menunjukkan penggunaan dana sebesar Rp 2.350.000. Pengeluaran untuk kebutuhan transportasi dan pembelian perlengkapan kecil. Saldo kas kecil masih mencukupi untuk minggu berikutnya.",Laporan Keuangan,Rendah
"Email dari Wahyu Prakoso, Divisi Keuangan. Hasil review anggaran semester pertama menemukan penyimpangan penggunaan dana sebesar Rp 119.000.000 pada beberapa pos biaya. Temuan ini memerlukan investigasi lanjutan sebelum laporan disampaikan ke direksi. Mohon seluruh dokumen pendukung segera dilengkapi.",Laporan Keuangan,Tinggi
"Halo Tim IT, saya Darwis Hamid dari unit Purchasing dan Pengadaan. Saya ingin meminta informasi teknis mengenai spesifikasi printer yang direkomendasikan untuk kebutuhan cetak dokumen di kantor dengan volume cetak sedang sekitar 500 lembar per hari untuk 10 pengguna. Kami sedang dalam proses perencanaan pengadaan printer baru untuk lantai 3 yang akan dianggarkan pada kuartal ketiga tahun ini dan membutuhkan referensi teknis dari Tim IT sebelum kami membuat spesifikasi pengadaan secara resmi. harap rekomendasinya mencakup merek, tipe, dan fitur minimum yang disarankan beserta pertimbangan biaya per lembar yang paling ekonomis. Tidak ada deadline khusus untuk permintaan informasi ini. Darwis Hamid, Purchasing Officer, Ext. 2255.",Tiket IT,Rendah
Setiap indikasi penipuan atau fraud keuangan harus cepat dilaporkan ke tim audit internal. Akses sistem bagi pihak yang dicurigai akan dibekukan sementara untuk keperluan investigasi. Proses hukum akan ditempuh jika terbukti ada alokasi pidana.,SOP,Tinggi
"Helpdesk IT, saya Rizky Maulana dari Divisi Sales meminta dibuatkan akses folder jaringan Sales Nasional. Saya baru dipindahkan ke tim tersebut dan perlu melihat template penawaran serta laporan wilayah. Saat ini saya hanya akses folder sales regional Mohon dibantu penambahan sesuai approval dari atasan saya.",Tiket IT,Sedang
"Email dari Farrel Saputro, departemen Revenue Assurance. Ditemukan keterlambatan penagihan kepada pelanggan korporasi dengan nilai total Rp 438.000.000. Kondisi tersebut berdampak langsung pada proyeksi penerimaan kas bulan berjalan. dimohon koordinasi intensif dengan tim penjualan dan penagihan.",Laporan Keuangan,Tinggi
"Selamat pagi Tim HR. Saya ingin mengonfirmasi mengenai keikutsertaan dalam pelatihan sertifikasi manajemen proyek yang akan bulan depan vendor eksternal. Formulir pendaftaran and persetujuan anggaran dari kepala divisi saya dapatkan secara lengkap. Mohon bantuan HR untuk memproses pembayaran invoice pihak vendor agar slot kepesertaan Terima banyak atas dukungannya. - Maya Indah, Divisi Manajemen",Email HR,Sedang
"Mesin dokumen utama di divisi Legal mengalami kerusakan pada komponen fuser unit dan tidak dapat digunakan sekali. Kami membutuhkan unit printer warna Fuji Xerox ApeosPort berkemampuan cepat sebagai pengganti darurat demi kelancaran penyiapan berkas kontrak kerja besok pagi. Estimasi harga printer baru adalah 18.500.000. Mohon bantuan untuk segera memproses nota dinas ini. Pengajuan oleh Mega Utami, Divisi Hukum dan Legalitas.",Permintaan Pengadaan,Tinggi
"Menjelang audit sertifikasi ISO 9001 yang akan dilaksanakan tiga hari lagi, membutuhkan jasa cleaning service deep cleaning area workshop produksi. Kondisi workshop saat ini memerlukan pembersihan skala besar tidak bisa dicover oleh tim kebersihan internal harian. Estimasi biaya jasa kebersihan menyeluruh ini adalah Rp8.500.000. Pengajuan dikirim oleh Eko Prasetyo dari Divisi Penjaminan",Permintaan Pengadaan,Tinggi
"Email dari Fikri Ramadhan, bagian Logistik Nasional. Biaya pengiriman selama kuartal berjalan mencapai Rp 289.000.000 atau 36% di atas target yang telah ditetapkan. Peningkatan disebabkan oleh kebutuhan distribusi tambahan ke wilayah timur. Evaluasi kontrak mitra logistik perlu sesegera mungkin dilakukan.",Laporan Keuangan,Tinggi
staf disarankan untuk mengunci layar komputer masing-masing setiap kali meninggalkan meja kerja lebih dari lima menit. Hal ini merupakan praktik keamanan dasar untuk mencegah orang lain melihat data pekerjaan. Tekan kombinasi tombol Windows dan huruf L pada keyboard untuk mengunci layar dengan cepat.,SOP,Rendah
"Laporan dari Fitri Handayani, Divisi Pajak. Dalam proses rekonsiliasi ditemukan setor PPN sebesar Rp 53.000.000 pada periode sebelumnya. Jika tidak segera dibayarkan, perusahaan berpotensi sanksi administrasi. Mohon persetujuan pelunasan sebelum batas waktu pelaporan.",Laporan Keuangan,Tinggi
"Selamat pagi Tim IT, saya Alya Safira dari Divisi Product Development membutuhkan instalasi aplikasi Figma di laptop kantor. Aplikasi ini akan digunakan untuk meninjau desain antarmuka produk bersama vendor. Kebutuhan mulai digunakan minggu ini, tetapi belum menghambat pekerjaan hari ini. Mohon dibantu instalasi sesuai lisensi dan kebijakan perusahaan.",Tiket IT,Sedang
"Email dari Sari Handoko, Divisi Akuntansi Manajemen. Hasil analisis biaya menunjukkan lonjakan pengeluaran konsultasi eksternal hingga Rp 173.000.000 pada semester ini. Nilai tersebut jauh melebihi alokasi yang disetujui direksi. Perlu dilakukan evaluasi efektivitas penggunaan jasa konsultan.",Laporan Keuangan,Tinggi
"Kepada Yth. HRD PT Sentosa Jaya, Dengan hormat, saya Hendra Gunawan, Staf Akuntansi, bermaksud mengajukan klaim reimbursement perjalanan dinas ke Surabaya yang saya lakukan pada tanggal 1–2 November 2024 atas penugasan dari departemen Keuangan. Total pengeluaran yang saya ajukan adalah sebesar Rp 2.340.000 yang meliputi tiket pesawat, taksi, dan akomodasi hotel satu malam. Semua bukti pengeluaran asli sudah saya lampirkan dalam email ini beserta surat tugas yang ditandatangani Manajer Keuangan. tolong diproses sesuai prosedur reimbursement yang berlaku dan dikonfirmasi waktu pencairannya kepada saya. Terima kasih atas bantuannya.",Email HR,Sedang
Kami membutuhkan perpanjangan lisensi tahunan software grafis CorelDRAW Graphics sebanyak 3 unit untuk tim kreatif. Lisensi ini akan habis masa berlakunya dalam waktu dua minggu ke sehingga perlu diperbarui desain tidak terhenti. Estimasi lisensi tahunan ini adalah Rp16.500.000. Permintaan diajukan oleh Kevin Wijaya dari Divisi Kreatif.,Permintaan Pengadaan,Sedang
"Selamat pagi Tim IT, saya Marlina Yusuf dari Divisi HR Services ingin meminta informasi format standar permintaan akses sistem untuk karyawan mutasi. Bulan depan ada beberapa perpindahan posisi antar divisi. Kami ingin menyiapkan dokumen pengajuan akses dengan benar sejak awal. Mohon dibagikan template atau daftar informasi yang dibutuhkan.",Tiket IT,Rendah
"Kepada Tim HRD, Saya Prabowo, Staf Divisi Supply Chain, ingin menanyakan apakah sisa cuti tahunan yang diambil pada tahun 2024 bisa dialihkan ke tahun 2025 atau akan hangus di tahun. Saya masih memiliki sisa 6 hari cuti yang belum saya gunakan dan jika dengan benar mengakibatkan kerugian hak saya. ada batas waktu pengambilan prosedur pengajuan carry-over, mohon dapat Terima kasih atas informasinya dan saya menunggu penjelasan dari",Email HR,Rendah
"Email dari Bastian Hidayat, Divisi Financial Analysis. Hasil evaluasi profitabilitas menunjukkan salah satu unit bisnis mencatat kerugian sebesar Rp 184.000.000 selama dua bulan berturut-turut. Tren ini berbeda dengan target yang telah ditetapkan manajemen. Diperlukan kajian mendalam terhadap struktur biaya unit tersebut.",Laporan Keuangan,Tinggi
"Email dari Wulan Safitri, departemen Finance Planning. Hasil monitoring menunjukkan biaya utilitas pabrik meningkat menjadi Rp 156.000.000 pada bulan ini. Nilai tersebut jauh di atas rata-rata historis dan belum tercermin dalam dana tahunan. Analisis penyebab kenaikan perlu segera dilakukan.",Laporan Keuangan,Tinggi
"Kepada HRD PT Nusantara Sejahtera, Saya Bagas Wicaksono dari Divisi IT ingin meminta informasi mengenai cara mengakses slip gaji digital melalui portal HR baru diluncurkan bulan lalu. Saya belum login mencoba menggunakan NIK dan tanggal lahir default sebagaimana diinformasikan panduan penggunaan atau kontak helpdesk HR yang bisa saya hubungi untuk membantu proses aktivasi akun Saya membutuhkan slip gaji bulan untuk keperluan administrasi pribadi.",Email HR,Rendah
"dari Doni Firmansyah, Divisi Fasilitas. Laporan rutin biaya kebersihan kantor menunjukkan pengeluaran sebesar Rp 3.800.000 selama periode berjalan. Seluruh pembayaran telah dilakukan sesuai kontrak penyedia jasa. Tidak terdapat isu yang memerlukan tindak lanjut segera.",Laporan Keuangan,Rendah
"unit GA memerlukan persediaan tisu dan sabun cuci tangan bulanan untuk seluruh toilet gedung kantor guna menjaga kebersihan lingkungan kerja. Kami mengajukan pembelian 5 karton tisu basah, 10 karton tisu tork, dan 4 galon sabun cuci tangan isi 5 liter. Estimasi alokasi bulanan untuk kebutuhan sanitasi ini adalah Rp4.200.000. Permintaan diajukan oleh Maya Sandrina dari Divisi General Affair.",Permintaan Pengadaan,Sedang
"Email dari Rudi Hartono, SDM. Pengeluaran kegiatan pelatihan karyawan bulan ini tercatat sebesar Rp 21.500.000. Biaya meliputi narasumber dan penyediaan fasilitas pelatihan. Laporan rinci telah disertakan untuk keuangan.",Laporan Keuangan,Sedang
"rekap dari Lilis Kartika, departemen Budget Control. Realisasi biaya perjalanan internasional mencapai Rp 264.000.000 atau 52% lebih tinggi dari anggaran yang disetujui. Kenaikan berasal dari tambahan kunjungan bisnis yang tidak direncanakan pada awal tahun. Evaluasi penggunaan anggaran perlu dilakukan secepatnya.",Laporan Keuangan,Tinggi
"Apabila staf operasional menemukan beracun tumpah di area kerja, wajib diaktifkan. Jangan mencoba membersihkan tumpahan tanpa alat pelindung diri standar level A. Hubungi tim penanganan B3 eksternal untuk pembersihan profesional.",SOP,Tinggi
"Kepada Tim HRD, Rina Marlina dari Divisi Sales ingin melaporkan dugaan diskriminasi dalam proses promosi jabatan internal bulan lalu. Saya memiliki tertinggi di tim selama 3 berturut-turut namun posisi Team Leader justru kepada rekan yang bergabung lebih baru dengan performa rata-rata. Ketika saya meminta penjelasan kepada manajer, jawabannya tidak kriteria yang tercantum SOP promosi internal perusahaan. Saya khawatir keputusan ini dipengaruhi oleh faktor subjektif yang tidak berkaitan dengan profesional. Mohon HRD melakukan review independen dan memberikan penjelasan tertulis atas dasar keputusan tersebut.",Email HR,Tinggi
"Untuk mengurangi limbah kertas, seluruh dokumen internal antar divisi lagi dicetak secara fisik. Tanda tangan elektronik kini diakui sepenuhnya untuk pengesahan nota kesepahaman hanya boleh digunakan untuk keperluan korespondensi dengan pihak ketiga.",SOP,Sedang
Setiap karyawan yang berencana untuk menyelenggarakan sesi perayaan ulang tahun kecil di area kantor agar menggunakan waktu makan siang. Kue ulang tahun dapat disimpan sementara di dalam lemari es pantry utama lantai tiga. Mohon untuk meminimalkan suara berisik yang dapat mengganggu tim di sekitar.,SOP,Rendah
Bocornya dokumen tender strategis perusahaan ke pihak kompetitor membutuhkan forensik segera. Tim dan akses dokumen dari divisi. pembocoran diproses secara hukum perdata dan pidana.,SOP,Tinggi
"Untuk menunjang mobilitas tim penjualan lapangan, kami membutuhkan 2 unit sepeda motor operasional Honda Vario 125cc. Kendaraan ini akan digunakan untuk kunjungan rutin ke outlet mitra di area Jabodetabek yang sulit dijangkau kendaraan roda empat. Estimasi budget pengadaan kendaraan roda dua beserta pengurusan dokumennya adalah Rp 46.000.000. Diharapkan fasilitas ini bisa menaikkan produktivitas kunjungan harian tim sales. usulan dari Doni Kusuma, Divisi Penjualan.",Permintaan Pengadaan,Sedang
"Halo rekan HR. Saya ingin menginformasikan perubahan data diri saya berupa pembaruan alamat domisili dan nomor telepon aktif yang baru karena saya baru saja pindah rumah minggu ini. Dokumen KTP terbaru dan Kartu Keluarga yang sudah diperbarui telah saya lampirkan untuk keperluan update database di sistem HRIS perusahaan. dimohon bantuannya untuk memperbarui data tersebut. Terima kasih. - Citra Lestari, unit Keuangan.",Email HR,Rendah
Buku catatan pengunjung eksternal yang dipegang sekuriti di pintu utama akan setiap bulan staf administrasi. Buku yang sudah penuh lembarannya diarsipkan dalam loker gudang dan disimpan minimal selama periode tiga tahun ke depan. Setiap kolom buku wajib terisi data pelat nomor kendaraan apabila tamu memarkir mobil di pelataran.,SOP,Rendah
"Kami mengusulkan pengadaan 1 unit mobil operasional Toyota Avanza Veloz untuk mendukung mobilitas tim lapangan di area Jabodetabek. Mobil dinas yang ada saat ini sering masuk bengkel karena faktor usia kendaraan, sehingga menghambat jadwal kunjungan ke klien potensial. Estimasi harga on-the-road untuk unit baru ini adalah Rp 290.000.000. Pembelian ini direncanakan masuk dalam anggaran belanja modal kuartal ini. Pengajuan oleh Surya Kencana, Divisi Umum.",Permintaan Pengadaan,Sedang
"Laporan dari Rina Aprilia, Divisi Aset. Pada saat rekonsiliasi aset bergerak ditemukan perbedaan sebesar Rp 118.000.000 antara hasil inventarisasi dan catatan pembukuan. Selisih tersebut berasal dari unit kendaraan yang belum diperbarui statusnya. Tim terkait diminta menyelesaikan verifikasi sebelum penutupan buku bulanan.",Laporan Keuangan,Tinggi
Prosedur pengembalian barang retur dari pelanggan mewajibkan staf gudang memisahkan barang cacat di zona merah. Barang retur tidak boleh dikembalikan ke rak penjualan umum sebelum melewati inspeksi kualitas ulang. Barang yang tidak bisa diperbaiki akan dilabeli untuk dimusnahkan secara berkala.,SOP,Sedang
Kami membutuhkan 1 unit printer multifungsi HP LaserJet Pro M428fdw untuk menggantikan printer lama di ruang kerja akuntansi yang sering mengalami paper jam. Printer ini sangat dibutuhkan untuk mencetak rekapitulasi perpajakan bulanan yang tebal secara efisien. Estimasi harga printer baru ini adalah Rp8.500.000. permohonan ini dibuat oleh Lisa Permatasari dari Divisi Perpajakan.,Permintaan Pengadaan,Sedang
"dari Hanif Maulana, Divisi Financial Terdapat penundaan pembayaran pelanggan strategis dengan nilai total Rp 347.000.000 yang seharusnya diterima bulan ini. Keterlambatan tersebut memengaruhi kas jangka pendek perusahaan. koordinasi lintas fungsi untuk mempercepat proses penagihan.",Laporan Keuangan,Tinggi
"Kepada Yth. Tim K3 dan HRD, saya ingin melaporkan kondisi bahaya struktural di area selasar penghubung gedung B lantai 5, di mana atap plafon tiba-tiba runtuh sebagian akibat rembesan air hujan deras siang ini. Runtuhan material beton ringan tersebut hampir mengenai dua orang karyawan yang sedang melintas di area tersebut. Mohon tim HRD segera menutup total akses jalan tersebut dan memanggil kontraktor maintenance darurat untuk mencegah runtuhan susulan yang fatal. - Aris Munandar, Divisi General Affairs.",Email HR,Tinggi
"Email dari Aldo Firmansyah, departemen Produksi. Pengeluaran pemeliharaan mesin selama bulan ini tercatat sebesar Rp 29.000.000. Seluruh pekerjaan dilakukan sesuai jadwal preventive maintenance yang telah ditetapkan. rekapitulasi rinci biaya tersedia untuk kebutuhan audit internal.",Laporan Keuangan,Sedang
"Tim IT Helpdesk, saya Megawati Solihin dari Divisi Ekspor dan Impor. Password akun SAP saya tiba-tiba tidak diterima sistem sejak pagi ini padahal saya tidak pernah mengubahnya dan muncul pesan Your account has been disabled. Hari ini adalah batas akhir pengajuan dokumen ekspor ke Bea Cukai secara elektronik melalui sistem yang terintegrasi langsung dengan SAP dan jika tidak disubmit sebelum pukul 14.00 WIB maka pengiriman kontainer senilai 3 miliar rupiah akan tertunda dan dikenai denda. Saya sudah mencoba menghubungi rekan lain untuk meminjam akun namun hal tersebut tidak diperbolehkan oleh kebijakan keamanan sistem. Mohon akun saya segera dipulihkan karena ini menyangkut kerugian finansial dan reputasi perusahaan yang sangat besar. Megawati Solihin, Export-Import Supervisor, Ext. 7701, HP 0856-9988-7766.",Tiket IT,Tinggi
Mohon segera diproses pengadaan 5 unit laptop ASUS ExpertBook B5 dengan RAM 16GB dan SSD 512GB untuk tim Developer baru di divisi IT. Laptop ini sangat mendesak karena para personil baru akan onboard minggu depan untuk mengejar proyek sistem pembayaran e-commerce. Estimasi total anggaran adalah Rp75.000.000. Pengajuan ini dibuat oleh Budi Santoso selaku Kepala Divisi IT.,Permintaan Pengadaan,Tinggi
"Yth. Manajer HRD, saya mengirimkan email ini dengan sangat kecewa karena status kepesertaan BPJS Kesehatan anak saya dinonaktifkan secara sepihak oleh sistem akibat kelalaian rekapitulasi pembaruan data oleh admin HR perusahaan. Hari ini anak saya ditolak mendapatkan tindakan cuci darah terjadwal di klinik rekanan karena kendala administrasi ini. Saya menuntut pertanggungjawaban penuh dan tindakan koreksi instan dari pihak HRD hari ini juga agar pengobatan anak saya tidak terputus. - Gunawan Wibisono, Divisi Facility Engineering.",Email HR,Tinggi
"Laporan dari Celine Putri, Pengendalian Biaya pengembangan fasilitas pendukung operasional telah mencapai Rp 389.000.000 dan mendekati batas maksimum anggaran. Beberapa pekerjaan tambahan masih perlu diselesaikan dalam bulan ini. Diperlukan evaluasi terhadap ruang lingkup proyek untuk menghindari overbudget.",Laporan Keuangan,Tinggi
"Email dari Farrel Saputro, Divisi Revenue Assurance. Ditemukan keterlambatan penagihan kepada pelanggan korporasi dengan nilai total Rp 438.000.000. Kondisi tersebut berdampak langsung pada proyeksi penerimaan kas bulan berjalan. Mohon koordinasi intensif dengan tim penjualan dan penagihan.",Laporan Keuangan,Tinggi
"Selamat siang Tim HR, berhubung telah mengajukan surat pengunduran diri resmi sebulan yang lalu, hari Jumat ini merupakan hari terakhir saya bekerja di perusahaan. Saya menanyakan prosedur pengembalian aset berupa laptop, ID card, dan token perbankan kantor yang ada pada saya. Mohon diinfokan jadwal exit interview serta proses surat kliring aset (clearance sheet) agar parklaring saya bisa diproses tepat waktu. - Denny Rachman, Treasury.",Email HR,Sedang
"Setiap hari Jumat, karyawan diperbolehkan mengenakan pakaian kasual yang rapi dan sopan. Pemakaian celana pendek, sandal jepit, dan kaus kerah tetap tidak diperkenankan di lingkungan kantor. Karyawan yang memiliki jadwal bertemu klien eksternal wajib tetap menggunakan pakaian bisnis formal.",SOP,Rendah
"Prosedur pengembalian uang lebih bagi kasir ritel kepada pembeli yang nilai kembaliannya berupa pecahan receh koin diatur dengan penyediaan sedia permen senilai sama hanya sebagai opsi darurat semata. Jika pelanggan tidak berkenan diganti permen, kasir wajib meminta receh uang kembalian pas ke kasir di konter sebelah sesegera mungkin mungkin. Tidak boleh sama sekali mengucapkan dalih tidak ada uang kembalian untuk nominal berapa pun itu.",SOP,Rendah
"Selamat pagi HRD, saya Rizky Maulana dari departemen Penjualan ingin mengajukan cuti tahunan selama tiga hari pada tanggal 15 hingga 17 Juli. Seluruh pekerjaan yang sedang berjalan telah saya koordinasikan dengan rekan satu tim agar tidak mengganggu operasional. Saya juga sudah mendapatkan persetujuan awal dari atasan langsung. dimohon bantuan untuk proses pengajuan cuti tersebut.",Email HR,Sedang
"Dalam rangka meningkatkan kenyamanan presentasi internal tim, kami mengusulkan pengadaan 1 unit Wireless Laser Presenter Logitech R500. Alat ini bersifat opsional untuk membantu kelancaran pemaparan ide kreatif saat meeting mingguan agar presenter bisa bergerak lebih bebas. Estimasi harga perangkat pendukung ini adalah Rp650.000. permohonan dikirim oleh Bagus Permadi dari bagian Business Development.",Permintaan Pengadaan,Rendah
"Yth. Helpdesk saya Tania Kusuma dari Divisi Sekretariat Direksi mengalami kendala pada laptop yang tidak bisa terhubung ke proyektor ruang rapat. Rapat direksi dengan mitra eksternal akan dimulai dalam waktu dekat materi hanya ada di laptop tersebut. Kabel HDMI sudah diganti, tetapi tetap tidak muncul di proyektor. Mohon segera untuk pengecekan atau penyediaan perangkat",Tiket IT,Tinggi
"Kami mengajukan perpanjangan kontrak sama untuk jasa cleaning service dengan vendor PT Resik pengelolaan 6 bulan ke depan. ini mencakup pemeliharaan area ruang kerja karyawan, ruang serta sanitasi menyeluruh 8 toilet di gedung Estimasi total nilai kontrak untuk setengah tahun ke depan adalah Rp 72.000.000 untuk 3 Kebersihan berkala ini penting untuk seluruh staf. Pengajuan dari Rizky Divisi Pengelolaan Fasilitas.",Permintaan Pengadaan,Sedang
"Halo Helpdesk, saya Miko Saputra dari Divisi General Services ingin meminta konfigurasi printer jaringan untuk komputer resepsionis. Komputer tersebut baru diganti dan belum tersambung ke printer area depan. Saat ini dokumen tamu masih bisa dicetak dari komputer lain, tetapi cukup merepotkan. Mohon dibantu setup printer saat ada jadwal kosong.",Tiket IT,Sedang
"Penerimaan barang masuk dari supplier ke gudang logistik mengharuskan faktur secara Staf penerima wajib jumlah fisik barang dan membandingkannya surat jalan. Jika terdapat ketidaksesuaian jumlah, barang tidak boleh dimasukkan ke dalam sistem stok utama.",SOP,Sedang
Semua payung basah yang dibawa oleh karyawan di saat musim hujan harus diletakkan pada rak payung di lobi lantai dasar. Dilarang keras membawa payung yang masih meneteskan air memasuki area karpet ruang kerja. Payung pribadi dapat diambil kembali pada sore hari sewaktu perjalanan pulang.,SOP,Rendah
"Selamat siang rekan-rekan IT. Belakangan ini baterai PC saya sepertinya jadi lebih cepat habis dari biasanya, maksimal hanya tahan sekitar satu jam. Saya Rini dari Marketing, saat ini masih bisa bekerja normal karena selalu colok charger di meja kerja. Jika nanti ada stok baterai baru untuk tipe Lenovo ini, dimohon saya dimasukkan ke daftar antrean ya. Terima kasih.",Tiket IT,Rendah
"Email dari Tegar Pranoto, Divisi Perencanaan Anggaran. Forecast biaya operasional kuartal berikutnya menunjukkan kebutuhan tambahan dana sebesar Rp 276.000.000 akibat kenaikan tarif layanan eksternal. Tanpa penyesuaian anggaran, beberapa program prioritas berpotensi tertunda. Mohon pembahasan dalam rapat anggaran mendatang.",Laporan Keuangan,Tinggi
"Laporan dari Nadya Permata, Divisi Customer Experience. Pengeluaran program survei kepuasan pelanggan bulan ini tercatat Rp 13.700.000. Dana digunakan untuk platform survei dan insentif responden. Seluruh masih sesuai rencana kegiatan yang disetujui.",Laporan Keuangan,Sedang
"Untuk menunjang mobilitas operasional tim penjualan lapangan, kami membutuhkan tambahan 2 unit sepeda motor matic Honda Vario 125cc. Kendaraan roda dua ini akan digunakan untuk melakukan kunjungan harian dan penagihan ke toko-toko mitra di pelosok daerah yang tidak terjangkau mobil operasional. Estimasi budget pengadaan kendaraan baru ini beserta pengurusan dokumen STNK/BPKB dinas adalah Rp 48.500.000. Fasilitas ini diyakini mampu meningkatkan coverage sales harian. permintaan dari Doni Kusuma, Divisi Penjualan.",Permintaan Pengadaan,Sedang
"rekapitulasi dari Nila Suryani, bagian Compliance Audit. Tim audit menemukan adanya pengeluaran investasi perangkat keras senilai Rp 337.000.000 yang belum tercatat sebagai aset tetap. Kesalahan klasifikasi ini berdampak pada penyajian laporan neraca. Diperlukan penyesuaian segera sebelum audit eksternal berlangsung.",Laporan Keuangan,Tinggi
"Selamat siang HRD, saya Citra Dewanti dari Divisi Keuangan. Saya ingin meminta salinan slip gaji tiga bulan terakhir untuk keperluan arsip pribadi. Dokumen tersebut tidak lagi tersedia pada portal yang biasa saya akses. Mohon bantuan untuk mengirimkan salinan atau petunjuk cara mendapatkannya.",Email HR,Rendah
"Untuk menunjang mobilitas tim penjualan lapangan, kami membutuhkan 2 unit sepeda motor operasional Honda Vario 125cc. Kendaraan ini akan digunakan untuk kunjungan rutin ke outlet mitra di area Jabodetabek yang sulit dijangkau kendaraan roda empat. Estimasi anggaran pengadaan kendaraan roda dua beserta pengurusan dokumennya adalah Rp 46.000.000. Diharapkan fasilitas ini bisa menaikkan produktivitas kunjungan harian tim sales. Pengajuan dari Doni Kusuma, Divisi Penjualan.",Permintaan Pengadaan,Sedang
"Aturan penyajian air kemasan botol tanggung bagi pertemuan rutin jajaran manajer tingkat menengah diletakkan kursi duduk satu per mendampingi pulpen standar. Staf pramusaji tak perlu menuangkannya repot-repot ke dalam ukir, kecuali agenda dihadiri oleh pihak petinggi dewan direksi perusahaan di meja besar atas. Seusai rapat, kumpulkan seluruh sisa botol terbuka maupun untuk diserahkan ke penampung bank sampah plastik bagian ulang di halaman belakang kantor.",SOP,Rendah
"Saya, Fajar Nugroho dari departemen Logistik, mengajukan pengadaan 1 unit kendaraan operasional jenis pickup diesel. Kendaraan lama mengalami kerusakan mesin dan tidak dapat digunakan untuk distribusi barang. Penggantian diperlukan agar jadwal pengiriman tidak terganggu. Estimasi harga Rp280.000.000.",Permintaan Pengadaan,Tinggi
"Halo Tim IT, saya Darwis Hamid Divisi Purchasing dan Pengadaan. Saya meminta informasi teknis mengenai spesifikasi yang direkomendasikan untuk kebutuhan cetak dokumen di kantor dengan volume cetak sekitar lembar per hari untuk 10 pengguna. Kami sedang dalam proses perencanaan pengadaan printer baru untuk lantai 3 akan dianggarkan pada kuartal ketiga tahun dan membutuhkan teknis dari Tim IT sebelum kami membuat spesifikasi secara resmi. Mohon rekomendasinya mencakup merek, tipe, dan fitur minimum yang disarankan beserta pertimbangan biaya per lembar yang paling ekonomis. deadline khusus untuk permintaan informasi ini. Darwis Hamid, Purchasing Officer, Ext. 2255.",Tiket IT,Rendah
Pembersihan jendela luar pada gedung bertingkat perusahaan hanya boleh dilakukan oleh kontraktor spesialis yang bersertifikasi. Area pejalan kaki di bawah area kerja wajib disterilkan dari lalu lalang karyawan. Pekerjaan harus segera dihentikan jika kecepatan angin melebihi batas aman operasional.,SOP,Sedang
Halo rekan HR. Saya ingin menginformasikan perubahan data diri saya pembaruan alamat domisili dan nomor telepon aktif yang baru karena saya baru saja pindah rumah minggu ini. Dokumen KTP terbaru dan Kartu Keluarga yang sudah diperbarui telah saya lampirkan untuk keperluan database di sistem HRIS perusahaan. Mohon bantuannya untuk memperbarui data tersebut. kasih. - Citra Divisi Keuangan.,Email HR,Rendah
"Yth. Tim HRD, Putri Handayani dari Divisi Pemasaran bermaksud mengajukan permohonan cuti tahunan selama 5 hari kerja, yaitu pada tanggal 25–29 November Cuti saya rencanakan untuk menemani keluarga dalam acara pernikahan kakak saya di Yogyakarta. Saya mendiskusikan hal ini dengan Agus selaku Supervisor saya dan beliau tidak keberatan selama pekerjaan saya sudah saya delegasikan terlebih dahulu. Sisa tahunan saya masih 9 hari sehingga pengajuan ini masih batas cuti yang berlaku. Mohon dan konfirmasi dari HRD lambat 3 hari depan. Terima kasih.",Email HR,Sedang
"Kami mengusulkan pengadaan furniture tambahan berupa 2 unit lemari arsip besi pintu geser merk Lion untuk dipasang di ruang akuntansi. Lemari yang ada saat ini sudah penuh terisi oleh dokumen perpajakan lima tahun terakhir, sehingga berkas baru mulai menumpuk di meja kerja. Estimasi harga untuk kedua unit lemari arsip anti-rayap ini adalah sebesar Rp 5.600.000. Diharapkan pengadaan barang dapat direalisasikan bulan ini. Pengajuan oleh Sri Mulyani, Divisi Akuntansi.",Permintaan Pengadaan,Sedang
"Email dari Hanif Maulana, unit Financial Operations. Terdapat penundaan pembayaran pelanggan strategis dengan nilai total Rp 347.000.000 yang seharusnya diterima bulan ini. Keterlambatan tersebut memengaruhi proyeksi arus kas jangka pendek perusahaan. harap koordinasi lintas fungsi untuk mempercepat proses penagihan.",Laporan Keuangan,Tinggi
"Halo rekan HR, saya ingin mengirimkan berkas klaim reimbursement untuk biaya akomodasi dan transportasi selama menghadiri pameran teknologi di Jakarta pekan lalu. Semua bukti pembayaran asli beserta nota dinas yang ditandatangani kepala divisi telah saya scan dan lampirkan pada email ini. Mohon dilakukan verifikasi data agar proses pencairannya bisa disatukan dengan transfer gaji pada akhir bulan ini. Terima kasih banyak atas bantuannya. - Sari Lestari, Divisi Desain Produk.",Email HR,Sedang
"Saya, Rizky Maulana dari bagian Teknologi Informasi, mengajukan pembelian 25 lisensi antivirus bisnis. Lisensi diperlukan untuk menjaga keamanan perangkat perusahaan selama satu tahun. Pengadaan ini merupakan bagian dari program pemeliharaan rutin sistem. Estimasi biaya Rp1.200.000 per lisensi.",Permintaan Pengadaan,Sedang
Terjadinya banjir bandang area center mengharuskan shut down seluruh server fisik seketika. Sistem kelistrikan area tersebut harus diputus oleh PLN atas permintaan perusahaan. IT harus bersiap memindahkan operasional ke data center cadangan di kota,SOP,Tinggi
"Apabila pegawai tidak sengaja merusak kartu akses pintu kantor akibat kelalaian, biaya pembuatan kartu baru ditanggung secara pribadi. Kartu yang retak dapat diserahkan ke bagian personalia untuk dinonaktifkan sistemnya. Selama kartu baru belum terbit, tenaga kerja dapat menggunakan stiker akses tamu harian.",SOP,Rendah
"Selamat pagi Tim IT, saya Ratri Anindya dari Divisi Training membutuhkan instalasi aplikasi Zoom versi terbaru di laptop ruang pelatihan. Versi yang terpasang saat ini sering meminta update saat dibuka. Pelatihan online akan dilaksanakan minggu depan dengan peserta dari cabang. Mohon dijadwalkan update dan pengecekan audio kamera sebelum acara.",Tiket IT,Sedang
"Laporan dari Kartikasari, Divisi Pengawasan Aset. Tim menemukan aset produksi dengan nilai buku Rp 166.000.000 yang mengalami kerusakan permanen namun masih tercatat aktif sistem. Kondisi ini menyebabkan aset perusahaan tidak mencerminkan keadaan persetujuan untuk penyesuaian dan penghapusan aset.",Laporan Keuangan,Tinggi
orientasi karyawan baru kini dilengkapi dengan modul e-learning wajib mengenai bisnis. Modul tersebut harus diselesaikan dalam minggu pertama masa percobaan. Sertifikat kelulusan e-learning menjadi syarat mutlak untuk mendapatkan fasilitas laptop,SOP,Sedang
"Yth. Tim IT, saya Guntur dari Divisi Warehouse Operation melaporkan scanner barcode handheld tidak bisa sinkron dengan sistem. Perangkat menyala, tetapi hasil scan masuk ke aplikasi penerimaan barang. Saat ini ada banyak barang masuk yang harus diproses sebelum jadwal distribusi siang. Mohon segera dilakukan pengecekan perangkat diberikan unit",Tiket IT,Tinggi
"Kepada Yth. HRD Manager, Saya Nurul Staf Administrasi Divisi Legal, ingin tindakan yang saya nilai pelecehan verbal dari satu klien internal senior di perusahaan ini. berlangsung pada Kamis, 7 2024 di ruang meeting lantai 5 di beliau bahasa yang merendahkan dan mengancam pekerjaan depan dua rekan kerja lainnya. Saya merasa tidak aman dan tidak nyaman untuk terus bekerja dalam kondisi seperti ini tanpa ada tindakan dari pihak perusahaan. Saya mohon HRD menindaklanjuti laporan ini sesuai dengan kebijakan tolerance terhadap pelecehan yang tercantum dalam peraturan perusahaan. Saya bersedia keterangan lebih lanjut dan menyerahkan nama saksi-saksi yang hadir saat kejadian.",Email HR,Tinggi
"Saya, Maya Lestari dari Divisi Keuangan, mengajukan pengadaan 1 unit server rack untuk penyimpanan data transaksi. Server dibutuhkan segera karena kapasitas penyimpanan yang ada sudah mencapai batas maksimum. Spesifikasi yang diperlukan adalah prosesor 16 core, RAM 64 GB, dan storage 8 TB RAID. Estimasi harga Rp120.000.000.",Permintaan Pengadaan,Tinggi
"Tim HRD, Saya Citra Dewi Anggraini, Staf Divisi Humas, ingin mengajukan permohonan cuti sakit selama 3 hari kerja mulai Senin, 11 November 2024 berdasarkan anjuran dokter karena demam berdarah yang saya derita. Surat keterangan dokter dari RS Harapan sudah saya lampirkan dalam email ini. Saya sudah menginformasikan kepada rekan satu tim dan atasan saya mengenai kondisi ini serta pekerjaan yang mendesak. HRD memproses pengajuan cuti ini dan mengupdate catatan absensi saya sesuai ketentuan yang berlaku. Terima kasih atas pengertiannya.",Email HR,Sedang
"Email dari Dinda Maharani, Divisi Vendor Relations. Rekap penyedia layanan pelatihan profesional menunjukkan total nilai 42.000.000. Seluruh kegiatan telah selesai dilaksanakan kontrak. invoice diproses dalam jadwal pembayaran berikutnya.",Laporan Keuangan,Sedang
"Tim IT, saya Rossa Apriliani dari Talent Acquisition meminta setup email untuk karyawan baru Putra Maheswara. Karyawan tersebut akan mulai bergabung hari mendatang. Mohon dibuatkan kantor, kalender, dan mailing list sesuai divisinya. Data lengkap karyawan sudah dikirimkan melalui form",Tiket IT,Sedang
"unit Umum mengusulkan pembelian 3 unit dispenser air minum tipe bawah (bottom loading) merk Sharp untuk ditempatkan di ruang tunggu tamu lantai 1 dan ruang istirahat staf. Dispenser yang lama masih menggunakan model galon atas yang menyulitkan petugas kebersihan saat melakukan penggantian air. Estimasi biaya untuk ketiga unit dispenser baru ini adalah Rp 7.500.000. Pengadaan ini bersifat non-urgent namun baik untuk kenyamanan bersama. permohonan dari Yayan Ruhian, Divisi Fasilitas.",Permintaan Pengadaan,Rendah
"rekapitulasi dari Dwi Kartikasari, bagian Pengawasan Aset. Tim menemukan aset produksi dengan nilai buku Rp 166.000.000 yang mengalami kerusakan permanen namun masih tercatat aktif dalam sistem. Kondisi ini menyebabkan nilai aset perusahaan tidak mencerminkan keadaan sebenarnya. Mohon persetujuan untuk proses penyesuaian dan penghapusan aset.",Laporan Keuangan,Tinggi
"Halo rekan HR, ingin mengajukan pembaruan data nomor rekening bank pada sistem payroll perusahaan periode bulan depan. Dikarenakan rekening lama saya di Bank Mandiri akan segera ditutup, saya bermaksud mengalihkan pembayaran gaji ke rekening BRI yang baru. Foto buku beserta surat pernyataan nomor rekening berstempel telah saya lampirkan di bawah ini. Mohon bantuan update datanya. - Nenden Karlina, Divisi Procurement.",Email HR,Rendah
Prosedur recall produk farmasi harus dijalankan ketika ditemukan kontaminasi bahan kimia berbahaya. Seluruh distributor dan apotek rekanan wajib menghentikan penjualan produk tersebut hari ini juga. Produk ditarik kembali ke pabrik pusat untuk dimusnahkan secara aman.,SOP,Tinggi
"Sehubungan dengan ausnya ban pada mobil operasional jenis blind van nomor polisi B 1234 XYZ, kami memerlukan penggantian komponen demi keselamatan berkendara. Kami mengajukan pembelian 4 unit ban mobil merk Bridgestone Ecopia ukuran standar pabrikan. Estimasi biaya pembelian ban baru beserta ongkos pasang, balancing, dan spooring di bengkel rekanan adalah Rp 3.800.000. Kendaraan ini rutin digunakan setiap hari untuk mengantar dokumen antar kantor cabang. Pengajuan oleh wawan Setiawan, Divisi Umum.",Permintaan Pengadaan,Sedang
"Email dari Citra Ayuningtyas, Divisi Sustainability Program. Kami mengajukan anggaran sebesar Rp 44.000.000 untuk kegiatan pengelolaan limbah dan pelatihan lingkungan kerja. Program ini merupakan bagian dari keberlanjutan perusahaan tahun ini. Mohon persetujuan agar implementasi dapat dimulai sesuai jadwal.",Laporan Keuangan,Sedang
"Kepada Yth. Tim K3 dan HRD, saya ingin melaporkan kondisi darurat di area laboratorium kimia lantai dasar di mana terdeteksi adanya kebocoran gas beracun yang baunya mulai menyebar ke ruang administrasi. Seluruh staf di lantai tersebut saat ini sudah kami instruksikan untuk keluar menuju titik kumpul demi keselamatan bersama. dimohon tim HR sesegera mungkin menghentikan absensi sidik jari sementara waktu dan berkoordinasi dengan tim pemadam serta teknisi gedung untuk mengisolasi area kebocoran sebelum jatuh korban jiwa. - Dr. Anwar Fauzi, Divisi Riset dan Pengembangan.",Email HR,Tinggi
Standar seragam kerja untuk staf garis depan bank telah diperbarui dengan desain yang lebih modern. Pengambilan seragam baru dapat dilakukan di bagian logistik dengan membawa kartu tanda pengenal. Seragam lama wajib dikembalikan untuk didaur ulang secara massal.,SOP,Sedang
"Kepada Tim HRD, istri saya saat ini mengalami pendarahan hebat dan harus segera menjalani operasi darurat di rumah karena kehamilan. Oleh karena itu, saya tidak bisa kerja hari ini dan besok demi mendampingi beliau di ruang operasi. Mohon izin dan kebijaksanaannya untuk cuti darurat saya Saya akan surat keterangan dokter dari sakit menyusul setelah situasi mereda. - Aditya Putra, Divisi Analisis Data.",Email HR,Tinggi
"Guna menunjang kenyamanan para staf baru di ruang kubikal, kami memerlukan tambahan furniture kantor yang seragam. Mohon diproses pengadaan unit kursi kerja ergonomis merk Informa dengan sandaran jaring yang nyaman. Estimasi per unit kursi adalah Rp 1.500.000, sehingga total yang diajukan adalah Rp 9.000.000. Pengadaan ini dijadwalkan dapat selesai sebelum akhir bulan ini. Pengajuan oleh Fajar Nugroho, Daya Manusia.",Permintaan Pengadaan,Sedang
"Halo Tim IT, nama saya Wahyu Nugroho, Engineer di Divisi Engineering dan Design. Saya membutuhkan AutoCAD di baru saya dengan asset tag LPT-2024-045 untuk keperluan menggambar desain teknis proyek yang akan dimulai minggu depan. Sebelumnya saya menggunakan laptop lama yang sudah terpasang AutoCAD, kini saya mendapatkan laptop baru hasil pergantian tahunan. Mohon dikoordinasikan juga untuk aktivasi lisensi karena software ini license key dari tim pengadaan. Tidak ada urgensi waktu khusus namun sebaiknya selesai sebelum tanggal 5 bulan ini. Terima kasih, Wahyu Nugroho, Ext. 5506.",Tiket IT,Sedang
"Halo Tim IT, saya Wahyudi dari Divisi Operasional Cabang Bandung. Saya ingin menanyakan prosedur untuk pengajuan penggantian laptop sudah tidak pakai. Laptop saya ini sudah berusia lebih dari 5 tahun, baterai tidak bisa menyimpan daya sama sekali, dan performa sangat lambat bahkan untuk membuka aplikasi sederhana seperti Microsoft Word. Apakah ada formulir khusus yang perlu saya isi, dan siapa yang harus memberikan persetujuan sebelum pengajuan ini bisa diproses oleh Tim Saya tidak terburu-buru ingin memulai proses administrasinya sejak sekarang agar tidak berlarut-larut. Wahyudi Santoso, Branch Operations Coordinator, Ext. 6620.",Tiket IT,Rendah
"Email dari Bayu Prasetya, Divisi Budget Realisasi biaya sewa fasilitas tambahan mencapai Rp 243.000.000 atau 47% di atas anggaran yang tersedia. Pengeluaran tersebut dilakukan untuk memenuhi peningkatan kebutuhan Diperlukan pembahasan terkait revisi alokasi dana pada semester berjalan.",Laporan Keuangan,Tinggi
"Saya, Taufik Hidayat dari Divisi Maintenance, mengajukan pembelian 15 set toolkit teknisi. Setiap paket terdiri dari obeng, tang, multimeter, dan perlengkapan dasar lainnya. Pengadaan dilakukan untuk melengkapi kebutuhan teknisi baru. Estimasi harga Rp1.800.000 per set.",Permintaan Pengadaan,Sedang
"Saya, Dian Puspitasari dari unit SDM, mengajukan pengadaan 5 rak buku untuk ruang perpustakaan pegawai Rak akan digunakan untuk menambah kapasitas penyimpanan koleksi referensi internal. Spesifikasi berupa rak logam lima tingkat. Estimasi harga Rp2.000.000 per unit.",Permintaan Pengadaan,Rendah
"Email dari Tiara Wulandari, Divisi Purchasing Administration. Purchase order yang diterbitkan untuk kebutuhan peralatan kantor memiliki total nilai Rp 96.000.000. Seluruh item telah disetujui oleh unit pengguna. Mohon pencatatan dalam jadwal pengeluaran perusahaan bulan depan.",Laporan Keuangan,Sedang
"Email dari Hendra Kuncoro, Divisi Vendor Management. Rekap tagihan vendor jasa kebersihan dan keamanan menunjukkan total nilai Rp 67.000.000 untuk periode berjalan. Seluruh invoice telah oleh unit pengguna jasa. proses pembayaran sesuai yang berlaku.",Laporan Keuangan,Sedang
"Sore rekan IT. Aplikasi Customer Service di komputer saya sering mengalami lag saat melakukan pencarian nama pelanggan. Saya Wati dari CS melaporkan bahwa ini hanya terjadi di PC saya, sementara teman sebelah saya lancar. Tidak sampai sistemnya mati, tapi cukup menghambat saat melayani komplain pelanggan via telepon. Mohon dicek aplikasinya jika ada waktu luang hari ini.",Tiket IT,Sedang
Setiap pegawai yang berencana untuk menyelenggarakan sesi perayaan ulang tahun kecil di area kantor agar menggunakan waktu makan siang. Kue ulang tahun dapat disimpan sementara di dalam lemari es pantry utama lantai tiga. harap untuk meminimalkan suara berisik yang dapat mengganggu tim di sekitar.,SOP,Rendah
Halo IT. Inbox email saya sudah hampir penuh mencapai ambang batas dari kuota maksimal yang diberikan. Bagaimana ya cara membuat arsip lokal untuk memindahkan email-email lama saya ke komputer? Saya tidak berani menghapus sembarangan karena takut ada dokumen penting yang terbuang. Mohon pencerahannya.,Tiket IT,Rendah
Penarikan buku profil perusahaan untuk dibagikan saat pameran harus dicatat oleh staf marketing administrasi. Sisa buku yang tidak terpakai wajib dikembalikan ke gudang penyimpanan materi promosi hari berikutnya. Buku yang rusak atau sobek tidak boleh disebarkan dan harus diasingkan untuk didaur ulang.,SOP,Rendah
dimohon diproses pengadaan catering makan siang untuk acara rapat koordinasi bulanan seluruh kepala cabang yang akan diadakan minggu depan. Kami membutuhkan paket box nasi lengkap untuk 40 porsi dengan menu tradisional nusantara selama 1 hari pengerjaan. Estimasi total biaya katering ini adalah Rp2.400.000. usulan ini dikirim oleh Sri Wahyuni dari Divisi Sumber Daya Manusia.,Permintaan Pengadaan,Sedang
"Laporan dari Nia Oktaviani, Divisi Accounting Compliance. Ditemukan perbedaan pencatatan utang vendor sebesar Rp 131.000.000 antara sistem pembelian dan buku besar. Selisih tersebut berpotensi memengaruhi akurasi laporan neraca. Tim akuntansi sedang melakukan penelusuran transaksi terkait.",Laporan Keuangan,Tinggi
Saya Guntur Wicaksono dari Divisi Desain mengajukan pengadaan 1 unit printer format besar (plotter) A1 merek HP DesignJet untuk kebutuhan cetak cetak biru proyek bulanan. Saat ini kami harus selalu mengandalkan jasa percetakan luar yang memakan waktu lama dan biaya operasional yang membengkak. Spesifikasi minimal memiliki konektivitas Wi-Fi dan resolusi cetak 2400 dpi. Estimasi harga perangkat ini adalah Rp 32.000.000.,Permintaan Pengadaan,Sedang
"Email dari Tegar Divisi Perencanaan Forecast biaya kuartal berikutnya menunjukkan kebutuhan tambahan dana sebesar Rp 276.000.000 akibat kenaikan tarif layanan eksternal. Tanpa penyesuaian anggaran, beberapa program prioritas berpotensi tertunda. Mohon pembahasan dalam rapat anggaran mendatang.",Laporan Keuangan,Tinggi
"Yth. Tim IT, saya Rossa Apriliani dari bagian Talent Acquisition meminta setup email untuk staf baru bernama Putra Maheswara. Karyawan tersebut akan mulai bergabung pada hari Senin mendatang. Mohon dibuatkan email kantor, akses kalender, dan grup mailing list sesuai divisinya. Data lengkap karyawan sudah dikirimkan melalui form onboarding.",Tiket IT,Sedang
"Kami mengusulkan pengadaan 1 unit lemari arsip besi lipat dengan 4 pintu laci (filling cabinet) untuk menyimpan berkas fisik karyawan yang terus bertambah di ruang HRD. Dokumen penting seperti kontrak kerja dan data rekam medis saat ini sudah melebihi kapasitas penyimpanan yang ada. Estimasi harga untuk lemari besi tahan api ini adalah Rp 3.800.000. Penyimpanan yang rapi akan memudahkan proses audit berkas internal nantinya. Pengajuan dari Maya Indah, Divisi Sumber Daya Manusia.",Permintaan Pengadaan,Sedang
"Papan fisik bergabus ruang hanya boleh ditempeli kegiatan komunitas internal perusahaan, bukan iklan komersial Brosur atau pamflet yang wajib mendapatkan stempel izin kecil dari HRD di pojok kertas. Pengumuman lama akan diturunkan setiap awal bulan.",SOP,Rendah
"Email dari Haris Prasetya, unit Corporate Finance. Arus kas operasional mengalami tekanan akibat meningkatnya kebutuhan modal kerja sebesar Rp 236.000.000. Kondisi ini menyebabkan ruang likuiditas perusahaan semakin terbatas. tolong pembahasan khusus terkait strategi pengelolaan kas jangka pendek.",Laporan Keuangan,Tinggi
"Email dari Aditya Nugroho, bagian Financial Reporting. Dalam proses konsolidasi rekap keuangan akhir kuartal ditemukan koreksi penyusutan aset sebesar Rp 147.000.000 yang belum tercermin pada laporan sebelumnya. Perubahan ini berdampak pada perhitungan laba bersih perusahaan. Mohon seluruh unit terkait melakukan penyesuaian data sebelum batas waktu pelaporan.",Laporan Keuangan,Tinggi
Setiap minta sumbangan atau sponsor dari pihak eksternal harus diarahkan ke departemen CSR perusahaan. Proposal fisik harus dicatat dalam buku besar dan direviu kelayakannya secara bulanan. Bantuan dana hanya akan disalurkan melalui transfer bank langsung ke rekening yayasan resmi.,SOP,Sedang
"Email dari Reza Maulana, Divisi Treasury. Terdapat kewajiban pembayaran pinjaman jangka pendek senilai Rp 500.000.000 yang jatuh tempo dalam tiga hari kerja. Saldo kas yang tersedia saat ini hanya Rp 221.000.000. Mohon keputusan terkait pencairan investasi jangka pendek untuk menjaga likuiditas perusahaan.",Laporan Keuangan,Tinggi
"siang HRD, saya Putri Anggraini Divisi Human Capital Support. Masa kontrak kerja saya akan berakhir pada akhir ini dan saya ingin menanyakan perpanjangan kontrak. Hingga saat ini saya belum menerima informasi resmi terkait evaluasi maupun keputusan lanjutan. arahan mengenai tahapan yang perlu saya ikuti.",Email HR,Sedang
"Laporan dari Vina Salsabila, Divisi Operasional. Rekap dana kas kecil cabang menunjukkan total penggunaan Rp 950.000 untuk kebutuhan administrasi harian. Bukti transaksi telah diarsipkan sesuai prosedur. Mohon dicatat dalam laporan bulanan rutin.",Laporan Keuangan,Rendah
dimohon dibantu pengadaan berkala jasa cleaning service bulanan untuk perawatan karpet kantor seluas 500 meter persegi di lantai 3. Karpet sudah mulai berdebu tebal dan mengeluarkan bau tidak sedap yang berpotensi mengganggu kesehatan pernapasan staf Pengerjaan diharapkan dilakukan pada akhir pekan agar tidak mengganggu jam kerja efektif. Estimasi biaya jasa pencucian karpet ini adalah Rp 7.500.000.,Permintaan Pengadaan,Sedang
"Halo IT Helpdesk, nama saya Kartika Sari, Sekretaris di Divisi Manajemen Eksekutif. Seluruh perangkat presentasi di ruang Boardroom lantai 12 mengalami gangguan teknis mendadak yaitu sistem proyektor tidak bisa menampilkan input dari laptop apapun dan layar hanya menunjukkan pesan No Signal. Rapat Dewan Komisaris yang dipimpin langsung oleh Komisaris Utama akan dimulai dalam 45 menit dan presentasi laporan tahunan adalah agenda utama yang tidak bisa dilakukan tanpa perangkat tersebut. Teknisi AV rutin kami sedang cuti hari ini dan tidak ada yang tahu cara menangani perangkat tersebut selain Tim IT. Mohon segera kirim teknisi yang berpengalaman dengan perangkat AV ke ruang Boardroom lantai 12 sekarang juga. Ini adalah prioritas tertinggi dari pimpinan. Kartika Sari, Executive Secretary, Ext. 1001, HP 0857-0011-2233.",Tiket IT,Tinggi
"Halo rekan HR, saya ingin mengajukan pembaruan data nomor rekening bank pada sistem payroll perusahaan untuk periode bulan depan. Dikarenakan rekening lama saya di Bank Mandiri akan sesegera mungkin ditutup, saya bermaksud mengalihkan pembayaran gaji ke rekening Bank BRI yang baru. Foto buku tabungan beserta surat pernyataan perubahan nomor rekening berstempel telah saya lampirkan di bawah ini. minta bantuan update datanya. - Nenden Karlina, Divisi Procurement.",Email HR,Rendah
"Selamat pagi Tim IT, saya Putri Amelia dari unit Marketing membutuhkan instalasi Adobe Acrobat Pro di komputer kerja. Software tersebut diperlukan untuk mengedit materi proposal dan menggabungkan dokumen PDF. Kebutuhan ini tidak terlalu mendesak, tetapi akan digunakan untuk persiapan kampanye bulan depan. Mohon dibantu instalasi saat jadwal tim IT tersedia.",Tiket IT,Sedang
Mohon diproses pengadaan catering makan siang untuk acara rapat koordinasi bulanan seluruh kepala cabang yang akan diadakan minggu depan. Kami membutuhkan paket box nasi lengkap untuk 40 porsi dengan menu tradisional nusantara selama 1 hari pengerjaan. Estimasi total biaya katering ini adalah Rp2.400.000. Pengajuan ini dikirim oleh Sri Wahyuni dari Divisi Sumber Daya Manusia.,Permintaan Pengadaan,Sedang
Pengelolaan sisa buangan botol kaca bekas sirup atau madu di dapur area makan staf dipisahkan pada tempat sampah goni khusus berwarna putih. Pengangkutan wadah khusus kaca ini menuju tempat pembuangan akhir di belakang gedung dilakukan mingguan pada hari Sabtu pagi. Petugas dilarang membuangnya langsung dari atas dengan dilempar agar pecahan kacanya tidak mencelakai kaki siapa saja yang melintas.,SOP,Rendah
"Email dari Heru Setiawan, Divisi Perencanaan Keuangan. Analisis realisasi anggaran semester pertama menunjukkan kelebihan penggunaan dana sebesar Rp 213.000.000 pada beberapa program strategis. Selisih tersebut terutama berasal dari biaya implementasi sistem baru yang tidak diperkirakan sebelumnya. Mohon dilakukan pembahasan khusus sebelum penyusunan revisi anggaran semester kedua.",Laporan Keuangan,Tinggi
"Saya, Hendra Gunawan dari unit Teknologi Informasi, mengajukan pengadaan 20 lisensi software antivirus. Lisensi yang dibutuhkan berlaku selama satu tahun dengan fitur proteksi endpoint. Estimasi biaya Rp500.000 per lisensi. Pengadaan dilakukan untuk menjaga keamanan perangkat perusahaan.",Permintaan Pengadaan,Sedang
"Halo Tim IT, saya Nita Rosdiana dari Divisi Admin Sales ingin bertanya cara membuat rule otomatis di Outlook. Saya ingin email dari pelanggan tertentu langsung masuk ke folder khusus agar lebih mudah dipantau. Saat ini email masih berjalan normal dan tidak ada gangguan. Mohon dikirimkan panduan sederhana jika tersedia.",Tiket IT,Rendah
"Laporan dari Dimas Kurniawan, Divisi Logistik Gudang. Pengeluaran untuk kebutuhan material pengemasan peralatan gudang mencapai 15.300.000 selama periode berjalan. Seluruh pembelian dilakukan sesuai kebutuhan operasional. Bukti transaksi telah diarsipkan untuk keperluan audit.",Laporan Keuangan,Sedang
"Halo Tim IT, saya Intan Divisi Tax membutuhkan akses ke aplikasi pelaporan pajak internal. Saya baru ditugaskan membantu proses rekonsiliasi belum memiliki akun pada aplikasi tersebut. Saat pekerjaan masih bisa dibantu rekan lain, tetapi akses pribadi diperlukan pencatatan lebih rapi. Mohon dibuatkan dengan hak akses sesuai peran staf pajak.",Tiket IT,Sedang
"Saya, Arif Setiawan dari Divisi Quality mengajukan pengadaan 2 unit proyektor full HD kecerahan minimal 4.000 Proyektor yang digunakan audit mengalami kerusakan permanen. Kebutuhan ini mendesak karena agenda audit akan berlangsung minggu depan. Estimasi harga Rp12.000.000 per",Permintaan Pengadaan,Tinggi
"Kepada tim HRD, saya Nisa Khairunnisa dari Divisi Layanan Pelanggan. Saya baru pindah alamat tempat tinggal dan ingin memperbarui data domisili pada sistem perusahaan. Saya juga ingin memastikan apakah perubahan tersebut memerlukan dokumen pendukung tertentu. Mohon arahan lebih lanjut.",Email HR,Rendah
Halo rekan-rekan IT. Mesin scanner barcode di area loading dock tidak terhubung ke sistem inventory. Saya Hendra dari departemen Produksi melaporkan bahwa antrean barang masuk sudah menumpuk parah. Operasional gudang benar-benar terhenti karena kami tidak bisa melakukan input manual. dimohon prioritas tertingginya untuk memperbaiki koneksi alat ini.,Tiket IT,Tinggi
"Halo Helpdesk IT. Scroll wheel di mouse wireless saya kadang-kadang kurang responsif saat digunakan untuk membaca dokumen panjang. Belum pekerjaan sih, tapi mungkin sudah waktunya diganti karena usianya sudah lebih dari dua tahun. Jika ada stok mouse nganggur di ruangan IT, boleh tolong disisihkan untuk divisi",Tiket IT,Rendah
"Kami mengusulkan pengadaan furniture tambahan berupa 2 unit lemari arsip besi pintu geser merk Lion untuk dipasang di ruang akuntansi. Lemari yang ada saat ini sudah penuh terisi oleh dokumen perpajakan lima tahun terakhir, sehingga berkas baru mulai menumpuk di meja kerja. Estimasi harga untuk kedua unit lemari arsip anti-rayap ini adalah sebesar Rp 5.600.000. Diharapkan pengadaan barang dapat direalisasikan bulan ini. permintaan oleh Sri Mulyani, unit Akuntansi.",Permintaan Pengadaan,Sedang
"Selamat siang, saya Yoga Firmansyah dari Divisi Operasional ingin meminta instalasi aplikasi scanner dokumen di administrasi. Scanner sudah USB, tetapi komputer belum memiliki driver yang sesuai. Dokumen biasanya perlu dipindai setiap sore untuk arsip digital. Mohon bantuan instalasi driver dan pengecekan fungsi scan.",Tiket IT,Sedang
"Selamat pagi rekan-rekan HR. Saya ingin bertanya mengenai program benefit keanggotaan gym korporat yang bekerja sama dengan perusahaan kita. Apakah fasilitas diskon tersebut juga berlaku untuk anggota keluarga inti pegawai ataukah hanya terbatas untuk pegawai yang bersangkutan saja? Mohon informasi detail atau brosur ketentuannya jika ada yang bisa dibagikan kepada kami. Terima kasih banyak. - Anisa Fitri, Divisi Pemasaran.",Email HR,Rendah
"Halo rekan HR, saya ingin mengajukan pengaduan terkait insiden kecelakaan kerja yang dialami oleh salah satu tim saya, Kevin, di area gudang siang ini. Kaki beliau tertimpa palet kayu dan saat ini sudah dilarikan ke rumah sakit terdekat untuk penanganan medis. dimohon petunjuk mengenai pengurusan klaim BPJS Ketenagakerjaan untuk insiden ini karena kondisinya cukup parah. Saya tunggu arahannya cepat - Agus Wijaya, Divisi Logistik.",Email HR,Tinggi
Selamat pagi IT. Saya Budi dari divisi Finance tidak bisa login sistem SAP sama sejak tadi pagi. Padahal hari ada penutupan laporan keuangan bulanan. Selalu muncul pesan error Authentication Failed setiap kali saya masukkan password. Mohon segera dibantu agar saya bisa menyelesaikan laporan ini tepat waktu.,Tiket IT,Tinggi
"Halo rekan HR, saya ingin mengajukan pembaruan data status pernikahan pada sistem database kepegawaian (HRIS) perusahaan karena saya baru saja melangsungkan pernikahan resmi minggu lalu. Dokumen pendukung berupa salinan Buku Nikah dari KUA dan Kartu Keluarga terbaru sudah saya unggah langsung ke portal mandiri staf dimohon diverifikasi oleh admin HR agar status tunjangan keluarga dan insentif terkait dapat disesuaikan pada periode berikutnya. - Ari Wibowo, Divisi Tax Compliance.",Email HR,Rendah
"Halo IT Helpdesk, saya Toni Firmansyah dari departemen Finance Controlling. Saya memerlukan akses ke sistem aplikasi konsolidasi keuangan HFM (Hyperion Financial Management) yang baru saja diimplementasikan oleh perusahaan. Posisi baru saya sebagai Financial Controller Regional memang memerlukan akses ke sistem tersebut dan atasan saya Ibu Sri Wahyuni selaku VP Finance sudah menyetujui permintaan ini melalui email yang sudah di-CC ke IT Helpdesk. tolong juga dibuatkan akun dengan role Consolidation Preparer sesuai yang diminta atasan, bukan hanya akses view-only. Saya siap mengikuti sesi orientasi singkat penggunaan sistem HFM jika diperlukan sebelum akses diberikan. Toni Firmansyah, Financial Controller Regional, Ext. 2245.",Tiket IT,Sedang
Saya Guntur Wicaksono dari bagian Desain mengajukan pengadaan 1 unit printer format besar (plotter) A1 merek HP DesignJet untuk kebutuhan cetak cetak biru proyek bulanan. Saat ini kami harus selalu mengandalkan jasa percetakan luar yang memakan waktu lama dan biaya operasional yang membengkak. Spesifikasi minimal memiliki konektivitas Wi-Fi dan resolusi cetak 2400 dpi. Estimasi harga perangkat ini adalah Rp 32.000.000.,Permintaan Pengadaan,Sedang
"Email dari Chandra Saputro, Divisi Gudang. Biaya rutin pembelian perlengkapan kebersihan gudang selama minggu ini mencapai Rp 1.600.000. Pengeluaran masih berada dalam batas yang ditentukan perusahaan. Laporan ini disampaikan untuk keperluan dokumentasi bulanan.",Laporan Keuangan,Rendah
"Halo IT Support. Saya Dian dari Audit Internal membutuhkan akses VPN untuk bekerja dari rumah sesekali. Sesuai kebijakan baru, staf level supervisor sudah berhak mendapatkan akses remote ini. Formulir persetujuan yang sudah ditandatangani Kepala Departemen terlampir. tolong diproses dan kirimkan panduan instalasinya ke email saya.",Tiket IT,Sedang
"Selamat siang Ibu Citra, perihal email keputusan PHK massal yang saya terima tadi pagi, saya mengajukan keberatan keras atas nominal perhitungan pesangon yang tertera. Masa kerja saya yang sudah mencapai 8 tahun tidak diperhitungkan secara utuh, dan hak penggantian cuti tahunan yang belum gugur juga tidak dicantumkan dalam lembar rincian. Saya menolak menandatangani surat persetujuan tersebut sebelum dilakukan mediasi ulang bersama HRD. Saya tunggu konfirmasi jadwal pertemuan resmi kita besok. - Guntur Saputra, Divisi IT Infrastructure.",Email HR,Tinggi
"Laporan dari Ayesha Maharani, Divisi Akuntansi Persediaan. Hasil stock opname menunjukkan barang usang dengan nilai buku Rp 124.000.000 yang belum dicadangkan dalam laporan keuangan. Kondisi ini dapat menyebabkan nilai aset persediaan menjadi terlalu tinggi. penyesuaian pencatatan sebelum periode pelaporan berakhir.",Laporan Keuangan,Tinggi
"Kepada Tim HRD, Saya Wahyu Prasetyo dari Divisi Logistik bermaksud menanyakan status perpanjangan kontrak kerja saya yang akan berakhir pada 31 Desember 2024. Saya sudah bekerja selama 2 tahun di perusahaan ini dengan status karyawan kontrak dan belum menerima informasi apapun mengenai kelanjutan kontrak saya. Kepastian ini penting bagi perencanaan keuangan dan karier saya ke depannya. Apakah ada persyaratan atau evaluasi tertentu yang perlu saya penuhi untuk proses perpanjangan ini? Mohon informasinya sebelum akhir November agar saya punya waktu yang cukup untuk mempersiapkan segala sesuatunya.",Email HR,Sedang
"Kami pengadaan 8 unit meja kerja kubikal modular untuk penataan ulang ruang tim pemasaran digital yang baru saja mengalami perluasan struktur organisasi. Meja bermodel sekat minimalis ini dipilih agar dapat mengoptimalkan keterbatasan luas ruangan di lantai 3 kantor Estimasi anggaran untuk kantor baru ini adalah Rp Pengerjaan instalasi meja diharapkan dapat dijadwalkan pada akhir pekan ini. Pengajuan dari Fajar Nugroho, Divisi Pemasaran Digital.",Permintaan Pengadaan,Sedang
"Kami mengajukan pengadaan stok jangka panjang berupa 40 buah flashdisk SanDisk Ultra 64GB USB 3.0 sebagai persediaan inventaris kantor dan kebutuhan pembagian materi seminar bagi peserta pelatihan eksternal perusahaan. Persediaan media penyimpanan portabel di gudang GA saat ini telah habis total karena tingginya intensitas event promosi sepanjang semester lalu. Estimasi anggaran untuk pembelian grosir media digital ini adalah Rp 3.600.000. Pengajuan dari Adi Nugraha, Divisi Logistik Internal.",Permintaan Pengadaan,Rendah
"Kami memerlukan pengadaan 10 unit meja kerja kubikal standar untuk penataan ulang ruang kerja tim pemasaran digital yang baru dibentuk. Meja yang dipilih bermodel sekat minimalis agar memaksimalkan pemanfaatan ruang yang terbatas di lantai 2. Estimasi total dana untuk pengadaan furniture ini adalah Rp 20.000.000. Pengerjaan diharapkan selesai dalam waktu dua minggu ke depan. usulan dari Fajar Nugroho, Divisi Pemasaran Digital.",Permintaan Pengadaan,Sedang
Kotak pengumpulan saran dari pelanggan yang terpasang di area ruang tunggu kantor cabang harus dibuka petugas CS setiap hari Rabu pagi. Kertas saran tersebut dikumpulkan dan diserahkan ke meja manajer cabang untuk dibaca sekilas. Saran yang tergolong keluhan standar operasional akan langsung dibahas di acara taklimat harian singkat cabang.,SOP,Rendah
Pemisahan antara tempat ibadah staf operasional wanita dan laki-laki pada mushola gedung barat kini telah diberikan garis pembatas kayu portabel di bagian tengah ruangan. Karyawan yang baru selesai merapikan saf diminta menggulung sajadahnya masing-masing jika jamaah sesi siang telah beranjak sepi. Rak sandal bagian luar agar dimanfaatkan dengan baik demi menjaga kesucian lantai teras utama tempat masuk ibadah harian ini.,SOP,Rendah
"Laporan dari Firmansyah, Divisi Internal Audit. Ditemukan ketidaksesuaian nilai aset inventaris sebesar Rp 116.000.000 antara hasil stock opname dan catatan Selisih ini berpotensi memengaruhi akurasi laporan aset perusahaan. Verifikasi fisik lanjutan telah minggu ini.",Laporan Keuangan,Tinggi
"Mobil van operasional yang biasa digunakan untuk mengantar dokumen logistik antar-cabang mengalami kerusakan mesin parah dan harus turun mesin bengkel. Guna mencegah mandeknya distribusi penting, kami memerlukan sewa unit mobil operasional 2 minggu ke depan. Estimasi biaya sewa darurat ini adalah Rp 7.000.000 pengemudi. Mohon persetujuannya segera demi kelancaran rantai pasok internal. Pengajuan dari Santoso, Divisi Logistik.",Permintaan Pengadaan,Tinggi
"dengan ausnya pada mobil operasional jenis blind van nomor polisi B 1234 XYZ, kami memerlukan penggantian komponen demi keselamatan berkendara. Kami mengajukan pembelian 4 unit ban mobil merk Ecopia ukuran pabrikan. Estimasi biaya pembelian ban baru ongkos pasang, balancing, dan spooring di bengkel rekanan adalah Rp 3.800.000. Kendaraan ini rutin digunakan setiap hari untuk mengantar dokumen antar kantor cabang. Pengajuan oleh wawan Setiawan, Divisi Umum.",Permintaan Pengadaan,Sedang
"Saya, Tika Amelia dari bagian Administrasi, mengajukan pengadaan tambahan 100 rim kertas A4 sebagai stok cadangan. Spesifikasi kertas 80 gram berkualitas tinggi. Estimasi harga per rim Rp65.000. Pengadaan dilakukan untuk menjaga ketersediaan persediaan dalam jangka panjang.",Permintaan Pengadaan,Rendah
Semua payung basah yang dibawa oleh tenaga kerja di saat musim hujan harus diletakkan pada rak payung di lobi lantai dasar. Dilarang keras membawa payung yang masih meneteskan air memasuki area karpet ruang kerja. Payung pribadi dapat diambil kembali pada sore hari sewaktu perjalanan pulang.,SOP,Rendah
Siang Tim IT. Perusahaan kita baru saja beralih menggunakan Microsoft Teams untuk komunikasi internal bulanan. Boleh minta tolong dikirimkan modul atau panduan cara membuat breakout room di Teams? Saya ingin mempelajarinya untuk persiapan meeting divisi bulan depan agar lebih lancar. Terima kasih banyak.,Tiket IT,Rendah
"Yth. Tim IT, saya Mira Kartika dari Divisi Billing tidak dapat membuka aplikasi penagihan sejak pukul 08.00. Setelah login, halaman hanya menampilkan layar putih dan tidak ada menu yang bisa diakses. Hari ini tim kami harus menerbitkan tagihan bulanan untuk beberapa pelanggan besar sebelum pukul 12.00. Mohon segera dilakukan pengecekan karena proses billing tertahan sepenuhnya.",Tiket IT,Tinggi
"Yth. Tim IT, saya Nadia Putri dari unit Procurement tidak bisa membuka email kantor sejak pagi. Aplikasi Outlook meminta password berulang kali dan versi webmail juga menolak login. Saya sedang menunggu konfirmasi vendor untuk tender yang harus dikirim hari ini. tolong bantuan reset password atau pengecekan akun secepatnya.",Tiket IT,Tinggi
"Selamat pagi Tim IT, saya Anisa Putri dari bagian Customer Success ingin meminta pemasangan aplikasi antivirus terbaru di PC tim baru. Laptop sudah digunakan untuk onboarding, tetapi belum terlihat ikon antivirus di taskbar. Kami ingin memastikan perangkat aman sebelum digunakan untuk akses data pelanggan. Mohon dilakukan pengecekan dan instalasi jika memang belum terpasang.",Tiket IT,Sedang
"Mulai kuartal depan, perusahaan akan mengimplementasikan perangkat lunak baru untuk manajemen proyek. Setiap ketua tim diharapkan secepatnya mempelajari modul panduan yang telah disediakan. Sesi sosialisasi dan pelatihan akan diselenggarakan oleh departemen IT bulan ini.",SOP,Sedang
"Email dari Aditya Nugroho, Divisi Financial Reporting. Dalam proses konsolidasi laporan keuangan akhir kuartal ditemukan koreksi penyusutan aset sebesar Rp 147.000.000 yang belum tercermin pada laporan sebelumnya. Perubahan ini berdampak pada perhitungan laba bersih perusahaan. Mohon seluruh unit terkait melakukan penyesuaian data sebelum batas waktu pelaporan.",Laporan Keuangan,Tinggi
"Email dari Nadia Lestari, bagian Corporate Affairs. Kami mengajukan dana sebesar Rp 46.000.000 untuk kegiatan sosialisasi program keberlanjutan perusahaan. Dana akan digunakan untuk materi komunikasi, dokumentasi, dan penyelenggaraan acara. Mohon pertimbangan sesuai rencana kerja tahun ini.",Laporan Keuangan,Sedang
Penghancuran karet perusahaan yang memuat logo divisi lama wajib diserahkan pengurusannya langsung kepada departemen pengadaan untuk menghindari penyalahgunaan. Stempel lama tersebut akan dihancurkan dengan cara diiris bagian karet sehingga lagi dipakai mengecap kertas Proses ini cukup oleh satu perwakilan sekretaris divisi asal yang kemudian menandatangani formulir berita acara singkat.,SOP,Rendah
"Kami membutuhkan pengadaan 2 Projector Epson EB-FH52 dengan tingkat kecerahan 4000 lumens untuk dipasang di ruang rapat direksi utama. Projector lama redup dan bergaris, mengganggu jalannya presentasi laporan keuangan kuartalan di depan komisaris besok pagi. Estimasi anggaran untuk pembelian projector adalah Rp28.000.000. Permintaan diajukan oleh Rinaawati dari Divisi Sekretariat Perusahaan.",Permintaan Pengadaan,Tinggi
AC sentral di ruang server utama lantai 3 mengalami kerusakan total sejak kemarin malam yang menyebabkan suhu ruangan melonjak drastis. Kami membutuhkan penggantian mendesak berupa 2 unit AC Standing Daikin 5 PK agar server tidak mengalami overheat dan down. Estimasi biaya untuk unit dan instalasi adalah Rp60.000.000. Pengajuan darurat ini dikirim oleh Andi Wijaya dari Divisi Fasilitas dan Umum.,Permintaan Pengadaan,Tinggi
"Tim IT, Rangga Saputra Divisi Operasional ingin apakah laptop kantor boleh menggunakan mouse wireless pribadi. Saya ingin memastikan perangkat tersebut tidak melanggar keamanan perusahaan. Saat ini tidak ada kendala pekerjaan yang membutuhkan penanganan Mohon arahan mengenai aturan penggunaan perangkat tambahan.",Tiket IT,Rendah
"Indra Lesmana dari Divisi Fasilitas mengajukan pengadaan penggantian 5 unit AC Split 1.5 PK merek Daikin untuk ruang kerja tim finansial. Unit yang terpasang sekarang sudah berumur di atas 7 tahun, sering mengalami kebocoran freon, dan konsumsi listriknya sangat boros. merekomendasikan varian inverter agar lebih hemat energi panjang. Estimasi total anggaran beserta pemasangan adalah Rp 27.500.000.",Permintaan Pengadaan,Sedang
Standar penamaan file presentasi untuk rapat direksi kini wajib menggunakan format tanggal tahun dan nama divisi. 20260602_Marketing_Q1_Report.pptx untuk memudahkan pencarian server cloud. File yang tidak mengikuti standar penamaan ini akan ditolak oleh staf sekretariat direksi.,SOP,Sedang
"Laporan dari Andika Pratama, Divisi Service Center. Total biaya operasional pusat layanan pelanggan sebesar Rp 29.400.000 pada periode berjalan. Pengeluaran mencakup perangkat kerja, komunikasi, dan kebutuhan pendukung layanan. Tidak ditemukan penyimpangan dari anggaran.",Laporan Keuangan,Sedang
"Saya Mahdi Wijaya dari Divisi HSE mengajukan pengadaan 15 unit tabung Pemadam Api Ringan (APAR) jenis Powder kapasitas 4,5 kg untuk pembaruan fasilitas keselamatan gedung. Tabung APAR terpasang di barat sudah memasuki masa kedaluwarsa media pemadamnya dan beberapa tabung mengalami tekanan jarum indikator. Estimasi biaya pengadaan unit baru ini adalah Rp 9.750.000.",Permintaan Pengadaan,Sedang
"Dalam rangka peningkatan kapasitas penyimpanan data backup perusahaan, departemen IT membutuhkan penambahan perangkat penyimpanan jaringan. Kami mengajukan pengadaan 1 unit NAS Synology 4-Bay beserta 4 unit harddisk khusus server Seagate IronWolf masing-masing berkapasitas 4TB. Estimasi total alokasi untuk pengadaan hardware backup ini adalah Rp 19.500.000. Pengadaan ini merupakan bagian dari pemeliharaan rutin sistem keamanan data tahunan. Pengajuan oleh Irfan Hakim, Divisi Teknologi Informasi.",Permintaan Pengadaan,Sedang
"Yth. Tim IT, saya Gita Oktavia dari Divisi Office Management ingin menanyakan prosedur pemesanan HDMI untuk ruang rapat Kabel yang ada masih bisa digunakan, tetapi kondisinya mulai longgar saat dipasang ke laptop. Kami ingin mengajukan penggantian sebelum benar-benar rusak. Mohon apakah pengajuan dilakukan melalui IT atau General Affairs.",Tiket IT,Rendah
"Yth. Tim IT, saya Darmawan dari Divisi Teknik ingin meminta pengecekan antivirus pada komputer lab. Antivirus menampilkan bahwa file dikarantina, tetapi tidak ada penjelasan detail. Komputer masih digunakan, namun kami khawatir ada risiko keamanan pada hasil pengujian. dilakukan pemeriksaan dan pembaruan",Tiket IT,Sedang
"Yth. Ibu HRD Manager, Saya Dodi Firmansyah, Teknisi Senior di departemen Pemeliharaan, ingin melaporkan insiden serius yang hampir menelan korban jiwa akibat kelalaian penyediaan APD (Alat Pelindung Diri) di area kerja kami. Pada tanggal 5 November 2024 rekan saya terkena percikan bahan kimia di bagian mata karena kacamata pelindung yang sudah rusak tidak secepatnya diganti meski sudah diajukan permintaannya 3 minggu lalu. Rekan saya kini dalam perawatan dokter dan ada kemungkinan gangguan penglihatan jangka panjang. Ini bukan pertama kalinya permintaan APD diabaikan oleh bagian pengadaan dan kondisi ini merupakan ancaman nyata bagi keselamatan seluruh tim teknisi. Saya meminta HRD berkoordinasi segera dengan manajemen untuk memastikan seluruh APD kami diganti dan ada prosedur darurat yang lebih responsif.",Email HR,Tinggi
"Daftar hadir absensi ceklis penjaga malam gudang logistik pabrik ditandai lewat pemindaian cip elektronik tertanam pada bagian belakang papan logo lencana pengenal saku baju rompinya dengan dihadapkan mesin pemindai gerbang pos utara saat jadwal patroli keliling dua kali sejam. Apabila saat berkeliling pos ada alat cip absen elektronik rusak tak terpindai di tiang ujung batas pagar tembok bangunan, petugas sesegera mungkin menuliskan kronologi kecil manual di kertas catat tembusan kuning dan dibubuhkan stempel absensi tinta tangan dari pos satpam pos penjagaan gerbang utama satu saja. Semua rekaman pindai sidik rute jam keliling itu digunakan sebagai perhitungan sah angka akumulasi pembayaran jam uang lembur uang makan harian tambahan akhir pekan petugas yang selalu tuntas direkap staf HRD kompensasi per bulannya tanpa putus keliru perhitungan transfer nantinya.",SOP,Rendah
"Kendaraan operasional tangki air milik pabrik mengalami patah as roda saat melakukan dan bisa diperbaiki dalam waktu singkat. Kami memerlukan jasa sewa 1 unit air kapasitas 5000 liter selama 7 hari ke depan untuk menyuplai area produksi yang kritis. Estimasi biaya sewa darurat ini adalah Rp untuk total durasi sewa. Tanpa suplai air ini, proses produksi harian terancam dihentikan sementara. Pengajuan oleh Budi Santoso, Divisi Operasional Pabrik.",Permintaan Pengadaan,Tinggi
"Kepada Tim HRD, istri saya saat ini mendadak mengalami pendarahan hebat dan harus secepatnya menjalani operasi darurat di rumah sakit karena komplikasi kehamilan. Oleh karena itu, saya tidak bisa masuk kerja hari ini dan besok demi mendampingi beliau di ruang operasi. minta izin dan kebijaksanaannya untuk memproses cuti darurat saya ini. Saya akan mengirimkan surat keterangan dokter dari rumah sakit menyusul setelah situasi mereda. - Aditya Putra, Divisi Analisis Data.",Email HR,Tinggi
Perawatan rutin untuk tanaman hias di setiap sudut ruang kerja adalah tanggung jawab vendor penata taman bulanan. Karyawan tidak perlu menyiram tanaman tersebut secara mandiri karena dapat merusak takaran airnya. Jangan membuang sisa minuman ke dalam pot tanaman di dalam ruangan.,SOP,Rendah
"Yth. HRD, saya Aditya Permana dari Divisi Teknik. Saya ingin mengetahui prosedur pengajuan surat pengalaman kerja apabila suatu saat dibutuhkan untuk keperluan administrasi profesional. Saat ini ingin memahami proses dan persyaratannya. Mohon informasi yang dijadikan referensi.",Email HR,Rendah
"Tim IT, saya Putri Meilani dari Divisi Akuntansi. Laptop saya dengan asset tag LPT-2022-078 tiba-tiba tidak masuk ke Windows dan hanya menampilkan layar hitam dengan kursor berkedip setelah proses Sudah saya coba cabut dan pasang kembali baterai serta charger namun kondisinya tetap sama dan tidak ada perubahan sama sekali. Hari ini adalah batas akhir rekonsiliasi bulanan yang harus dikirim ke pusat dan semua file tersimpan di laptop tersebut tanpa di tempat lain. Mohon kirimkan teknisi ke meja saya di lantai 3 ruang Akuntansi nomor meja AC-14 sebelum pukul 09.30 WIB dan jika memungkinkan bawa laptop pinjaman Putri Meilani, Finance Accounting 3301, HP 0878-4455-6677.",Tiket IT,Tinggi
"Kepada Tim HRD, Saya Rina Marlina dari Divisi Sales ingin melaporkan dugaan diskriminasi dalam proses promosi jabatan internal bulan lalu. Saya memiliki KPI tertinggi di tim selama 3 kuartal berturut-turut namun posisi Team Leader justru diberikan kepada rekan yang bergabung lebih baru dengan performa rata-rata. Ketika saya meminta penjelasan kepada manajer, jawabannya tidak didasarkan pada kriteria yang tercantum dalam SOP promosi internal perusahaan. Saya khawatir keputusan ini dipengaruhi oleh faktor subjektif yang tidak berkaitan dengan kinerja profesional. Mohon HRD melakukan review independen dan memberikan penjelasan tertulis atas dasar keputusan tersebut.",Email HR,Tinggi
Pemotongan dana kas iuran sukarela duka cita antarkaryawan kini tidak lagi ditagih secara tunai satu per satu berkeliling divisi. Sistem potong nominal donasi akan langsung dikoordinasikan secara kolektif dari dompet digital ke perwakilan grup sosial kantor. Karyawan yang ingin menyumbang langsung dapat memindai kode QR yang dibagikan melalui kanal grup percakapan internal harian.,SOP,Rendah
"Saya, Wahyu Hidayat dari bagian Gudang, mengajukan pengadaan 10 unit hand pallet untuk mendukung aktivitas pemindahan barang. Peralatan yang ada masih dapat digunakan namun jumlahnya tidak mencukupi. Kapasitas yang dibutuhkan adalah 2 ton per unit. Estimasi harga Rp4.000.000 per unit.",Permintaan Pengadaan,Sedang
"Saya, Fitri Handayani dari bagian Keuangan, mengajukan pengadaan 6 unit perangkat untuk staf baru. Spesifikasi yang dibutuhkan adalah Intel Core i5, RAM 8 GB, dan SSD 512 GB. Pengadaan ini merupakan bagian dari kebutuhan operasional tahunan. Estimasi harga Rp11.000.000 per unit.",Permintaan Pengadaan,Sedang
Sistem presensi sidik jari kini digantikan dengan aplikasi pengenalan wajah di telepon pintar karyawan. Presensi hanya bisa dilakukan jika berada dalam radius lima puluh dari gedung kantor. Karyawan lapangan wajib menggunakan fitur geotagging pada aplikasi tersebut.,SOP,Sedang
Mohon diproses pengadaan catering makan siang acara rapat koordinasi bulanan seluruh kepala cabang yang akan diadakan depan. membutuhkan paket box nasi untuk 40 porsi dengan menu nusantara selama 1 hari pengerjaan. Estimasi total biaya katering ini adalah Rp2.400.000. Pengajuan ini dikirim oleh Sri Wahyuni dari Divisi Daya,Permintaan Pengadaan,Sedang
Kegagalan kelistrikan utama rumah sakit langsung diikuti generator cadangan. Teknisi listrik wajib memastikan daya tersalurkan ke ruang operasi dan dalam waktu sepuluh detik. daya darurat harus setiap jam hingga listrik utama pulih.,SOP,Tinggi
"Selamat Tolong segera reset password untuk akun Windows Saya Ratna dari Legal sedang berada di pengadilan dan butuh dokumen penting di laptop, tapi tiba-tiba saya terkunci karena salah pin. Sidang akan 15 menit lagi. Mohon segera dikirimkan password sementaranya ke nomor telepon saya.",Tiket IT,Tinggi
"Laporan dari Bagus Wiratama, Divisi Warehouse Support. Dana kas kecil digunakan sebesar Rp 820.000 untuk pembelian alat penanda rak dan perlengkapan administrasi gudang. Seluruh transaksi telah dicatat dalam laporan harian. Tidak ditemukan penggunaan dana di luar kebutuhan operasional.",Laporan Keuangan,Rendah
"Selamat siang IT Support. Bisakah tolong dicek spesifikasi memori di laptop yang sedang saya gunakan sekarang? Saya merasa akhir-akhir ini performanya agak lambat saat membuka banyak tab browser internet. Jika memungkinkan, saya ingin tahu apakah masih ada slot kosong untuk tambah memori ke depannya. Salam hangat dari Rio.",Tiket IT,Rendah
"Email dari Reni Kusumawati, bagian Finance Operation. Total piutang yang telah melewati jatuh tempo mencapai Rp 412.000.000. Keterlambatan pembayaran pelanggan mulai memengaruhi perencanaan arus kas bulanan. minta dukungan dari tim penagihan untuk mempercepat proses koleksi.",Laporan Keuangan,Tinggi
"rekapitulasi dari Putra Wijaya, departemen Treasury. Terdapat penurunan saldo investasi jangka pendek sebesar Rp 139.000.000 akibat pencairan untuk kebutuhan operasional mendesak. Jika tren ini berlanjut, cadangan likuiditas perusahaan akan berada di bawah batas minimum. Mohon arahan terkait strategi pendanaan.",Laporan Keuangan,Tinggi
"Saya, Fajar Nugroho dari departemen Logistik, mengajukan pengadaan 1 unit kendaraan operasional jenis van. Kendaraan diperlukan untuk distribusi barang ke pelanggan dan cabang. Estimasi harga kendaraan Rp320.000.000. Armada yang ada sedang mengalami kerusakan berat sehingga distribusi terhambat.",Permintaan Pengadaan,Tinggi
"Kepada Tim IT, saya Rizky Firmansyah, Business Development Executive yang baru bergabung bulan lalu. Saya sering harus bekerja dari luar kantor untuk menemui klien dan memerlukan akses VPN agar bisa terhubung ke sistem internal perusahaan saat WFH maupun dalam perjalanan bisnis. Hingga saat ini saya belum memiliki akses VPN sama sekali dan hanya bisa bekerja penuh ketika berada di kantor secara langsung. Mohon bantu saya untuk mendapatkan instalasi dan konfigurasi VPN client di laptop saya sesuai prosedur yang berlaku. Saya bersedia hadir ke IT Helpdesk kapan saja sesuai jadwal yang tersedia. Rizky Firmansyah, Divisi Business Development, Ext. 7710.",Tiket IT,Sedang
"Selamat Tim IT, saya Yuni Astuti dari HR Department. Kami akan menerima 2 karyawan baru di posisi Senior Manager yang akan bekerja pada tanggal 15 Juni Mohon disiapkan workstation lengkap untuk masing-masing karyawan meliputi laptop, monitor eksternal, keyboard, mouse, akun email perusahaan, akses sistem ERP, dan akses ke shared folder departemen terkait. Karyawan pertama ditempatkan di Divisi Finance lantai meja F-12 dan karyawan kedua di Divisi Operations lantai 6 meja O-08. Detail nama lengkap dan akses spesifik masing-masing sudah saya lampirkan di tiket ini. konfirmasi kesiapan paling lambat dua hari sebelum tanggal mulai kerja. Yuni Astuti, HR Partner, Ext. 1115.",Tiket IT,Sedang
"Kami mengajukan permintaan rutin pembelian Alat Tulis Kantor (ATK) untuk kebutuhan operasional bulanan di lantai 2 dan lantai 3. Barang yang dibutuhkan meliputi 20 rim kertas A4 Sinar Dunia 80gr, 5 pak pulpen isi 12, dan 10 buah map file plastik. Estimasi total biaya untuk pemenuhan ATK ini adalah Rp1.800.000. permohonan ini dibuat oleh Mega Utami dari departemen Administrasi Umum.",Permintaan Pengadaan,Sedang
"Divisi Pemasaran mengusulkan pengadaan 1 unit kamera mirrorless Sony Alpha 7 IV beserta lensa kit 28-70mm untuk kebutuhan dokumentasi konten jangka panjang. Kamera ini nantinya akan digunakan secara berkala oleh tim internal untuk mengambil foto produk baru dan acara korporat demi menghemat biaya sewa fotografer luar di masa depan. Estimasi total investasi untuk pembelian alat kamera berkualitas tinggi ini adalah Rp 38.000.000. Pengadaan ini bersifat rencana penambahan aset non-mendesak untuk kuartal depan. Pengajuan oleh Kevin Sanjaya, Divisi Pemasaran.",Permintaan Pengadaan,Rendah
"Halo Tim HRD. Saya baru saja mendapat kabar darurat dari rumah sakit di Surabaya bahwa ibu kandung saya mendadak kritis dan tidak sadarkan diri di ruang ICU akibat serangan stroke. Oleh karena itu, saya harus segera terbang ke Surabaya siang ini dan terpaksa mendelegasikan rapat penting sore nanti kepada rekan kerja saya melalui pesan instan. Mohon bantuan HR untuk menerbitkan izin cuti darurat insidental ini untuk durasi minimal 4 hari ke depan. Terima kasih atas pengertiannya. - Panji Luhur, Divisi Sales & Distribution.",Email HR,Tinggi
"Divisi GA memerlukan penambahan 4 buah tempat sampah pilah (organik, anorganik, b3) berbahan plastik tebal untuk diletakkan di area pantry dan koridor utama kantor. Pengadaan ini bertujuan mendukung program kantor hijau ramah lingkungan serta mempermudah pengelolaan limbah domestik harian. Estimasi biaya untuk 4 set tempat sampah pilah tersebut adalah Rp 2.400.000. Langkah kecil ini diharapkan meningkatkan kesadaran lingkungan staf. Pengajuan dari Fitri Handayani, Divisi Umum.",Permintaan Pengadaan,Sedang
"Kepada HRD, saya Siti Rahma dari Divisi Marketing. Saya menerima surat peringatan yang menurut saya tidak sesuai dengan kondisi yang sebenarnya terjadi di lapangan. Karena surat tersebut berpotensi memengaruhi evaluasi kinerja dan status pekerjaan saya, saya ingin mengajukan klarifikasi resmi. Mohon kesempatan untuk menjelaskan kronologi dan bukti pendukung yang saya miliki.",Email HR,Tinggi
"Halo HRD, saya Hendra Wijaya dari Saya ingin menanyakan apakah perusahaan memiliki program bantuan pendidikan bagi Saya tertarik yang dapat mendukung pengembangan karier saya. Mohon apabila ada program yang sedang berjalan.",Email HR,Rendah
"Halo IT Support, saya Suci Rahmawati dari Divisi Operations lantai 8. Saya ingin menanyakan cara menghubungkan kembali laptop saya ke printer jaringan yang berada di ruang tengah lantai 8. Laptop saya baru saja menjalani proses reinstall sistem operasi dan setelah itu printer tersebut tidak lagi muncul di daftar printer yang tersedia. Apakah saya bisa melakukan penambahan printer jaringan ini secara mandiri atau perlu meminta bantuan dari Tim IT untuk mengkonfigurasinya kembali? Tidak ada urgensi khusus, hanya ingin printer kembali berfungsi untuk keperluan cetak dokumen harian. Terima kasih, Suci Rahmawati, Operations Staff, Ext. 8815.",Tiket IT,Rendah
Saya Aris Munandar dari Divisi Operasional mengajukan pengadaan 2 unit drone pemetaan DJI Phantom 4 Pro untuk mendukung proyek survei lahan yang tenggat waktunya minggu depan. Drone yang ada saat ini mengalami kerusakan fatal pada gimbal dan tidak bisa digunakan sama sekali. Kami membutuhkan spesifikasi kamera minimal 20 MP dengan sensor 1 inci agar hasil pemetaan akurat. Estimasi total anggaran yang dibutuhkan adalah sebesar Rp 70.000.000.,Permintaan Pengadaan,Tinggi
"Tim IT yang terhormat, saya Panji Nugroho dari unit Strategi dan Pengembangan Bisnis. Saya ingin menanyakan apakah perusahaan berlangganan layanan tanda tangan digital berbasis sertifikat elektronik yang diakui secara hukum di Indonesia seperti PrivyID atau VIDA. Dalam beberapa bulan ke depan departemen kami akan sering menandatangani perjanjian kerjasama dan MOU dengan mitra bisnis dan kami ingin beralih ke tanda tangan digital agar prosesnya lebih cepat dan efisien. Jika belum ada, apakah ada rencana pengadaan layanan tersebut atau adakah prosedur untuk mengajukan kebutuhan ini ke manajemen? Ini pertanyaan untuk perencanaan ke depan dan tidak mendesak sama sekali. Panji Nugroho, Business Development Manager, Ext. 6625.",Tiket IT,Rendah
"Karyawan divisi desain sangat dihimbau rutin membersihkan cache sementara pada perangkat komputer grafisnya tiap hari Jumat sore. Ini adalah prosedur standar pemeliharaan performa agar mesin tidak lamban memproses data saat masuk minggu kerja Jika panduan pembersihan ini belum dipahami, staf siap panduan langkah pendek via intranet.",SOP,Rendah
"Halo Tim HRD. Saya baru saja mendapat kabar duka dari kampung halaman bahwa ayah kandung saya meninggal akibat kecelakaan lalu lintas satu jam lalu. karena itu, saya harus segera pulang hari ini menggunakan penerbangan paling pertama dan terpaksa meninggalkan sisa pekerjaan saya. Mohon dispensasi dan izin cuti duka cita darurat ini diproses selama 3 hari ke depan. kematian dari kelurahan akan saya kirimkan via email setelah proses pemakaman selesai. - Setiawan, Divisi Logistik.",Email HR,Tinggi
"Kami memohon pengadaan 2 unit printer multifungsi (cetak, scan, fotokopi) sistem ink tank merk Canon MAXIFY GX4070 untuk ditempatkan di divisi dan perpajakan. Printer lama seri cartridge sering kehabisan tinta di tengah jalan saat ratusan lembar berkas perjanjian kontrak hukum yang tebal. Estimasi dua printer efisien ini adalah Rp 13.600.000. Pengadaan ini akan menghemat pengeluaran panjang perusahaan. Pengajuan dari Guntur Wibowo, Divisi Hukum.",Permintaan Pengadaan,Sedang
"Laporan dari Tiara Nuraini, Divisi Public Relations. Pengeluaran kegiatan media gathering bulan ini tercatat sebesar Rp 26.000.000. Dana digunakan untuk penyewaan tempat, konsumsi, dan materi promosi acara. Seluruh biaya masih berada dalam batas anggaran yang tersedia.",Laporan Keuangan,Sedang
Sistem pengarsipan kontrak legal perusahaan kini menggunakan penyimpanan cloud terenkripsi khusus. Hanya staf legal yang memiliki akses penuh ke folder tersebut. Setiap fisik harus dipindai dengan resolusi tinggi sebelum diunggah ke dalam sistem.,SOP,Sedang
Kehilangan laptop direksi yang berisi data rahasia merupakan insiden keamanan prioritas tinggi. Fitur wipe harus dieksekusi oleh tim IT support. Karyawan yang perangkat wajib membuat berita kehilangan di kepolisian.,SOP,Tinggi
Prosedur penutupan gorden jendela vertikal ruang kaca direksi setelah operasional tuntas di sore hari dikerjakan oleh sekretaris sebelum beranjak pamit absensi keluar dengan gerakan geseran tarikan manual rantai manik plastiknya secara halus lembut. Tujuan aktivitas kecil tutupan bilai gorden menjuntai ini merupakan bagian sekuritas dasar supaya isi monitor dan tumpukan lembaran surat meja tidak begitu transparan dibidik oleh orang lalu lalang tak berkepentingan jalan layang atas seberang bangunan utama kita. Saat hari tiba akhir pekan tirai cukup ditutup tak terlalu merapat guna memperbolehkan pantulan surya alami mengurangi titik lembap karpet alas lantai mewah pada ruangan rapat direktur ini perlahan lewat pencahayaan bias cahayanya.,SOP,Rendah
"Yth. HRD, saya Galih Prakoso dari unit Marketing. Saya ingin mengetahui informasi terbaru mengenai manfaat BPJS Kesehatan yang ditanggung perusahaan untuk anggota keluarga. Saat ini saya berencana menambahkan anggota keluarga ke dalam kepesertaan. minta penjelasan mengenai syarat dan prosesnya.",Email HR,Rendah
"Email dari Salma Anindita, unit Innovation Program. Kami mengajukan budget sebesar Rp 63.000.000 untuk pelaksanaan program inkubasi ide inovasi internal. Dana akan digunakan untuk workshop, pendampingan, dan kebutuhan operasional kegiatan. Mohon persetujuan agar program dapat berjalan sesuai jadwal.",Laporan Keuangan,Sedang
"Yth. Helpdesk IT, saya Gilang Ramadhan dari Divisi Marketing ingin bertanya mengenai format standar nama file di server perusahaan. Tim kami sedang merapikan materi kampanye lama agar lebih mudah dicari. Tidak ada kendala akses atau kerusakan sistem saat ini. Mohon informasi jika ada pedoman penamaan file yang direkomendasikan.",Tiket IT,Rendah
"Kepada Tim IT, saya Rizky Firmansyah, Business Development Executive yang baru bergabung bulan lalu. Saya sering harus bekerja dari luar kantor untuk menemui klien dan memerlukan akses VPN agar bisa terhubung ke sistem internal perusahaan saat WFH maupun dalam perjalanan bisnis. Hingga saat ini saya belum memiliki akses VPN sama sekali dan hanya bisa bekerja penuh ketika berada di kantor secara langsung. tolong bantu saya untuk mendapatkan instalasi dan konfigurasi VPN client di komputer saya sesuai prosedur yang berlaku. Saya bersedia hadir ke IT Helpdesk kapan saja sesuai jadwal yang tersedia. Rizky Firmansyah, Divisi Business Development, Ext. 7710.",Tiket IT,Sedang
"Divisi TI membutuhkan segera 5 Dell 15 spesifikasi prosesor Intel RAM 32GB, dan SSD 1TB untuk tim developer baru yang akan masuk minggu depan. Laptop yang ada saat ini tidak memadai untuk menjalankan software kompilasi berat yang dibutuhkan proyek. Estimasi total anggaran yang diajukan adalah sebesar Rp 150.000.000. ini sangat mendesak agar karyawan baru bisa bekerja sejak hari pertama. Pengajuan dari Bambang Wijaya, Kepala TI.",Permintaan Pengadaan,Tinggi
"bagian HRD mengajukan perpanjangan lisensi tahunan untuk sistem aplikasi HRIS (Human Resource Information System) yang digunakan untuk penggajian dan absensi tenaga kerja Pengadaan ini mencakup perpanjangan akses cloud service untuk kapasitas hingga 200 karyawan aktif selama periode satu tahun kedepan. Estimasi total biaya perpanjangan lisensi berlangganan ini adalah Rp 42.000.000. Invoice jatuh tempo dalam tiga minggu ke depan. Pengajuan oleh Maya Shintia, Divisi Sumber Daya Manusia.",Permintaan Pengadaan,Sedang
"Email dari Nisa Ramadhanti, Divisi Procurement Operations. Purchase order untuk kebutuhan perlengkapan keamanan fasilitas diterbitkan dengan nilai total Rp 103.000.000. Seluruh pemasok telah memenuhi persyaratan evaluasi vendor. Mohon pencatatan pada rencana kas bulan mendatang.",Laporan Keuangan,Sedang
Saya Kiki Zakaria dari Divisi Media meminta pengadaan 1 unit kamera mirrorless Sony Alpha 7 IV beserta lensa kit 28-70mm untuk kebutuhan dokumentasi kegiatan internal perusahaan. Kamera lama yang digunakan staf humas mengalami kerusakan pada sensor sehingga hasil foto bergaris vertikal. Perangkat ini penting untuk pembaruan konten media sosial korporat. Estimasi harga total adalah Rp 36.000.000.,Permintaan Pengadaan,Sedang
"Bila ada dokumen penawaran harga standar yang ditolak oleh klien, surat fisik dicap 'Dibatalkan' dengan stempel merah. Dokumen tersebut diarsipkan terpisah lemari proyek gagal agar dapat dievaluasi staf di kemudian hari. Jangan membuangnya langsung karena rekam jejak tersebut dibutuhkan saat audit tahunan.",SOP,Rendah
"Saya, Putri Ayuningtyas dari Divisi Riset dan Pengembangan, mengajukan pengadaan 3 unit workstation. Spesifikasi meliputi prosesor Intel Core i9, RAM 32 GB, dan GPU kelas profesional. Perangkat akan digunakan untuk simulasi dan analisis data. Estimasi harga Rp28.000.000 per unit.",Permintaan Pengadaan,Sedang
"Yth. Ibu Wulandari selaku HRD Manager, Dengan sangat terpaksa saya, Arif Hidayat dari Divisi IT, ingin melaporkan situasi konflik yang telah berlangsung selama 2 bulan antara saya dan langsung saya, Bapak Hendro Susilo. Beliau instruksi luar jam kerja hingga tengah malam dan marah-marah secara tidak profesional di depan rekan lain ketika saya tidak merespons Kondisi ini memengaruhi kesehatan mental dan produktivitas kerja saya. Saya sudah mencoba berbicara langsung namun tidak membuahkan dan situasinya justru semakin memburuk. Mohon HRD dapat mediasi sebelum saya terpaksa mengambil langkah lebih lanjut.",Email HR,Tinggi
Halo Tim IT. Mohon bantuannya untuk menginstal aplikasi Adobe Illustrator di saya. Aplikasi ini sangat saya butuhkan untuk membuat desain banner promosi bulan depan. Atasan saya sudah persetujuan melalui sistem internal kita. Kapan kira-kira teknisi meremote laptop saya,Tiket IT,Sedang
"Email dari Tegar Pranoto, bagian Perencanaan budget Forecast biaya operasional kuartal berikutnya menunjukkan kebutuhan tambahan dana sebesar Rp 276.000.000 akibat kenaikan tarif layanan eksternal. Tanpa penyesuaian anggaran, beberapa program prioritas berpotensi tertunda. Mohon pembahasan dalam rapat anggaran mendatang.",Laporan Keuangan,Tinggi
"Kepada HRD PT Nusantara Sejahtera, Saya Bagas Wicaksono dari Divisi IT ingin meminta informasi mengenai cara mengakses slip gaji digital melalui aplikasi atau portal HR yang baru diluncurkan bulan lalu. Saya belum berhasil login meskipun sudah mencoba menggunakan NIK dan tanggal lahir sebagai password default sebagaimana diinformasikan sebelumnya. Apakah ada panduan penggunaan atau kontak helpdesk HR yang bisa saya hubungi untuk membantu proses aktivasi akun? Saya membutuhkan slip gaji bulan Oktober untuk keperluan administrasi pribadi. Terima kasih.",Email HR,Rendah
"Email dari Rani Amelia, bagian Community Development. Pengeluaran program tanggung jawab sosial perusahaan pada bulan ini tercatat sebesar Rp 22.300.000. Dana digunakan untuk kegiatan edukasi masyarakat dan bantuan sarana umum. Seluruh penggunaan dana telah terdokumentasi dengan baik.",Laporan Keuangan,Sedang
"Selamat siang Tim HRD. Saya perwakilan dari tim lantai 2 ingin mengusulkan penambahan fasilitas tempat sampah pilah (organik dan non-organik) di beberapa sudut ruang kerja komunal kami. Langkah ini dirasa baik untuk mendukung program go-green perusahaan dan menjaga kebersihan lingkungan kantor agar sisa makanan tidak menumpuk di meja kerja. Mohon dipertimbangkan usulan ini dalam rapat fasilitas bulanan HRD. Terima kasih. - Bagus Wijaya, Divisi Application Support.",Email HR,Rendah
Bocornya dokumen tender strategis perusahaan ke pihak kompetitor membutuhkan audit forensik cepat Tim audit akan memeriksa seluruh log email dan akses dokumen dari setiap departemen Pelaku pembocoran data akan diproses secara hukum perdata dan pidana.,SOP,Tinggi
"Saya, Siska Noviani dari bagian Komunikasi Korporat, mengajukan pengadaan 1 unit sistem konferensi video untuk ruang rapat utama. Sistem mencakup kamera PTZ, mikrofon konferensi, dan speaker. Perangkat dibutuhkan untuk mendukung rapat hybrid perusahaan. Estimasi biaya Rp65.000.000.",Permintaan Pengadaan,Sedang
"dari Agus Haryanto, Divisi Keuangan Korporat. Beberapa invoice vendor strategis dengan total nilai Rp 315.000.000 belum dapat dibayarkan akibat keterbatasan likuiditas. Kondisi ini berisiko mengganggu operasional produksi bulan berjalan. Mohon penentuan prioritas pembayaran hari ini.",Laporan Keuangan,Tinggi
"Jika terdeteksi adanya virus ransomware pada jaringan lokal, koneksi internet seluruh kantor cabang harus diputus. Komputer yang terinfeksi wajib dicabut dari jaringan LAN fisik segera. Tim forensik digital akan menangani pemulihan data dari sistem cadangan.",SOP,Tinggi
"Yth. Helpdesk IT, saya Ahmad Fauzi dari bagian Operasional ingin bertanya apakah ada rekomendasi aplikasi resmi untuk kompres file PDF. Kami sering menerima dokumen hasil scan yang ukurannya cukup besar. Saya ingin memastikan aplikasi yang digunakan aman dan sesuai kebijakan perusahaan. minta informasi atau daftar aplikasi yang diperbolehkan.",Tiket IT,Rendah
"Halo rekan HR. Saya ingin menginformasikan perubahan data diri saya berupa pembaruan alamat domisili dan nomor telepon aktif yang baru karena saya baru saja pindah rumah minggu ini. Dokumen KTP terbaru dan Kartu Keluarga yang sudah diperbarui telah saya lampirkan untuk keperluan update database di sistem HRIS perusahaan. Mohon bantuannya untuk memperbarui data tersebut. Terima kasih. - Citra Lestari, Divisi Keuangan.",Email HR,Rendah
"Saya, Dedi Kurniawan dari Divisi Produksi, mengajukan pengadaan 4 unit printer laser monokrom dengan kecepatan minimal 35 ppm. Dua printer utama saat ini mengalami kerusakan dan tidak dapat digunakan untuk kebutuhan dokumen produksi. Kondisi tersebut menghambat proses distribusi dokumen harian. Estimasi harga Rp4.500.000 per unit.",Permintaan Pengadaan,Tinggi
"Kami membutuhkan penyediaan jasa catering eksternal secara mendesak untuk menjamu kunjungan mendadak dari delegasi investor asing besok siang. Total pesanan adalah sebanyak 35 paket menu makan siang premium lengkap dengan hidangan penutup tradisional. Estimasi total biaya untuk layanan kuliner eksklusif ini adalah Rp 8.750.000. Mengingat pentingnya impresi pertama para investor terhadap profesionalisme perusahaan, persetujuan cepat sangat kami harapkan. permohonan dari Dewi Lestari, bagian Hubungan Masyarakat.",Permintaan Pengadaan,Tinggi
"Saya, Andi Pratama dari bagian Teknologi Informasi, mengajukan pengadaan 8 unit PC untuk tim pengembang yang sedang menangani proyek dengan tenggat waktu dua minggu lagi. Spesifikasi yang dibutuhkan adalah Intel Core i7, RAM 16 GB, SSD 512 GB. Beberapa perangkat lama mengalami kerusakan sehingga menghambat pekerjaan harian. Estimasi harga sebesar Rp15.000.000 per unit.",Permintaan Pengadaan,Tinggi
"Kepada Yth. Tim K3 dan HRD, saya ingin melaporkan kondisi darurat di area laboratorium kimia lantai dasar di mana terdeteksi adanya kebocoran gas beracun yang baunya mulai menyebar ke ruang administrasi. Seluruh staf di lantai tersebut saat ini sudah kami instruksikan untuk keluar menuju titik kumpul demi keselamatan bersama. Mohon tim HR segera menghentikan absensi sidik jari sementara waktu dan berkoordinasi dengan tim pemadam serta teknisi gedung untuk mengisolasi area kebocoran sebelum jatuh korban jiwa. - Dr. Anwar Fauzi, Divisi Riset dan Pengembangan.",Email HR,Tinggi
Standar seragam kerja untuk garis depan bank telah diperbarui dengan desain yang lebih modern. Pengambilan baru dapat dilakukan di logistik dengan membawa tanda pengenal. Seragam lama wajib dikembalikan untuk didaur ulang secara massal.,SOP,Sedang
"Yth. Tim IT, saya Reza Aditya dari Divisi Marketing menanyakan apakah ada file kampanye di OneDrive perusahaan. Tim kami ingin merapikan folder agar mudah dicari oleh baru. Tidak ada kendala teknis mendesak saat ini. Mohon informasi mengenai struktur folder yang direkomendasikan.",Tiket IT,Rendah
"Pagi Tim IT. VPN kantor sama sekali tidak dikoneksikan dari luar kota. Saya Maya dari harus segera menyetujui bahan baku impor senilai milyaran hari ini juga di sistem internal. tidak di-approve sekarang, pengiriman akan tertunda satu penuh. Mohon dicek apakah server VPN sedang bermasalah dan perbaiki segera.",Tiket IT,Tinggi
"Email dari Pratiwi, Divisi Perusahaan. Penggunaan kas kecil minggu ini sebesar Rp untuk kebutuhan legalisasi dokumen, pengiriman surat, dan pembelian perlengkapan administrasi. Semua transaksi telah didukung bukti yang lengkap. Saldo kas kecil masih mencukupi untuk kebutuhan operasional rutin.",Laporan Keuangan,Rendah
"Saya, Rizky Maulana dari Divisi Teknologi Informasi, mengajukan pembelian 25 antivirus bisnis. Lisensi diperlukan untuk menjaga keamanan perangkat perusahaan selama satu tahun. Pengadaan ini merupakan bagian dari program pemeliharaan rutin sistem. Estimasi biaya per lisensi.",Permintaan Pengadaan,Sedang
Proses sirkulasi pengisian pengharum ruangan elektrik dinding yang menyemprotkan cairan pewangi otomatis disetel durasinya pada tiap lima belas menit khusus jam sibuk kerja harian di area berpendingin udara. Wewangian ini disarankan berjenis ringan netral seperti daun mint atau teh serai supaya tidak memancing efek pusing sakit kepala tenaga kerja dengan reaksi alergi aroma tajam menusuk hidung. Vendor logistik yang terikat perjanjian memelihara mesin kecil ini dipastikan berkala mengecek jumlah daya baterai mesin agar tidak ada jeda kekosongan wangi ruangan kala dikunjungi.,SOP,Rendah
"Tolong lakukan pengadaan rutin paket alat tulis kantor (ATK) untuk kebutuhan operasional bulanan seluruh divisi di Gedung Pusat. Paket ATK ini mencakup 50 rim kertas A4 80 gram, 10 pak pulpen hitam, 5 pak ordner lipat, dan 20 buah tipe-x kertas. Stok di gudang logistik saat ini sudah menipis dan diperkirakan habis pada akhir minggu ini. Estimasi anggaran bulanan untuk ATK ini adalah Rp 6.500.000.",Permintaan Pengadaan,Sedang
"Halo Helpdesk, saya Miko Saputra dari Divisi General ingin meminta konfigurasi printer jaringan untuk komputer resepsionis. Komputer baru diganti dan belum ke area depan. Saat ini dokumen tamu masih bisa dicetak dari komputer lain, tetapi cukup merepotkan. Mohon dibantu setup printer ada jadwal kosong.",Tiket IT,Sedang
Pemotongan dana kas iuran sukarela duka cita staf kini tidak lagi ditagih secara tunai satu per satu berkeliling unit Sistem potong nominal donasi akan langsung dikoordinasikan secara kolektif dari dompet digital ke perwakilan grup sosial kantor. Karyawan yang ingin menyumbang langsung dapat memindai kode QR yang dibagikan melalui kanal grup percakapan internal harian.,SOP,Rendah
"Pagi Mas/Mba IT, saya tidak bisa login ke akun Windows saya sejak komputer direstart tadi pagi. Muncul pesan error mengenai user profile di layar monitor. Saya ada presentasi penting dengan klien jam 10 nanti dan butuh file di dalamnya. Tolong bantuannya segera ya.",Tiket IT,Tinggi
"Selamat pagi Tim IT, saya Hana Safitri dari Divisi Procurement ingin meminta informasi jadwal maintenance jaringan bulanan. Tim kami ingin menyesuaikan waktu input dokumen agar tidak bersamaan dengan pemeliharaan sistem. Saat ini jaringan berjalan normal dan tidak ada gangguan. Mohon dibagikan jadwal maintenance terbaru jika sudah tersedia.",Tiket IT,Rendah
Pembagian map kartu selamat hari untuk anggota karyawan dirayakan perayaan selalu ditandatangani memakai jenis tinta basah biru tua oleh sang manajer utama atasan langsung departemen pekerjanya. Penggunaan tinta tempel cap tanda tangan cap khusus atau tinta printer laser tiruan yang sangat mekanis formalitasnya sama sekali tidak dianjurkan demi menumbuhkan kesan personal kepedulian atasan yang sangat bersahaja bagi anggota anak divisi yang dipimpinnya setahun penuh kerjanya. Serahkan map hari lahir yang terhias cantik pakai tempelan pita pada saat pelaksanaan evaluasi ringkas pagi harinya ketika briefing kerja ringan sebelum mereka terjun aktif dalam tumpukan agenda kerja reguler beban tinggi tim divisi pada jadwal penuh harinya berlanjut padat dan ramai nantinya.,SOP,Rendah
"Laporan dari Dika Pranowo, Divisi Sales Support. Biaya operasional kegiatan promosi wilayah mencapai Rp 31.000.000 selama periode berjalan. Pengeluaran mencakup materi pemasaran, transportasi, dan kebutuhan acara pelanggan. Nilai tersebut masih sesuai dengan pagu anggaran yang tersedia.",Laporan Keuangan,Sedang
"Kepada Tim HRD, Saya Citra Dewi Anggraini, Staf Divisi Humas, ingin mengajukan permohonan cuti sakit selama 3 hari kerja mulai Senin, 11 November 2024 berdasarkan anjuran dokter karena demam berdarah yang saya derita. Surat keterangan dokter dari RS Harapan Bunda sudah saya lampirkan dalam email ini. Saya sudah menginformasikan kepada rekan satu tim dan atasan saya mengenai kondisi ini serta mendelegasikan pekerjaan yang mendesak. Mohon HRD memproses pengajuan cuti sakit ini dan mengupdate catatan absensi saya sesuai ketentuan yang berlaku. Terima kasih atas pengertiannya.",Email HR,Sedang
"membutuhkan tambahan 4 lisensi aktif software AutoCAD Architecture secara untuk tim arsitek proyek pembangunan pabrik baru yang deadline-nya dimajukan akhir bulan ini. Seluruh lisensi yang ada saat ini sudah penuh terpakai, sehingga tambahan tidak bisa bekerja merancang struktur eksternal. Estimasi biaya untuk pembelian lisensi resmi tahunan adalah Rp 98.000.000. Persetujuan kilat sangat dinantikan agar pembangunan tidak tertunda. Pengajuan dari Utami, Divisi Proyek.",Permintaan Pengadaan,Tinggi
pencairan dana bonus akhir tahun dilakukan maksimal di minggu bulan Desember. Karyawan yang mendapatkan surat peringatan tingkat dua pada tahun berjalan tidak berhak atas bonus tersebut. atas bonus akan dipotong secara langsung sesuai regulasi yang,SOP,Sedang
"Jika staf menemukan aset kantor berupa alat elektronik yang rusak, ia wajib mengisi formulir perbaikan ke departemen aset. Aset yang rusak tidak boleh dibuang sendiri oleh karyawan bersangkutan. Teknisi internal akan menentukan apakah barang tersebut layak diperbaiki atau dihentikan penggunaannya.",SOP,Sedang
Pengendalian suplai jumlah pemesanan alat ikat kabel pengencang zip tie tebal ukuran standar pengikat paket pengiriman sortir digudang pemilahan wajib dievaluasi report buangan potongannya agar bagian akuntansi pemrosesan laporan sisa belanja perlengkapan logistik bulan ini tidak banyak berselisih angka pemborosan hitungan unit yang tercecer sisa potongan klem sampahnya berhambur. Supervisor lantai penyortiran dapat menempatkan kotak kardus ukuran ember bak untuk memuat buangan plastik putus kepala kuncian kabel tie rusak di seluruh tiang ujung lajur periksa kualitas QC dan di larang keras pekerja menjejali sampah itu membaur kantong kardus besar sampah bungkus paket selotip pelanggan kita supaya mudah diserahkan vendor limbah bahan khusus pada giliran Sabtu pungutnya nanti sebulan sekali jadwal. Apabila kuncian zip dirasa terlampau licin dan gampang longgar kancingannya dimohon untuk staf sortir merekam pendek di aplikasi ponsel dan dilaporkan vendor pengirim supaya alat kerja pengikat itu di retur kirim ganti stok barang bermerk nomor kualifikasi ketahanan kuat sesuai SNI resmi perjanjian di kontrak draf pengadaan tender suplai awal alat kerjanya agar paketan pengirim ekspedisi tak terbuka terurai paksa dalam lemparan keranjang kargo rute muatan pesawat angkut harian nanti jauh.,SOP,Rendah
tenaga kerja yang hendak memakai ruang studio foto kecil untuk keperluan potret produk wajib menuliskan namanya di papan tulis luar studio. Durasi pemakaian reguler tidak melebihi dua jam agar tidak mengganggu antrean staf desain lainnya. Matikan lampu studio dan flash setelah ruangan tidak digunakan kembali.,SOP,Rendah
"Kepada Tim HRD, Saya Wahyu Prasetyo dari Divisi Logistik bermaksud menanyakan status perpanjangan kontrak kerja saya yang akan berakhir pada 2024. Saya sudah bekerja selama 2 di perusahaan ini dengan status karyawan kontrak dan belum informasi apapun mengenai kelanjutan kontrak saya. ini penting bagi perencanaan keuangan dan karier saya ke depannya. Apakah ada persyaratan atau evaluasi tertentu yang perlu saya penuhi untuk proses ini? informasinya sebelum akhir November agar saya waktu yang cukup untuk mempersiapkan segala sesuatunya.",Email HR,Sedang
"Proyektor utama di ruang rapat direksi mengalami kerusakan lampu optik internal yang membuatnya mati total, padahal lusa akan digunakan untuk presentasi rekap tahunan di depan dewan komisaris. Kami tolong pengadaan darurat 1 unit Proyektor Laser Epson EB-L520U dengan tingkat kecerahan 5200 lumens agar tampilan grafik keuangan terlihat jelas. Estimasi harga untuk unit proyektor profesional ini adalah Rp 29.500.000. Persetujuan segera sangat dibutuhkan demi kelancaran agenda sakral perusahaan. Pengajuan dari Eko Prasetyo, Divisi Sekretariat Korporat.",Permintaan Pengadaan,Tinggi
"Email dari Bagas Adhitama, unit Capital Planning. Pengeluaran untuk pembangunan pusat distribusi baru telah mencapai Rp 472.000.000 dan melampaui estimasi tahap pertama proyek. Kenaikan biaya dipengaruhi oleh perubahan desain dan kebutuhan konstruksi tambahan. tolong persetujuan revisi anggaran investasi agar pekerjaan dapat dilanjutkan.",Laporan Keuangan,Tinggi
"Kepada HRD, saya Bagus Ramadhan dari Divisi Supply Chain. Saya tertarik untuk mengikuti program mutasi ke divisi lain yang sedang dibuka secara internal. Sebelum mengajukan secara resmi, saya ingin mengetahui persyaratan dan prosedur yang berlaku. Mohon informasi lebih lanjut mengenai proses tersebut.",Email HR,Sedang
"Kepada Tim HRD, Saya Agung Prabowo, Staf departemen Supply Chain, ingin menanyakan apakah sisa cuti tahunan yang tidak diambil pada tahun 2024 bisa dialihkan ke tahun 2025 atau akan hangus di akhir tahun. Saya masih memiliki sisa 6 hari cuti yang belum saya gunakan dan khawatir jika tidak diinformasikan dengan benar akan mengakibatkan kerugian hak saya. Jika ada batas waktu pengambilan atau prosedur usulan carry-over, mohon dapat dijelaskan. Terima kasih atas informasinya dan saya menunggu penjelasan dari HRD.",Email HR,Rendah
"Halo IT saya Novi Rahayu dari tim Marketing Communications. Saya ingin menanyakan berapa kapasitas total email perusahaan diberikan karyawan. Beberapa waktu ini saya sering notifikasi bahwa mailbox hampir penuh dan beberapa email tidak bisa masuk. kapasitas mailbox bisa ditambah permintaan individu, dan ada panduan untuk mengarsipkan email lama agar kotak masuk tidak cepat Tidak ada urgensi tertentu, mendapat informasi untuk pengelolaan email yang lebih baik ke depannya. Terima kasih, Novi Rahayu, Marketing Ext. 3322.",Tiket IT,Rendah
"report dari Ayu Lestari, bagian Administrasi. Pengeluaran operasional kantor cabang selama periode berjalan tercatat sebesar Rp 9.800.000. Biaya mencakup utilitas, perlengkapan kantor, dan kebutuhan administrasi rutin. Seluruh transaksi telah didukung bukti yang lengkap.",Laporan Keuangan,Sedang
"Email dari Putri Cahyani, Divisi Administrative Support. Dana kas kecil digunakan sebesar Rp 1.340.000 untuk kebutuhan materai, pengiriman dokumen, dan pembelian perlengkapan administrasi ringan. Seluruh transaksi telah dicatat dalam buku kas harian. Saldo yang tersisa masih memadai untuk operasional minggu depan.",Laporan Keuangan,Rendah
"Jika terdeteksi adanya virus ransomware pada jaringan lokal, seluruh harus diputus. Komputer yang terinfeksi wajib dicabut dari jaringan LAN fisik segera. Tim forensik digital akan menangani pemulihan dari cadangan.",SOP,Tinggi
"rekapitulasi dari Tiara Nuraini, departemen Public Relations. Pengeluaran kegiatan media gathering bulan ini tercatat sebesar Rp 26.000.000. Dana digunakan untuk penyewaan tempat, konsumsi, dan materi promosi acara. Seluruh biaya masih berada dalam batas anggaran yang tersedia.",Laporan Keuangan,Sedang
"Kepada HRD PT Nusantara Sejahtera, Saya Bagas Wicaksono dari bagian IT ingin meminta informasi mengenai cara mengakses slip gaji digital melalui portal HR yang baru diluncurkan bulan lalu. Saya belum berhasil login meskipun sudah mencoba menggunakan NIK dan tanggal lahir sebagai password default sebagaimana diinformasikan sebelumnya. Apakah ada panduan penggunaan atau kontak helpdesk HR yang bisa saya hubungi untuk membantu proses aktivasi akun saya? Saya membutuhkan slip gaji bulan Oktober untuk keperluan administrasi pribadi. Terima kasih.",Email HR,Rendah
"Laporan dari Ayesha Maharani, Divisi Akuntansi Persediaan. Hasil stock opname menunjukkan barang usang dengan nilai buku Rp 124.000.000 yang belum dicadangkan dalam laporan keuangan. Kondisi ini dapat menyebabkan nilai aset persediaan menjadi terlalu tinggi. Diperlukan penyesuaian pencatatan sebelum periode pelaporan berakhir.",Laporan Keuangan,Tinggi
"Divisi HRD mengajukan lisensi tahunan untuk sistem aplikasi HRIS (Human Resource Information System) yang digunakan untuk penggajian dan absensi karyawan. Pengadaan ini mencakup perpanjangan akses service untuk kapasitas hingga 200 karyawan aktif selama periode tahun kedepan. Estimasi total biaya perpanjangan lisensi berlangganan ini adalah Rp 42.000.000. Invoice jatuh dalam tiga minggu ke depan. Pengajuan oleh Maya Shintia, Divisi Sumber Daya Manusia.",Permintaan Pengadaan,Sedang
"Selamat pagi Tim HRD. Saya berencana melangsungkan pernikahan pada bulan Oktober mendatang dan ingin menanyakan mengenai hak cuti menikah yang diberikan oleh perusahaan. Berapa hari kerja jatah cuti khusus pernikahan yang bisa diambil, dan dokumen apa saja yang wajib saya lampirkan sebagai syarat sah pengajuannya nanti? Mohon arahannya agar saya bisa menjadwal ulang cuti jauh-jauh hari. Terima kasih. - Fajar Nugraha, Divisi Rantai Pasok.",Email HR,Rendah
Selamat pagi Tim IT. Saya Budi dari bagian Finance tidak bisa login ke sistem SAP sama sekali sejak tadi pagi. Padahal hari ini ada tenggat waktu penutupan report keuangan bulanan. Selalu muncul pesan error Authentication Failed setiap kali saya masukkan password. Mohon segera dibantu agar saya bisa menyelesaikan laporan ini tepat waktu.,Tiket IT,Tinggi
pagi Tim saya Hana Safitri dari Divisi Procurement ingin meminta informasi jadwal maintenance jaringan bulanan. Tim kami ingin menyesuaikan waktu input dokumen agar tidak bersamaan dengan pemeliharaan sistem. Saat ini jaringan berjalan normal dan tidak ada gangguan. Mohon dibagikan jadwal maintenance terbaru jika sudah tersedia.,Tiket IT,Rendah
"Selamat pagi Bapak/Ibu HRD. Berdasarkan undangan kepesertaan workshop internasional tentang metodologi Agile yang dikirimkan oleh lembaga sertifikasi profesi resmi minggu lalu, saya bermaksud mendaftar sebagai delegasi perusahaan. Anggaran investasi pelatihan ini sudah disetujui oleh Head of Division kami dalam rencana kerja tahunan. Mohon bantuan admin HRD untuk melunasi invoice pendaftaran vendor agar saya bisa mendapatkan akses masuk kelas. Terima kasih. - Siska Lestari, Divisi Scrum Master.",Email HR,Sedang
Pagi Tim Support. Printer warna di ruang staf lantai 2 sepertinya bermasalah karena hasil cetakannya selalu bergaris dan warna tintanya pudar. Kami sudah mencoba melakukan head cleaning dari pengaturan printer tapi tidak ada perubahan. Mohon bantuannya untuk dicek atau diganti tintanya jika memang sudah habis.,Tiket IT,Sedang
Siang Mas atau Mba IT. Ada notifikasi dari sistem antivirus di PC saya yang mengatakan bahwa database virusnya kadaluarsa selama 30 hari. Saya Sari dari General Affairs sudah mencoba klik update namun selalu gagal karena butuh akses administrator. minta bantuannya untuk meremote PC saya dan melakukan update. Saya takut ada malware yang masuk jika dibiarkan.,Tiket IT,Sedang
"Halo Tim IT, nama saya Wahyu Nugroho, Engineer di unit Engineering dan Design. Saya membutuhkan instalasi software AutoCAD 2024 di notebook baru saya dengan asset tag LPT-2024-045 untuk keperluan menggambar desain teknis proyek yang akan dimulai minggu depan. Sebelumnya saya menggunakan laptop lama yang sudah terpasang AutoCAD, namun kini saya mendapatkan laptop baru hasil pergantian aset tahunan. Mohon dikoordinasikan juga untuk aktivasi lisensi karena software ini memerlukan license key tersendiri dari tim pengadaan. Tidak ada urgensi waktu khusus namun sebaiknya selesai sebelum tanggal 5 bulan ini. Terima kasih, Wahyu Nugroho, Ext. 5506.",Tiket IT,Sedang
"Email dari Andi Prasetyo, Divisi Treasury. Posisi cash flow perusahaan saat ini menunjukkan saldo operasional tersisa Rp untuk kebutuhan tujuh hari ke depan. Sementara itu terdapat kewajiban pembayaran vendor senilai Rp 210.000.000 yang jatuh tempo ini. arahan terkait penggunaan dana darurat perusahaan.",Laporan Keuangan,Tinggi
"Yth. Tim IT, saya Salma dari Divisi Legal membutuhkan akses untuk membuka dokumen kontrak dari luar kantor. Saya akan beberapa bekerja dari lokasi klien dan perlu mengakses repository dokumen internal. ini akun saya belum memiliki profil VPN. Mohon dibantu aktivasi serta panduan login awal.",Tiket IT,Sedang
"Yth. Helpdesk IT, saya Tania Kusuma dari unit Sekretariat Direksi mengalami kendala pada PC yang tidak bisa terhubung ke proyektor ruang rapat. Rapat direksi dengan mitra eksternal akan dimulai dalam waktu dekat dan materi presentasi hanya ada di laptop tersebut. Kabel HDMI sudah diganti, tetapi layar tetap tidak muncul di proyektor. Mohon bantuan segera untuk pengecekan atau penyediaan perangkat pengganti.",Tiket IT,Tinggi
"Sistem kamera pengawas (CCTV) di area perimeter gerbang utama dan gudang penyimpanan material penting mati total akibat tersambar petir semalam. Kami meminta pengadaan mendesak 1 paket sistem keamanan CCTV yang terdiri dari 6 kamera outdoor Hikvision 8MP IP Camera beserta NVR 16 Channel. Estimasi total biaya beserta instalasi kabel pelindung baru adalah Rp 19.800.000. Area gudang saat ini sangat rentan dari penyusupan luar jika tidak dipantau secara real-time. Pengajuan dari Ahmad Fauzi, Divisi Keamanan Internal.",Permintaan Pengadaan,Tinggi
"rekapitulasi dari Bimo Pradana, departemen Gudang Regional. Dana kas kecil digunakan sebesar Rp 870.000 untuk pembelian label penyimpanan dan perlengkapan pengemasan sederhana. Seluruh transaksi telah dicatat dalam buku kas harian. Tidak ditemukan penyimpangan dalam penggunaan dana.",Laporan Keuangan,Rendah
Standar kelengkapan kotak biskuit ringan saat mendampingi kopi jamuan pimpinan rapat terbatas harian dengan pihak dewan pembina investor pemegang haruslah mengedepankan produksi pabrik dari kelompok usaha grup afiliasi kawan kita saja. Sajian makanan biskuit yang bertolak haluan produk niaga dilarang sangat keras sengaja terpampang mejeng jelas nama merk pembungkusnya ada di tengah tatakan meja itu. Kemasan biskuit sebaiknya dilepaskan awal dari bungkus kaleng alumunium cetakannya lalu tata simetris menumpuk pakai pinggan bermotif melamin putih agar tak mendistraksi mata penglihat orang yang tengah serus bediskusi perihal saham di dalam situ.,SOP,Rendah
"Yth. HRD, saya Santoso dari Divisi Logistik ingin melaporkan insiden kecelakaan kerja yang saya alami pagi ini di area gudang. Saya terpeleset saat memindahkan barang dan mengalami cedera pada pergelangan kaki harus mendapatkan penanganan medis. Saya memerlukan arahan prosedur pelaporan resmi dan klaim yang dapat diajukan. Mohon bantuannya untuk proses selanjutnya.",Email HR,Tinggi
"Laporan dari Putri Maharani, Divisi Customer Service. Total pengeluaran operasional unit selama bulan berjalan mencapai Rp 18.500.000. Sebagian besar digunakan untuk pelatihan staf dan kebutuhan administrasi layanan pelanggan. Seluruh biaya masih sesuai alokasi anggaran.",Laporan Keuangan,Sedang
"Selamat siang Helpdesk, saya Rendi Firmansyah dari Divisi Internal ingin meminta panduan cara membagikan file besar melalui SharePoint. Beberapa video dokumentasi kegiatan terlalu besar untuk dikirim melalui email. Saat file masih tersimpan di laptop informasi langkah aman untuk mengunggah dan membagikan link ke peserta internal.",Tiket IT,Rendah
"Selamat siang Bapak/Ibu di bagian HR. Saya membutuhkan Surat Keterangan Kerja (SKK) yang menyatakan bahwa saya adalah tenaga kerja aktif di perusahaan ini untuk keperluan permohonan KPR ke bank. Mohon surat tersebut ditandatangani oleh pejabat HR yang berwenang dan dicap resmi perusahaan. Jika sudah selesai, mohon informasikan agar saya bisa mengambilnya di meja HRD. Terima kasih banyak. - Joko Widodo, Divisi Teknik.",Email HR,Sedang
"Selamat siang rekan-rekan HRD. Saya terpaksa mengirimkan email ini tindakan pelecehan verbal bernada SARA yang dilakukan oleh salah satu rekan kerja di divisi saya saat rapat internal tadi pagi. Tindakan tersebut oleh beberapa anggota tim lainnya membuat situasi kerja menjadi sangat tegang. Saya menuntut tindakan tegas dari HRD sesuai peraturan perusahaan demi tempat kerja kita. Terima kasih. - Megawati, Divisi Kreatif.",Email HR,Tinggi
"Kepada Tim HRD, Saya Wahyu Prasetyo dari unit Logistik bermaksud menanyakan status perpanjangan kontrak kerja saya yang akan berakhir pada 31 Desember 2024. Saya sudah bekerja selama 2 tahun di perusahaan ini dengan status pegawai kontrak dan belum menerima informasi apapun mengenai kelanjutan kontrak saya. Kepastian ini penting bagi perencanaan keuangan dan karier saya ke depannya. Apakah ada persyaratan atau evaluasi tertentu yang perlu saya penuhi untuk proses perpanjangan ini? Mohon informasinya sebelum akhir November agar saya punya cukup waktu mempersiapkan segala sesuatunya.",Email HR,Sedang
"Halo Tim IT, dari Divisi Produksi ingin menanyakan apakah Windows sebaiknya dilakukan langsung saat notifikasi muncul. komputer operator menampilkan pemberitahuan di pojok layar. Kami tidak pekerjaan shift, jadi arahan waktu yang untuk melakukan update. Mohon saran dari Tim IT.",Tiket IT,Rendah
"rekap dari Suci Anindita, departemen Front Office. Dana kas kecil digunakan sebesar Rp 930.000 untuk kebutuhan konsumsi tamu dan perlengkapan resepsionis. Seluruh pengeluaran telah dicatat dalam buku kas harian. Tidak ditemukan transaksi yang memerlukan tindak lanjut.",Laporan Keuangan,Rendah
"Selamat pagi saya Melati Puspita Divisi HR ingin meminta informasi prosedur peminjaman laptop cadangan. Kebutuhan ini untuk sesi karyawan baru bulan depan. Saat ini belum ada tanggal pasti, kami ingin mengetahui alur pengajuannya lebih awal. Mohon dibagikan formulir atau kontak yang perlu dihubungi.",Tiket IT,Rendah
Setiap dokumen tanda terima atau resi pengiriman barang dari jasa logistik akan dipindai secara digital oleh petugas resepsionis di lobi. Resi asli fisik akan langsung dibuang setelah proses pemindaian dianggap jelas dan bisa terbaca sistem. Pihak penerima barang di meja divisi bisa melihat resi tersebut pada folder bersama daring perusahaan.,SOP,Rendah
"Yth. HRD, saya Budi Santoso dari unit Logistik ingin melaporkan insiden kecelakaan kerja yang saya alami pagi ini di area gudang. Saya terpeleset saat memindahkan barang dan mengalami cedera pada pergelangan kaki sehingga harus mendapatkan penanganan medis. Saya memerlukan arahan terkait prosedur rekapitulasi resmi dan klaim yang dapat diajukan. Mohon bantuannya untuk proses selanjutnya.",Email HR,Tinggi
Siang Tim IT. Saya butuh ringan merekam layar komputer guna membuat video tutorial singkat untuk staf lapangan baru. Apakah dari IT ada rekomendasi gratis yang aman dan diizinkan oleh kebijakan keamanan perusahaan? kabarnya santai saja karena ini tidak terburu-buru.,Tiket IT,Rendah
"Sehubungan diadakannya rapat evaluasi kuartal kedua bersama seluruh jajaran direksi, kami memerlukan penyediaan konsumsi berkualitas. Kami mengajukan permintaan catering rapat untuk menyediakan 40 paket nasi kotak eksklusif dan 40 pax snack box sore. Estimasi total biaya konsumsi yang akan dilaksanakan pada tanggal 15 bulan depan ini 3.200.000. konfirmasi ketersediaan vendor sebelum H-5 pelaksanaan. Pengajuan Dian Lestari, Divisi Sekretariat Korporat.",Permintaan Pengadaan,Sedang
Program magang mahasiswa di perusahaan kita kini memiliki kurikulum tugas yang terstruktur. Mentor dari setiap divisi harus memastikan pemagang tidak diberikan pekerjaan yang bersifat sangat rahasia. Penilaian akhir pemagang dikirim langsung ke universitas pengirim setelah program selesai.,SOP,Sedang
"Yth. Tim IT, saya Rossa Apriliani dari Divisi Talent Acquisition meminta setup email untuk karyawan baru bernama Putra Maheswara. Karyawan tersebut akan mulai bergabung pada hari Senin mendatang. Mohon dibuatkan email kantor, akses kalender, dan grup mailing list sesuai divisinya. Data lengkap karyawan sudah dikirimkan melalui form onboarding.",Tiket IT,Sedang
"Dalam rangka peningkatan kapasitas penyimpanan data backup perusahaan, divisi IT membutuhkan penambahan perangkat penyimpanan jaringan. Kami mengajukan pengadaan 1 unit NAS Synology 4-Bay beserta 4 unit harddisk khusus server Seagate IronWolf masing-masing berkapasitas 4TB. Estimasi total anggaran untuk pengadaan hardware backup ini adalah Rp 19.500.000. Pengadaan ini merupakan bagian dari pemeliharaan rutin sistem keamanan data tahunan. Pengajuan oleh Irfan Hakim, Divisi Teknologi Informasi.",Permintaan Pengadaan,Sedang
Karyawan disarankan untuk mengunci layar komputer masing-masing setiap kali meninggalkan kerja lebih dari lima menit. Hal ini merupakan praktik keamanan dasar untuk mencegah orang lain melihat data pekerjaan. Tekan kombinasi tombol Windows dan huruf L pada keyboard untuk mengunci layar dengan cepat.,SOP,Rendah
"Kami memerlukan pengadaan 8 unit meja kerja kubikal modular untuk penataan ulang ruang kerja tim pemasaran digital yang baru saja mengalami perluasan struktur organisasi. Meja bermodel sekat minimalis ini dipilih agar dapat mengoptimalkan keterbatasan luas ruangan di lantai 3 kantor pusat. Estimasi total alokasi untuk pengadaan furniture kantor baru ini adalah Rp 18.400.000. Pengerjaan instalasi meja diharapkan dapat dijadwalkan pada akhir pekan ini. usulan dari Fajar Nugroho, Divisi Pemasaran Digital.",Permintaan Pengadaan,Sedang
"Halo IT Helpdesk, saya Hadi Saputra yang baru saja dipindahtugaskan dari Divisi Warehouse ke Divisi Logistics dan Distribution sejak awal bulan ini. Email lama saya masih menggunakan format cabang lama dan perlu diperbarui sesuai struktur email Divisi Logistik yang baru sesuai kebijakan perusahaan. Selain perubahan alamat email, saya juga memerlukan akses ke sistem TMS yaitu Transportation Management System yang digunakan oleh seluruh tim Logistik untuk operasional harian. Mohon bantu proses perubahan email dan penambahan akses sistem ini sekaligus. Surat mutasi dari HRD sudah saya lampirkan sebagai dokumen pendukung yang diperlukan. Hadi Saputra, Logistics Staff, Ext. 8802.",Tiket IT,Sedang
"Selamat siang rekan-rekan HRD. Saya terpaksa mengirimkan email ini karena adanya tindakan pelecehan verbal bernada SARA yang dilakukan oleh salah satu rekan kerja di bagian saya saat rapat internal tadi pagi. Tindakan tersebut disaksikan oleh beberapa anggota tim lainnya dan membuat situasi kerja menjadi sangat tegang. Saya menuntut tindakan tegas dari HRD sesuai peraturan perusahaan demi menjaga integritas tempat kerja kita. Terima kasih. - Megawati, bagian Kreatif.",Email HR,Tinggi
Tanda arah penunjuk keluar masuk lahan parkir karyawan direkatkan jelas stiker fosfor panah hijau neon yang bersinar pada titik lampu agak temaram. Petugas rambu harus stiker ini setiap pergantian karena debu asap knalpot mobil sering membuatnya nampak Laporan cepat dapat dihubungi melalui interkom petugas loket apabila karyawan mendapati ada rambu jalur yang lepas keliru terarah.,SOP,Rendah
"Halo rekan HR. Saya ingin mengajukan klaim reimbursement untuk biaya perjalanan dinas saya ke Surabaya minggu lalu yang meliputi tiket pesawat, hotel, dan biaya makan harian. Total kuitansi dan form pengajuan yang sudah ditandatangani oleh manajer divisi telah saya lampirkan dalam email ini. Mohon dapat diproses agar dana tersebut bisa masuk pada pencairan minggu ini. Terima kasih atas bantuannya. - Sari Dewi, Divisi Penjualan.",Email HR,Sedang
"Menjelang audit sertifikasi ISO 9001 yang akan dilaksanakan tiga hari lagi, kami membutuhkan jasa cleaning service deep cleaning untuk area workshop produksi. Kondisi workshop saat ini memerlukan pembersihan skala besar yang tidak bisa dicover oleh tim kebersihan internal harian. Estimasi biaya jasa kebersihan menyeluruh ini adalah Rp8.500.000. Pengajuan dikirim oleh Eko Prasetyo dari Divisi Penjaminan Mutu.",Permintaan Pengadaan,Tinggi
"Selamat pagi Tim HRD. Saya ingin melaporkan adanya indikasi kuat manipulasi nota pengeluaran (reimbursement) perjalanan dinas luar kota yang dilakukan secara masif oleh tim sales regional selama tiga bulan berturut-turut. Hasil komparasi data internal menunjukkan ada markup harga tiket akomodasi hingga 50% dari tarif riil vendor. dimohon bagian HRD sesegera mungkin membekukan limit pengajuan dana tim terkait dan menjadwalkan sidang komite etik minggu ini. - Vira Anindita, Divisi Compliance.",Email HR,Tinggi
"Email dari Zahra Aulia, Divisi Facility Maintenance. Biaya pemeliharaan ringan area lobi dan ruang tunggu kantor bulan ini tercatat sebesar Rp 2.780.000. Kegiatan mencakup perbaikan minor serta penggantian perlengkapan yang sudah usang. Laporan ini disampaikan untuk pencatatan keuangan rutin.",Laporan Keuangan,Rendah
"Halo Tim IT. Scroll pada mouse saya mulai tersendat-sendat dipakai membaca dokumen Saya Siska tim Admin apakah ada stok mouse baru di ruangan Ini tidak karena masih bisa pakai keyboard sementara waktu. Kabari saja jika ada, nanti yang ambil ke ruangan.",Tiket IT,Rendah
"Selamat siang, saya Bayu Prakoso dari Divisi Inventory membutuhkan instalasi driver scanner barcode di komputer stok opname. sudah sebagai perangkat USB, tetapi stok tidak membaca hasil scan. Proses stok opname akan dilakukan beberapa hari lagi. Mohon bantuan agar perangkat siap sebelum kegiatan dimulai.",Tiket IT,Sedang
Jadwal penukaran serbet lap kain microfiber kotor milik tim kebersihan area kaca dan cermin dalam kamar ganti dapat dimintakan pergantian cucian baru yang wangi setidaknya dua harinan sekali ke gudang suplai peralatan cairan deterjen di sisi belakang bangunan. Kebijakan pergantian bersih cepat lap debu itu sangat berdampak krusial demi menjaga tidak berbekas tertinggalnya usapan garis residu kusam ketika kain terbasah menyentuh bagian cermin tinggi pantulan penuh toilet VIP jajaran manajemen gedung. Jika lap biru kotor tertumpuk menanti dicuci mohon direndam pakai sabun perontok dalam seember bilasan disinfektan guna menjaga kesehatan kebersihan tangan tim pembersih ruang itu pada besok shift kerjanya.,SOP,Rendah
"report dari Selvi Maharani, departemen Audit Kepatuhan. Pemeriksaan dokumen menemukan beberapa transaksi pengadaan dengan total nilai Rp 97.000.000 yang belum melalui proses persetujuan berjenjang. Kondisi tersebut tidak sesuai dengan kebijakan internal perusahaan. Mohon dilakukan tindak lanjut dan klarifikasi.",Laporan Keuangan,Tinggi
"Saya, Dedi Kurniawan dari bagian Produksi, mengajukan pengadaan 4 unit printer laser monokrom dengan kecepatan minimal 35 ppm. Dua printer utama saat ini mengalami kerusakan dan tidak dapat digunakan untuk kebutuhan dokumen produksi. Kondisi tersebut menghambat proses distribusi dokumen harian. Estimasi harga Rp4.500.000 per unit.",Permintaan Pengadaan,Tinggi
"Untuk menunjang mobilitas operasional tim penjualan lapangan, kami membutuhkan tambahan 2 unit sepeda motor matic Honda 125cc. Kendaraan roda dua ini akan digunakan untuk melakukan kunjungan harian dan penagihan ke toko-toko di pelosok daerah yang tidak terjangkau mobil operasional. Estimasi anggaran pengadaan baru ini beserta pengurusan dokumen STNK/BPKB dinas adalah Rp Fasilitas ini diyakini mampu meningkatkan coverage sales Pengajuan dari Kusuma, Divisi Penjualan.",Permintaan Pengadaan,Sedang
"Selamat pagi Tim IT, saya Alya Safira dari unit Product Development membutuhkan instalasi aplikasi Figma di perangkat kantor. Aplikasi ini akan digunakan untuk meninjau desain antarmuka produk bersama vendor. Kebutuhan mulai digunakan minggu ini, tetapi belum menghambat pekerjaan hari ini. Mohon dibantu instalasi sesuai lisensi dan kebijakan perusahaan.",Tiket IT,Sedang
"Yth. Helpdesk IT, saya Andi Saputra dari Divisi Operasional mengalami masalah pada akses VPN. Saya sedang berada di luar kantor untuk kunjungan cabang dan harus mengunggah laporan stok sebelum pukul 11.30. Aplikasi VPN selalu menampilkan status connecting lalu terputus sendiri. Mohon bantuan segera karena data tersebut diperlukan untuk keputusan pengiriman hari ini.",Tiket IT,Tinggi
"Laporan dari Kevin Ramadhan, Divisi Regional Operations. Pengeluaran operasional kantor wilayah bulan ini tercatat sebesar Rp 13.900.000. Biaya digunakan untuk kebutuhan administrasi, komunikasi, dan utilitas. Seluruh transaksi telah sesuai dengan prosedur pengeluaran yang berlaku.",Laporan Keuangan,Sedang
"Selamat pagi Tim IT, saya Dian Anggraini dari Divisi Purchasing membutuhkan instalasi Microsoft Visio. Aplikasi tersebut diperlukan untuk membuat alur proses pembelian yang akan dipresentasikan minggu depan. Saya sudah mendapatkan persetujuan dari manajer divisi melalui email. Mohon dijadwalkan instalasinya ketika memungkinkan.",Tiket IT,Sedang
"Penyediaan hand sanitizer di setiap ujung koridor dan meja resepsionis merupakan standar rutinitas kebersihan harian. Karyawan dihimbau mencuci tangan secara rutin sebelum mengambil makanan di pantry. Jika cairan pembersih di koridor Anda habis, infokan segera ke staf umum di sekitar lokasi.",SOP,Rendah
"bagian Hubungan Masyarakat mengusulkan pengadaan 2 unit papan whiteboard kaca (glass board) ukuran 120x240cm untuk dipasang di ruang diskusi kreatif yang baru selesai direnovasi. Papan tulis ini ditujukan sebagai media corat-coret ide saat tim melakukan brainstorming ide kampanye humas tahun depan. Estimasi biaya pembuatan dan pemasangan khusus di dinding gypsum adalah Rp 3.500.000. Karena fungsi ruang diskusi belum digunakan secara intensif, pengadaan ini dapat dilakukan kapan saja saat vendor siap. permintaan oleh indra pencela, Divisi Hubungan Masyarakat.",Permintaan Pengadaan,Rendah
"pagi Tim Saya berencana melangsungkan pada bulan Oktober mendatang ingin menanyakan mengenai hak cuti menikah yang diberikan oleh perusahaan. Berapa hari kerja jatah cuti khusus pernikahan yang bisa diambil, dan dokumen apa saja yang wajib saya lampirkan sebagai syarat sah pengajuannya nanti? Mohon arahannya agar saya menjadwal ulang cuti jauh-jauh hari. Terima kasih. - Nugraha, Divisi Rantai Pasok.",Email HR,Rendah
"Saya Latifah Nurul dari unit QA mengajukan pembelian 2 unit timbangan digital analitis merek Ohaus dengan tingkat ketelitian 0,1 miligram. Alat ukur lama di laboratorium pengujian mutu sudah tidak konsisten hasil kalibrasinya dan sering lolos ambang batas toleransi kesalahan. Spesifikasi wajib memiliki pelindung angin (draftshield) bermaterial kaca transparan. Estimasi budget yang diperlukan adalah Rp 19.000.000.",Permintaan Pengadaan,Sedang
"Email dari Nadia Lestari, Divisi Corporate Affairs. Kami mengajukan sebesar Rp 46.000.000 untuk sosialisasi program keberlanjutan perusahaan. Dana akan digunakan materi komunikasi, dokumentasi, dan penyelenggaraan acara. Mohon pertimbangan sesuai rencana kerja tahun ini.",Laporan Keuangan,Sedang
"Laporan dari Ayu Prameswari, Divisi Administrasi Regional. Biaya operasional rapat koordinasi wilayah tercatat sebesar Rp Pengeluaran digunakan untuk konsumsi, perlengkapan presentasi, dan dokumentasi acara. Tidak terdapat tambahan di luar rencana.",Laporan Keuangan,Sedang
Setiap instalasi perangkat lunak baru di komputer kantor memerlukan tiket persetujuan dari IT support. Penggunaan perangkat lunak tidak berlisensi sangat dilarang keras di lingkungan perusahaan. Audit perangkat lunak akan dilakukan secara acak setiap kuartalnya.,SOP,Sedang
"Kendaraan operasional tangki air milik pabrik mengalami patah as roda saat melakukan distribusi dan tidak bisa diperbaiki dalam waktu singkat. Kami memerlukan jasa sewa 1 unit truk tangki air kapasitas 5000 liter selama 7 hari ke depan untuk menyuplai area produksi yang kritis. Estimasi biaya sewa darurat ini adalah Rp 10.500.000 untuk total durasi sewa. Tanpa suplai air ini, proses produksi harian terancam dihentikan sementara. Pengajuan oleh Budi Santoso, Divisi Operasional Pabrik.",Permintaan Pengadaan,Tinggi
"Yth. Helpdesk, Aisyah dari Divisi Compliance meminta akses VPN untuk bekerja dari rumah dua hari dalam seminggu. Saat ini saya hanya mengakses email, tetapi tidak membuka aplikasi internal. Atasan saya sudah menyetujui kerja hybrid tersebut. Mohon pembuatan akun VPN dan panduan penggunaannya.",Tiket IT,Sedang
Pemisahan kantong sampah organik berbahan kulit buah buahan pisang dan sayur makan siang tidak lagi digabung plastik hitam tebal ukuran tong besar melainkan dialihkan menuju karung daur ulang kompos berpori warna goni serat di pekarangan belakang dapur. Keputusan peduli daur sampah di area staf istirahat masak makan bertujuan mencicil sertifikasi kantor sehat akreditasi penilaian lingkungan daerah percontohan tingkat wilayah provinsi. Staf kebersihan diminta selalu menegur secara ramah apabila mendapati rekan karyawan kelupaan dan memasukkan kulit buah melon utuh secara tak beraturan pada celah tempat penampung keranjang kertas daur ulang bekas buangan file surat mesin fotokopi lantai dasar itu.,SOP,Rendah
"Email dari Ferdiansyah Putra, bagian Umum. Penggunaan dana petty cash minggu ini sebesar Rp 1.420.000 untuk kebutuhan transportasi internal dan pembelian perlengkapan kecil. Seluruh transaksi telah didukung bukti pembayaran yang valid. Saldo kas kecil masih mencukupi hingga akhir minggu.",Laporan Keuangan,Rendah
"Yth. Ibu HRD, Saya Nadia Rahmawati dari Marketing Communications ingin menanyakan prosedur pendaftaran program pelatihan internal yang dijadwalkan pada Desember 2024 sebagaimana diumumkan di papan informasi Saya tertarik mengikuti kelas Public Speaking Marketing yang ada dalam daftar pelatihan tersebut. Apakah ada peserta program terbuka untuk semua level karyawan? Mohon juga diinformasikan apakah perlu ada persetujuan atasan mendaftar. Terima kasih.",Email HR,Rendah
"Saya Latifah Nurul dari Divisi QA mengajukan pembelian 2 unit timbangan digital analitis merek Ohaus dengan tingkat ketelitian 0,1 miligram. Alat ukur lama di laboratorium pengujian mutu sudah tidak konsisten hasil kalibrasinya dan sering lolos ambang batas toleransi kesalahan. Spesifikasi wajib memiliki pelindung angin (draftshield) bermaterial kaca transparan. Estimasi anggaran yang diperlukan adalah Rp 19.000.000.",Permintaan Pengadaan,Sedang
"Laporan dari Yuni Kartika, Divisi Keuangan. Analisis cash flow triwulanan menunjukkan arus kas negatif sebesar Rp 156.000.000. Penurunan disebabkan oleh keterlambatan penerimaan pembayaran pelanggan utama. Diperlukan koordinasi dengan penagihan untuk mempercepat proses",Laporan Keuangan,Tinggi
"Halo Tim IT, saya Hadi Permana dari Divisi Facility membutuhkan konfigurasi akses Wi-Fi untuk tablet operasional gedung. Tablet tersebut akan digunakan untuk mencatat checklist kebersihan dan inspeksi fasilitas. Saat ini perangkat belum dapat masuk ke jaringan kantor karena memerlukan registrasi MAC address. Mohon dibantu pendaftaran perangkat dan uji koneksi.",Tiket IT,Sedang
Setiap karyawan yang berencana untuk menyelenggarakan sesi perayaan ulang tahun kecil di area kantor menggunakan waktu siang. Kue ulang tahun dapat disimpan dalam lemari es pantry utama lantai tiga. Mohon untuk meminimalkan berisik yang dapat mengganggu tim di sekitar.,SOP,Rendah
"report dari Hafiz Ramadhan, departemen Technical Support. Pengeluaran operasional pusat layanan teknis tercatat sebesar Rp 28.600.000 selama periode ini. Dana digunakan untuk penggantian peralatan kerja dan kebutuhan pemeliharaan sistem. Tidak ditemukan pengeluaran yang menyimpang dari anggaran.",Laporan Keuangan,Sedang
"Halo Tim IT. Saya Gilang dari Graphic Design butuh sedikit rekomendasi dari kalian. Apakah perusahaan memiliki lisensi untuk software kompresi video selain bawaan aplikasi editing utama? Saya sesekali butuh mengecilkan ukuran video untuk dikirim via email tapi butuh yang cepat dan ringan. Jika ada software gratis yang aman, dimohon infokan ke saya.",Tiket IT,Rendah
"Email dari Dimas Ramadhan, Divisi Umum. Laporan petty cash minggu ini menunjukkan penggunaan dana sebesar Rp 1.850.000. Pengeluaran digunakan untuk kebutuhan konsumsi rapat dan transportasi lokal. Saldo kas kecil masih berada pada batas aman.",Laporan Keuangan,Rendah
"Kami mengajukan pengadaan rutin bulanan alat tulis kantor (ATK) untuk menunjang aktivitas administrasi harian staf di seluruh departemen kantor pusat. Kebutuhan operasional mencakup 35 dus kertas HVS A4 80gram, 12 pak pulpen gel hitam, dan 15 buah binder dokumen berukuran besar. Estimasi total anggaran untuk pemenuhan persediaan bulan ini adalah sebesar Rp 3.200.000. Pembelian ini diajukan agar tidak terjadi kekosongan alat tulis saat penutupan buku akhir bulan. Pengajuan dari Dian Sastrowardoyo, Divisi Administrasi Umum.",Permintaan Pengadaan,Sedang
"Selamat siang IT Support. Bisakah tolong spesifikasi memori di laptop yang saya gunakan sekarang? Saya merasa akhir-akhir ini performanya agak lambat saat membuka banyak browser internet. Jika memungkinkan, saya tahu apakah masih slot kosong untuk tambah memori ke depannya. Salam dari Rio.",Tiket IT,Rendah
"Selamat pagi Bapak/Ibu HRD. Berdasarkan pengumuman pendaftaran program beasiswa pelatihan keahlian analisis data yang diadakan dinas ketenagakerjaan, saya tertarik untuk ikut serta sebagai wakil dari perusahaan. Saya telah mengisi formulir internal dan mendapatkan rekomendasi tertulis dari direktur unit kami. dimohon kesediaan HRD untuk membuatkan surat tugas resmi dan memproses administrasi pendaftarannya sebelum batas waktu penutupan minggu depan. - Maya Sofia, Divisi Data Analytics.",Email HR,Sedang
"Email Salsabila Nurfadila, Divisi Office Dana kas kecil digunakan sebesar Rp 1.130.000 untuk kebutuhan dokumen, materai, dan pengiriman surat. transaksi telah dilengkapi bukti pembayaran yang sah. dana masih mencukupi untuk kebutuhan minggu berikutnya.",Laporan Keuangan,Rendah
"Yth. Tim HRD, Saya Putri Handayani dari bagian Pemasaran bermaksud mengajukan dimohon cuti tahunan selama 5 hari kerja pada tanggal 25–29 November 2024. Cuti ini saya rencanakan untuk menghadiri pernikahan kakak saya di Yogyakarta. Saya sudah mendiskusikan hal ini dengan Bapak Agus selaku Supervisor dan beliau tidak keberatan selama pekerjaan sudah saya delegasikan terlebih dahulu. Sisa cuti tahunan saya masih 9 hari sehingga pengajuan ini masih dalam batas hak yang berlaku. Mohon persetujuan dan konfirmasi dari HRD paling lambat 3 hari ke depan. Terima kasih.",Email HR,Sedang
"Halo tim HRD, saya Nur Aini dari unit Administrasi. Saya baru saja mengganti nomor telepon pribadi dan ingin memperbarui data yang tercatat pada sistem kepegawaian. tolong informasi mengenai prosedur atau formulir yang perlu saya isi. Terima kasih atas bantuannya.",Email HR,Rendah
"Yusuf Ramadhan dari Divisi Pengadaan, kontrak jasa keamanan untuk area kantor dan gudang. Layanan mencakup 8 personel keamanan selama 12 bulan. Kebutuhan ini merupakan bagian dari operasional rutin perusahaan. Estimasi biaya Rp420.000.000 tahun.",Permintaan Pengadaan,Sedang
"Protokol standar mengunci pintu besi partisi rooling pada ruko deret usaha anak bisnis perusahaan luar jam jadwal operasional selalu dibantu tarikannya alat tongkat pengait bengkok ujungnya. Setelah pintu tergembok tertutup sentuh ubin semen lantainya, staf pengunci utama akan menyangkutkan rantai cincin dua kali pada dorong untuk digembokkan master anak kunci kuningan berlapisnya. Penanggung jawab jadwal serah terima bergantian di grup obrolan teks staf karyawan jaga harian dengan mendokumentasikan gembok tergantug aman melalu kiriman tangkapan hasil foto saku ke sana.",SOP,Rendah
"Kami meminta pengadaan jasa keamanan tambahan sebanyak 4 personil dari vendor secure guard untuk mengamankan event peluncuran produk baru minggu depan. Mengingat banyaknya tamu VIP dan pejabat yang akan hadir, pengamanan ekstra sangat krusial demi kelancaran acara. Estimasi biaya jasa pengamanan ini adalah Rp12.000.000 untuk 3 hari acara. Permintaan ini diajukan oleh Siti Rahma dari Divisi Hubungan Masyarakat.",Permintaan Pengadaan,Tinggi
Kami membutuhkan pengadaan kendaraan operasional berupa unit sepeda motor Honda Vario 125cc menunjang mobilitas kantor dalam mengirimkan dokumen antar instansi. Motor kurir yang ada saat ini sering mogok dan membutuhkan biaya servis yang semakin mahal. Estimasi harga motor operasional baru tersebut adalah Rp23.000.000. Pengajuan dikirim oleh Rizky Ramadhan dari Divisi Logistik.,Permintaan Pengadaan,Sedang
"Email dari Tania Lestari, departemen Facility Operations. Biaya perawatan rutin ruang rapat dan area publik kantor bulan ini tercatat sebesar Rp 2.300.000. Kegiatan dilakukan sesuai jadwal pemeliharaan berkala. rekap ini disampaikan sebagai bagian dari dokumentasi keuangan rutin.",Laporan Keuangan,Rendah
"Saya, Rudi Hartono dari Divisi Operasional, mengajukan pengadaan 30 unit lampu LED hemat energi untuk area kantor. Spesifikasi daya 18 watt dengan umur pakai panjang. Estimasi harga per unit Rp120.000. Penggantian dilakukan sebagai bagian dari program efisiensi energi perusahaan.",Permintaan Pengadaan,Sedang
"Selamat pagi HRD, saya Rina Wulandari dari Divisi Keuangan. Saya menerima informasi dari atasan bahwa kontrak kerja saya kemungkinan tidak diperpanjang, namun hingga saat ini belum ada pemberitahuan resmi dari perusahaan. Saya membutuhkan kejelasan terkait status pekerjaan saya untuk persiapan administrasi pribadi. Mohon informasi lebih lanjut mengenai proses dan jadwal keputusan tersebut.",Email HR,Tinggi
"Saya, Siti Rahmawati dari bagian Proyek, mengajukan pengadaan 1 paket lisensi software desain CAD untuk 10 pengguna. Lisensi diperlukan untuk penyelesaian revisi desain proyek klien yang sedang berjalan. Tanpa perangkat lunak tersebut, tim tidak dapat melanjutkan pekerjaan secara optimal. Estimasi biaya sebesar Rp75.000.000.",Permintaan Pengadaan,Tinggi
"Laporan dari Suci Anindita, Front Office. Dana kas kecil digunakan sebesar Rp 930.000 untuk kebutuhan konsumsi tamu dan perlengkapan resepsionis. Seluruh pengeluaran telah dicatat dalam buku kas Tidak ditemukan transaksi yang tindak lanjut.",Laporan Keuangan,Rendah
permintaan cuti tahunan dengan durasi lebih dari lima hari berturut-turut wajib dilakukan sebulan sebelumnya. Atasan berhak menolak usulan jika kapasitas tim berada di bawah batas minimum operasional. Cuti baru dianggap sah jika telah mendapatkan persetujuan digital di sistem HR.,SOP,Sedang
Tanda arah penunjuk keluar masuk lahan parkir basement karyawan direkatkan jelas memakai stiker fosfor panah hijau neon yang bersinar pada titik lampu agak temaram. Petugas perawat rambu harus menggosok stiker ini setiap awal pergantian triwulan karena debu asap knalpot mobil sering membuatnya nampak kusam. Laporan cepat dapat dihubungi melalui interkom petugas loket apabila karyawan mendapati ada rambu jalur yang lepas sehingga keliru terarah.,SOP,Rendah
Permohonan potong rumput di taman depan kantor untuk merapikan area lobi eksterior dilakukan secara rutin dua kali sebulan. Tukang kebun tidak diperbolehkan menghidupkan mesin potong rumput berbahan bakar bensin saat ada acara rapat besar di lantai satu. Potongan rumput harus disapu dan dimasukkan ke karung kompos dengan segera.,SOP,Rendah
"Email dari Eko Wibowo, Divisi Cost Management. Analisis biaya produksi menunjukkan kenaikan beban overhead sebesar Rp 178.000.000 dibanding periode yang tahun lalu. Peningkatan terutama berasal dari biaya energi dan jasa pihak ketiga. Perlu dilakukan tindakan pengendalian biaya untuk menjaga margin perusahaan.",Laporan Keuangan,Tinggi
"Saya, Eko Firmansyah dari departemen Pengadaan, mengajukan pengadaan 10 unit lemari arsip besi. Spesifikasi tinggi 180 cm dengan sistem penguncian ganda. Estimasi harga per unit Rp3.000.000. Pengadaan bertujuan meningkatkan kapasitas penyimpanan dokumen perusahaan.",Permintaan Pengadaan,Sedang
Selamat siang rekan-rekan IT. Terdapat satu staf baru di tim Operasional atas nama Kevin yang akan mulai bekerja minggu depan. Tolong buatkan akun email perusahaan dan akses ke shared folder departemen Operasional untuknya. Detail lengkapnya sudah saya lampirkan di form permintaan akses HR. Terima kasih atas bantuannya.,Tiket IT,Sedang
"Halo Tim HR, saya ingin mengajukan klaim jaminan biaya persalinan istri saya secara manual (reimbursement) karena rumah sakit bersalin tempat penanganan kemarin belum terintegrasi dengan sistem cashless asuransi kantor kita. Dokumen berupa akta kelahiran anak, surat rincian biaya persalinan asli, beserta resume medis dari dokter spesialis kandungan telah saya siapkan lengkap. dimohon dibantu untuk proses verifikasi ke pihak penyedia asuransi korporat. Terima kasih. - Dedi Setiadi, unit Supply Chain Management.",Email HR,Sedang
Buku petunjuk tata cara sambungan telepon panggilan lintas departemen dengan menekan sandi tombol kode tiga digit nomor interkom selalu tertempel presisi tepat melekat pada punggung gagang penyangga pesawat telepon ruang meja sekretaris bagian penerima perwakilan sambungan luar kantor cabang harian perusahan. Lembaran panduan kecil laminasi plastik kaku stiker ini bermanfaat bagi cadangan staf sementara jika pemegang jabatan petugas operator regulernya tengah mengambil izin tidak dinas datang akibat gangguan duka cita. Pembaruan kode panggil akan sesegera mungkin dikabarkan cetak tembusannya setiap berganti triwulan evaluasi unit melalui lampiran buletin surel edaran HRD internal grup supaya terbaharui cepat datanya di meja masing masing departemen terkait secara akurat tuntas.,SOP,Rendah
"Laporan dari Selvi Maharani, Divisi Audit Kepatuhan. Pemeriksaan dokumen menemukan beberapa transaksi pengadaan dengan total nilai Rp 97.000.000 yang belum melalui proses persetujuan berjenjang. Kondisi tersebut tidak sesuai dengan kebijakan internal perusahaan. Mohon dilakukan tindak lanjut dan klarifikasi.",Laporan Keuangan,Tinggi
Pengelolaan sisa buangan botol kaca sirup atau madu di area makan staf dipisahkan pada tempat sampah goni khusus berwarna putih. Pengangkutan wadah khusus ini menuju tempat pembuangan akhir di belakang gedung dilakukan mingguan pada hari Sabtu Petugas dilarang membuangnya langsung dari atas dengan dilempar agar pecahan kacanya tidak mencelakai kaki siapa saja yang melintas.,SOP,Rendah
"Laporan dari Dimas Kurniawan, Divisi Logistik Gudang. Pengeluaran untuk kebutuhan material pengemasan dan peralatan pendukung gudang mencapai Rp 15.300.000 selama periode berjalan. Seluruh pembelian dilakukan sesuai kebutuhan operasional. Bukti transaksi telah diarsipkan untuk keperluan audit.",Laporan Keuangan,Sedang
"Saya, Dedi dari Divisi Produksi, mengajukan pengadaan 4 unit printer laser monokrom dengan kecepatan minimal 35 ppm. Dua printer utama saat ini mengalami kerusakan dan tidak dapat digunakan untuk kebutuhan dokumen produksi. Kondisi tersebut menghambat proses distribusi dokumen harian. harga Rp4.500.000 per unit.",Permintaan Pengadaan,Tinggi
staf dapat menggunakan layanan parkir sepeda yang tersedia secara gratis di sisi barat gedung. Pastikan sepeda Anda dikunci dengan gembok pribadi pada palang besi yang telah disediakan manajemen. Helm dan perlengkapan bersepeda lainnya harap dibawa masuk ke loker masing-masing.,SOP,Rendah
"Laporan dari Vina Salsabila, Divisi Operasional. Rekap dana kas kecil cabang menunjukkan total penggunaan Rp 950.000 untuk kebutuhan administrasi harian. transaksi telah diarsipkan sesuai prosedur. Mohon dicatat dalam laporan bulanan rutin.",Laporan Keuangan,Rendah
"Mesin fotokopi lantai dua dikhususkan untuk keperluan cetak dokumen hitam putih berskala besar. Untuk mencetak presentasi berwarna dengan resolusi tinggi, silakan gunakan printer laser di ruangan staf desain. Pastikan selalu mengisi kembali kertas HVS yang kosong ke dalam baki setelah selesai mencetak.",SOP,Rendah
"Email Rangga Wijanarko, Divisi Proyek Infrastruktur. Pengeluaran pembangunan fasilitas distribusi mencapai Rp 443.000.000 sementara progres fisik baru 69%. Kondisi ini menunjukkan pembengkakan biaya pada akhir proyek. Mohon dilakukan kajian ulang terhadap kerja dan kebutuhan anggaran.",Laporan Keuangan,Tinggi
"report dari Dewi Anggraini, unit Pemasaran. Total pengeluaran kampanye digital bulan ini mencapai Rp 48.000.000. Sebagian besar biaya digunakan untuk iklan media sosial dan produksi materi promosi. Seluruh transaksi telah sesuai dengan anggaran yang disetujui.",Laporan Keuangan,Sedang
Email dari Denny Divisi Treasury Operations. Perusahaan memiliki kewajiban pembayaran obligasi jangka pendek sebesar Rp 485.000.000 dalam lima hari kerja ke depan. Posisi saat ini tidak cukup untuk menutupi seluruh kewajiban tersebut. Diperlukan keputusan segera terkait sumber pendanaan alternatif.,Laporan Keuangan,Tinggi
"Dalam hal komplain pelanggan terkait keracunan makanan, manajer restoran wajib merespons dalam waktu lima menit. Sampel makanan yang dihidangkan harus cepat diamankan untuk uji laboratorium. Bantuan medis harus ditawarkan langsung kepada pelanggan yang terdampak.",SOP,Tinggi
Bagi petugas layanan call center bantuan bantuan pelanggan yang kehabisan sedia pita suara pelapis peredam suara headsetnya yang kusam boleh segera minta ganti bungkus busanya pada kotak kardus kecil departemen penyedia barang di samping meja kerja staf kepala jadwal hariannya. Bantalan berlubang kecil ini sering terlepas tak sadar saat pemakaian di kepala secara rutin seharian maka usahakan selalu persediaan cadangan stok untuk staf shift dua malam tanpa harus repot laporan form pengadaan ke lantai pimpinan jauh sekadar busa pelindung alat dengar saja operasionalnya. Apabila pengeras pelantang pendengaran telinga utamanya patah tertekan tertindih benda tak dilarang diperbaiki di lem sol ganda pribadi harus langsung nomor asetnya ke perbaikan IT helpdesk supaya alat standar ini terganti penuh satu set yang berbaru baik demi menjaga performa audio terima bicara jernih layanan pelanggan.,SOP,Rendah
"Selamat pagi Tim IT, saya Yusuf Anwar dari bagian Regional Support mengalami kendala VPN yang membuat saya tidak bisa masuk ke aplikasi internal cabang. Saya sedang berada di kantor cabang untuk pendampingan operasional. rekapitulasi insiden harus dikirim ke kantor pusat sebelum akhir jam kerja. Mohon bantuan segera untuk pengecekan koneksi VPN dan akses aplikasi.",Tiket IT,Tinggi
"Laporan dari Tania Permata, Divisi Asset Management. Inventarisasi aset tetap menemukan perbedaan nilai buku sebesar Rp 154.000.000 pada kelompok peralatan produksi. Selisih ini memerlukan penyesuaian sebelum proses audit tahunan dimulai. Tim terkait diminta menyelesaikan verifikasi dalam minggu ini.",Laporan Keuangan,Tinggi
"Tamu perusahaan yang masuk ke area perkantoran harus selalu mengenakan kartu identitas pengunjung di dada. Jika staf melihat orang asing berkeliaran tanpa kartu identitas tamu, segera laporkan ke pihak sekuriti. Kartu identitas pengunjung tersebut harus ditukarkan kembali dengan KTP asli di resepsionis saat pulang.",SOP,Rendah
"Laporan dari Raka Wijaya, Divisi Customer Operations. Biaya operasional pusat kontak pelanggan tercatat sebesar Rp 32.500.000 pada bulan ini. Pengeluaran mencakup layanan komunikasi, perangkat kerja, dan pelatihan staf. Tidak terdapat penyimpangan dari anggaran yang telah ditetapkan.",Laporan Keuangan,Sedang
"Selamat pagi, saya Fajar Ramadhan dari bagian Produksi melaporkan bahwa aplikasi monitoring mesin tidak menampilkan data terbaru. Dashboard hanya loading terus dan operator tidak bisa melihat status mesin secara real time. Kondisi ini berisiko menghambat proses produksi karena kami tidak dapat memantau alarm mesin. dimohon prioritas penanganan karena lini produksi sedang berjalan penuh.",Tiket IT,Tinggi
"Selamat pagi HRD, saya Nanda Putri dari bagian Administrasi. Hingga saat ini saya belum menerima pembayaran lembur untuk dua bulan terakhir meskipun data lembur telah disetujui oleh atasan. Nominal yang belum dibayarkan cukup besar dan sangat saya butuhkan. tolong dilakukan pengecekan terhadap proses pembayaran lembur tersebut.",Email HR,Tinggi
"Selamat pagi Tim HRD. Saya berencana melangsungkan pernikahan pada pertengahan bulan Agustus nanti dan ingin berkonsultasi mengenai pengajuan cuti khusus menikah (marriage leave). Berdasarkan peraturan berapa hari jatah cuti berbayar yang diberikan secara resmi, dan apakah pengajuannya harus dilakukan minimal satu bulan sebelum hari H melalui aplikasi HRIS? Mohon penjelasannya agar saya bisa mengatur jadwal kerja tim. - Ryan Hidayat, Divisi Project Management.",Email HR,Rendah
"Saya, Yuni Kartika dari Divisi Informasi, mengajukan pengadaan 2 unit server rack untuk peningkatan kapasitas sistem. minimal prosesor 16 core, RAM 64 GB, dan storage 4 SSD. Estimasi per unit Rp85.000.000. Pengadaan mendesak karena server ini hampir mencapai batas maksimum.",Permintaan Pengadaan,Tinggi
"Laporan dari Dedi Kurniawan, Divisi Distribution Center. Pengeluaran gudang distribusi bulan ini mencapai Rp 14.200.000. Biaya meliputi kebutuhan pengemasan, alat kerja, dan perlengkapan keselamatan. Seluruh transaksi telah dicatat dan diverifikasi sesuai prosedur.",Laporan Keuangan,Sedang
Pemotongan pita stiker label pengiriman di gulungan alat potong besar mesin dispenser otomatis pengepakan wajib disejajarkan rata potong asahnya pagi agar gigi silet bergerigi pemutus tidak membuat hasil akhir perekat paket bergerigi jelek terkesan robek paksa gigi tumpul sering dimanfaatkan paksa ditarik kencang saat pengemasan bertumpuk dikejar tayang pesanan antrean harbonas pengiriman daring. Tim pemelihara kelayakan peralatan meja pengemasan memastikan olesan minyak cairan silikon anti karet tertetes halus minimal pelumas di bagian putaran as roda besi penahan selotip lakban segel perusahan kita demi menjaga roda gelinding licin putarannya terpakai tanpa bunyi derit melengking nyaring macet mesin sering memicu staf lekas lelah mendengarnya satu ruangan luas. Karyawan tak bertugas divisi kirim pengemasan sama sekali dilarang memainkan sisa pita gulung khusus bercap nomor segel kepentingan melabeli tutup boks plastik kardus sisa bingkisan acara kateringnya untuk dibawa keluar lingkup kantor secara tanpa sepengetahuan ketua komite atau supervisor pabrik di hari hari penutupan bulan acara rapat internal karena nomer stiker sangat di lapor hitung akurat buangan sisa penggunannya sekalian rekonsiliasi kirimannya per kode resi jalannya tepat tanpa cacat.,SOP,Rendah
"rekapitulasi dari Intan Puspita, unit Audit Kepatuhan. Pemeriksaan mendadak menemukan pembayaran uang muka vendor sebesar Rp 98.000.000 tanpa dokumen jaminan yang dipersyaratkan. Temuan tersebut berpotensi meningkatkan risiko kerugian perusahaan. Mohon unit pengadaan segera memberikan penjelasan dan dokumen pendukung.",Laporan Keuangan,Tinggi
"Bagi staf yang menggunakan koneksi VPN kantor dari fasilitas publik, wajib mengaktifkan autentikasi multifaktor. Mengunduh data perusahaan berukuran besar melalui jaringan Wi-Fi kafe sangat tidak dianjurkan. Segala aktivitas VPN pegawai akan dimonitor oleh sistem sekuritas jaringan pusat.",SOP,Sedang
"Apabila karyawan tidak sengaja merusak kartu akses pintu kantor akibat kelalaian, biaya pembuatan kartu baru ditanggung secara pribadi. Kartu yang retak dapat diserahkan ke bagian personalia untuk dinonaktifkan sistemnya. Selama kartu baru belum terbit, karyawan dapat menggunakan stiker akses tamu harian.",SOP,Rendah
Pagi Mas Mba IT. Jaringan internet lantai 4 mati total dan lampu indikator router berkedip merah. Saya Agus dari Marketing sedang bersiap untuk webinar live nasional yang dimulai 30 menit lagi. Kami benar-benar butuh koneksi stabil sekarang kirim secepatnya ke ruangan kami.,Tiket IT,Tinggi
"Halo IT, ini Eko Susanto dari Divisi Finance. Saya baru dipromosikan sebagai Senior Finance Analyst dan dalam posisi baru ini saya memerlukan akses ke folder shared drive Finance bagian Management Reports yang sebelumnya tidak bisa saya buka. Akses ini diperlukan untuk keperluan konsolidasi laporan keuangan bulanan dari seluruh cabang perusahaan. Sudah saya konfirmasi ke atasan langsung saya yaitu Ibu Rini Handayani selaku Manager Finance dan beliau sudah menyetujui pemberian akses ini. Mohon proses permintaan akses ini dan informasikan ke saya setelah selesai diproses. Eko Susanto, Finance Senior Analyst, Ext. 2215.",Tiket IT,Sedang
"Halo Tim IT, saya Surya Adinata dari Divisi Facility Management ingin menanyakan alur permintaan pemasangan jaringan LAN di ruang kerja baru. Ruangan tersebut baru akan digunakan bulan depan untuk tim sementara. Saat ini belum ada aktivitas operasional di lokasi tersebut. Mohon informasi tahapan pengajuan, estimasi kebutuhan perangkat, dan pihak yang perlu memberikan persetujuan.",Tiket IT,Rendah
Alur pengiriman keluar resmi perusahaan kini harus dipusatkan melalui ruang pos. Staf pos akan mencatat dan memilah dokumen sesuai dengan jasa ekspedisi yang bekerja sama. Setiap dokumen wajib mencantumkan nomor referensi surat yang valid.,SOP,Sedang
"Saya, Bayu Prakoso dari Divisi Penjualan, pengadaan 20 unit Android untuk tim lapangan. yang dibutuhkan adalah layar 10 inci dan RAM 6 GB. Perangkat akan digunakan untuk presentasi produk dan data pelanggan. Estimasi harga Rp4.000.000 per unit.",Permintaan Pengadaan,Sedang
"Saya, Dedi Kurniawan dari Divisi Produksi, mengajukan perbaikan dan penggantian komponen mesin produksi utama. diperlukan meliputi motor penggerak dan panel kontrol. Estimasi jasa dan material sebesar Kerusakan mesin telah menyebabkan penurunan produksi secara signifikan.",Permintaan Pengadaan,Tinggi
"Selamat pagi Helpdesk, saya Melati Puspita dari Divisi HR ingin meminta informasi prosedur peminjaman laptop cadangan. Kebutuhan ini untuk sesi onboarding karyawan baru bulan depan. Saat ini belum ada tanggal pasti, tetapi kami ingin mengetahui alur pengajuannya lebih awal. Mohon dibagikan formulir atau kontak yang perlu dihubungi.",Tiket IT,Rendah
"Selamat pagi Tim HRD. Saya ingin melaporkan adanya indikasi kuat manipulasi nota pengeluaran (reimbursement) perjalanan dinas luar yang dilakukan secara masif oleh tim sales regional selama bulan berturut-turut. Hasil komparasi data internal menunjukkan ada markup harga tiket akomodasi hingga 50% tarif riil vendor. bagian HRD segera membekukan limit pengajuan dana tim terkait dan menjadwalkan sidang komite etik minggu ini. - Vira Anindita, Divisi Compliance.",Email HR,Tinggi
"Selamat siang rekan-rekan IT. Belakangan ini baterai laptop saya sepertinya jadi lebih cepat habis dari hanya tahan sekitar satu jam. Saya Rini dari Marketing, saat ini masih bisa bekerja normal karena selalu colok di meja kerja. Jika nanti ada stok baterai baru untuk tipe Lenovo ini, mohon dimasukkan daftar antrean ya. kasih.",Tiket IT,Rendah
"unit Layanan Pelanggan memerlukan tambahan 4 unit komputer desktop (PC) untuk menggantikan perangkat lama agen yang sering mengalami blue screen dan hang di tengah panggilan pelanggan. Spesifikasi PC yang diusulkan adalah ASUS ExpertCenter dengan Intel Core i5, RAM 16GB, dan Monitor LED 21.5 inci. Estimasi dana untuk pembelian 4 unit desktop ini adalah Rp 38.000.000. Penggantian komputer ini ditargetkan selesai dalam dua minggu demi menjaga kualitas layanan Call Center. Pengajuan dari Joko Susilo, Divisi Layanan Pelanggan.",Permintaan Pengadaan,Sedang
Kebijakan work from home akan dirotasi menjadi format hybrid mulai bulan depan. Karyawan wajib hadir di kantor minimal tiga hari dalam seminggu sesuai jadwal divisi. Perubahan jadwal kehadiran harus disetujui oleh atasan langsung sehari sebelumnya.,SOP,Sedang
"Email dari Arman Hidayat, departemen Fasilitas. Pengeluaran rutin untuk perawatan taman kantor tercatat sebesar Rp 2.400.000 bulan ini. Biaya tersebut sesuai kontrak layanan yang berlaku. Tidak terdapat perubahan alokasi yang perlu diajukan.",Laporan Keuangan,Rendah
"Yth Tim Support, website utama perusahaan menampilkan Error 500 Bad Gateway setiap kali saya mencoba mengakses halaman checkout. Banyak komplain pelanggan yang masuk ke divisi Customer Service karena mereka tidak bisa melakukan pembayaran. Tolong segera ditangani karena ini berdampak langsung ke penjualan kita hari ini.",Tiket IT,Tinggi
"Darurat IT, mohon perhatiannya. Saya Reza dari Accounting mendapati banyak file excel di folder D berubah menjadi ekstensi aneh dan ada peringatan ransomware di layar. Saya langsung mencabut kabel jaringan dari PC saya prosedur keamanan. Tolong segera isolasi komputer saya agar virus menyebar jaringan kantor. Mohon segera kirim ke saya sekarang.",Tiket IT,Tinggi
"Saya, Hendra Gunawan dari Divisi Teknologi mengajukan pengadaan 20 lisensi software antivirus. Lisensi yang dibutuhkan selama satu tahun fitur proteksi endpoint. Estimasi biaya Rp500.000 per lisensi. Pengadaan dilakukan untuk menjaga keamanan perusahaan.",Permintaan Pengadaan,Sedang
"Server penyimpanan data utama untuk sistem akuntansi perusahaan mengalami kerusakan fatal pada hardware motherboard dan tidak dapat beroperasi kembali. Kami mengajukan pengadaan darurat 1 unit Server Dell PowerEdge R760 dengan konfigurasi dual prosesor Intel Xeon dan RAM 128GB. Ketiadaan server ini menghentikan seluruh aktivitas pembukuan, penggajian, dan penagihan invoice klien secara nasional. Estimasi anggaran untuk penggantian server kritis ini adalah Rp 145.000.000. Pengajuan dari Sri Wahyuni, Manajer Keuangan dan Akuntansi.",Permintaan Pengadaan,Tinggi
"Halo rekan HR, saya ingin mengajukan terkait insiden kecelakaan kerja yang dialami oleh salah tim Kevin, di area gudang siang ini. Kaki beliau tertimpa palet kayu dan saat sudah dilarikan rumah sakit terdekat untuk penanganan medis. Mohon petunjuk mengenai pengurusan klaim BPJS Ketenagakerjaan insiden ini karena kondisinya cukup parah. Saya tunggu arahannya segera. - Agus Wijaya, Divisi Logistik.",Email HR,Tinggi
"Kami memerlukan pengadaan berkala berupa 10 tabung isi ulang APAR (Alat Pemadam Api Ringan) jenis Powder ukuran 4,5 kg untuk dipasang di koridor kantor. Beberapa tabung lama sudah melewati masa kedaluwarsa dan perlu dilakukan pengisian ulang demi menjaga standar keselamatan kerja. Estimasi biaya pengisian dan perawatan ini adalah Rp3.500.000. Pengajuan dikirim oleh Guntur Wibowo dari Divisi K3.",Permintaan Pengadaan,Sedang
"Selamat siang Tim HR, hari ini saya tidak dapat masuk kerja dikarenakan kondisi badan yang demam tinggi dan flu berat sejak semalam. Saya sudah memeriksakan diri ke klinik terdekat dan dokter menyarankan untuk beristirahat total selama 2 hari ke depan. Foto surat keterangan sakit dari dokter telah saya lampirkan dalam email ini sebagai bukti absensi resmi. minta izinnya dan terima kasih atas perhatiannya. - Ahmad Fauzi, departemen Logistik.",Email HR,Sedang
"Laporan dari Raka Hidayat, Divisi Infrastructure Support. Pengeluaran pemeliharaan jaringan komputer selama bulan berjalan tercatat sebesar Rp 24.800.000. Biaya digunakan untuk penggantian perangkat pendukung dan layanan teknis berkala. Seluruh transaksi telah diverifikasi oleh tim terkait.",Laporan Keuangan,Sedang
"Perusahaan membutuhkan tambahan 4 lisensi aktif software AutoCAD Architecture secara instan untuk tim arsitek eksekusi proyek pembangunan pabrik baru yang deadline-nya dimajukan akhir bulan ini. Seluruh lisensi yang ada saat ini sudah penuh terpakai, sehingga arsitek tambahan tidak bisa bekerja merancang detail struktur eksternal. Estimasi biaya untuk pembelian lisensi resmi tahunan ini adalah Rp 98.000.000. Persetujuan kilat sangat dinantikan agar pembangunan fisik tidak tertunda. Pengajuan dari Mega Utami, Divisi Manajemen Proyek.",Permintaan Pengadaan,Tinggi
"Saya, Taufik Hidayat dari Maintenance, mengajukan pembelian 15 set toolkit teknisi. Setiap paket terdiri dari tang, dan perlengkapan lainnya. Pengadaan untuk melengkapi kebutuhan teknisi baru. Estimasi harga Rp1.800.000 per set.",Permintaan Pengadaan,Sedang
"Saya, Bambang Hermawan dari Divisi Teknik, mengajukan pengadaan 25 unit helm keselamatan proyek. Spesifikasi memenuhi standar keselamatan industri. Estimasi harga per unit Rp250.000. Pengadaan dilakukan untuk memenuhi kebutuhan perlengkapan kerja lapangan.",Permintaan Pengadaan,Sedang
"Email dari Bagas Adinata, departemen Riset dan Pengembangan. Kami mengajukan dana sebesar Rp 72.000.000 untuk pembelian perangkat pengujian produk baru. Peralatan tersebut dibutuhkan untuk mendukung pengembangan lini produk berikutnya. Rincian kebutuhan telah disampaikan dalam proposal terlampir.",Laporan Keuangan,Sedang
Karyawan yang bertugas di area gudang diwajibkan menggunakan sepatu pelindung berbahan baja. Inspeksi alat pelindung diri akan dilakukan oleh supervisor setiap awal shift kerja. Karyawan yang melanggar aturan ini akan dilarang memasuki area gudang.,SOP,Sedang
"Saya, Nanda Putri dari Divisi Sekretariat, mengajukan pengadaan layanan catering rapat untuk 100 peserta. Kegiatan akan berlangsung selama dua hari pada bulan depan. Paket yang dibutuhkan mencakup makan siang dan dua kali coffee break. Estimasi biaya Rp150.000 per peserta per hari.",Permintaan Pengadaan,Sedang
"Selamat siang Bapak/Ibu HR. Saya ingin menyampaikan keluhan kecil mengenai suhu pendingin ruangan (AC) di kubikel divisi kami yang terasa sangat dingin dalam beberapa hari terakhir ini, bahkan mencapai 16 derajat. Beberapa rekan kerja mulai mengeluh kurang nyaman dan sulit berkonsentrasi karena kedinginan. Mohon bantuan HR untuk menyampaikan hal ini kepada tim building maintenance agar suhu AC bisa disesuaikan ke tingkat yang wajar. Terima kasih. - Rina Amelia, Divisi Desain Komunikasi.",Email HR,Rendah
"Selamat pagi Tim IT, saya Anisa Putri dari Divisi Customer Success ingin meminta pemasangan aplikasi antivirus terbaru di laptop tim baru. Laptop sudah digunakan untuk onboarding, tetapi belum terlihat ikon antivirus di taskbar. Kami ingin memastikan perangkat aman sebelum digunakan untuk akses data pelanggan. Mohon dilakukan pengecekan dan instalasi jika memang belum terpasang.",Tiket IT,Sedang
Tim audit internal 2 unit scanner dokumen portabel berkecepatan tinggi merek Fujitsu kegiatan pemeriksaan dokumen keuangan di Alat ini akan sangat membantu proses digitalisasi transaksi secara cepat langsung di lokasi anak perusahaan. Estimasi harga untuk kedua scanner portabel tersebut adalah Rp 14.000.000. Efisiensi waktu audit di lapangan akan meningkat signifikan dengan alat ini. Nina Divisi Audit Internal.,Permintaan Pengadaan,Sedang
"unit Keuangan membutuhkan 1 unit mesin penghancur kertas (paper shredder) heavy-duty dengan kemampuan memotong model cross-cut untuk menggantikan alat lama yang motor penggeraknya terbakar. Mesin ini sangat krusial digunakan untuk memusnahkan dokumen slip gaji lama, berkas pajak, dan data perbankan yang sifatnya rahasia agar tidak bocor ke publik. Estimasi harga untuk unit baru bermerk Secure Maxi ini adalah Rp 5.500.000. Pengadaan ini bagian dari kepatuhan keamanan data keuangan. usulan dari Tri Wahyuni, Divisi Keuangan.",Permintaan Pengadaan,Sedang
"Selamat siang rekan HR. Saya melaporkan bahwa saya terpaksa izin pulang lebih awal hari ini dan kemungkinan tidak masuk esok karena tubuh drop akibat gejala tifus yang kambuh. Saya sedang perjalanan menuju klinik untuk melakukan tes darah lengkap. Surat keterangan sakit resmi dari dokter akan segera saya unggah HRIS begitu hasil diagnosis keluar. Mohon permakluman dan izinnya dari tim HR. - Farhan Kamil, Divisi Quality Assurance.",Email HR,Sedang
"Tim IT yang terhormat, saya Panji Nugroho dari Divisi Strategi Pengembangan Bisnis. Saya ingin menanyakan apakah perusahaan berlangganan layanan tanda tangan digital berbasis sertifikat yang diakui secara hukum di Indonesia seperti PrivyID atau VIDA. Dalam beberapa bulan ke depan divisi kami akan sering menandatangani perjanjian kerjasama dan MOU dengan mitra bisnis dan kami ingin beralih ke tanda tangan digital agar prosesnya lebih cepat efisien. belum ada, apakah ada rencana pengadaan layanan tersebut atau adakah prosedur untuk mengajukan kebutuhan ini ke manajemen? Ini pertanyaan ke depan dan tidak mendesak sama sekali. Nugroho, Business Manager, Ext. 6625.",Tiket IT,Rendah
"Email dari Bagus Saptono, unit Proyek. Kami mengajukan tambahan dana operasional sebesar Rp 110.000.000 untuk mendukung penyelesaian fase kedua proyek. Kebutuhan ini mencakup pembelian perangkat dan jasa konsultan. Mohon pertimbangan sesuai prioritas perusahaan.",Laporan Keuangan,Sedang
"Halo Tim IT, saya Bambang Riyanto dari Divisi Security melaporkan sistem CCTV ruang server tidak bisa diakses. Monitor hanya menampilkan pesan no signal untuk semua kamera yang terhubung. Area tersebut harus tetap dipantau karena ada pekerjaan vendor hari ini. Mohon segera dicek karena ini menyangkut pengawasan keamanan fasilitas.",Tiket IT,Tinggi
"Selamat siang HRD, saya Citra Dewanti dari bagian Keuangan. Saya ingin meminta salinan slip gaji tiga bulan terakhir untuk keperluan arsip pribadi. Dokumen tersebut tidak lagi tersedia pada portal yang biasa saya akses. tolong bantuan untuk mengirimkan salinan atau petunjuk cara mendapatkannya.",Email HR,Rendah
"Email dari Vicky Ramadhan, Operational Support. Biaya rutin penggantian kebersihan kantor mencapai Rp 1.740.000 pada ini. Pengeluaran masih berada dalam batas yang telah perusahaan. Tidak penambahan anggaran untuk periode berikutnya.",Laporan Keuangan,Rendah
"Laporan dari Vina Melati, Divisi Pengendalian Internal. Audit mendadak menemukan sejumlah pembayaran vendor dengan total Rp 92.000.000 yang diproses tanpa lampiran berita acara penerimaan barang. Temuan ini berisiko menimbulkan masalah kepatuhan. Mohon unit terkait memberikan klarifikasi tertulis.",Laporan Keuangan,Tinggi
"Saya, Andi Prasetyo Divisi Teknik, pengadaan 2 generator portable untuk mendukung pekerjaan lapangan proyek Spesifikasi minimal 5000 watt dengan sistem pengaman otomatis. Estimasi harga per unit Rp18.000.000. Pengadaan diperlukan segera untuk menghindari keterlambatan penyelesaian proyek.",Permintaan Pengadaan,Tinggi
"Selamat siang rekan HR. Saya ingin melaporkan bahwa saya terpaksa izin pulang lebih awal hari ini dan kemungkinan tidak masuk esok hari karena kondisi tubuh drop akibat gejala tifus yang kambuh. Saya sedang dalam perjalanan menuju klinik untuk melakukan tes darah lengkap. Surat keterangan sakit resmi dari dokter akan sesegera mungkin saya unggah ke sistem HRIS begitu hasil diagnosis keluar. harap permakluman dan izinnya dari tim HR. - Farhan Kamil, Divisi Quality Assurance.",Email HR,Sedang
"Selamat siang Ibu Merry. Saya ingin melaporkan tindakan intimidasi dan konflik serius yang terus terjadi antara saya dan atasan langsung saya di bagian pemasaran. Hal ini sudah sangat mengganggu kesehatan mental saya dan membuat lingkungan kerja menjadi tidak kondusif lagi. Saya meminta waktu untuk bertemu dengan perwakilan HR secara personal hari ini guna menceritakan kronologinya. harap bantuannya untuk menindaklanjuti hal ini. - Siti Rahma, Divisi Pemasaran.",Email HR,Tinggi
"Selamat pagi Bapak/Ibu HR. Saya ingin mengabarkan bahwa terjadi korsleting listrik di ruang server lantai 3 menimbulkan percikan api dan asap tebal beberapa menit Kami sudah mengevakuasi seluruh staf yang berada di tersebut sesuai dengan prosedur keselamatan. Mohon tim HR segera berkoordinasi dengan tim fasilitas dan keamanan untuk penanganan lebih lanjut sebelum terjadi besar. Terima Eko Prasetyo, Divisi IT Support.",Email HR,Tinggi
"Email dari Arif Setiawan, Divisi Keuangan Proyek. Pengeluaran aktual proyek pembangunan gudang telah mencapai Rp 452.000.000 dari anggaran awal Rp 350.000.000. Selisih tersebut berasal dari kenaikan harga material konstruksi. Mohon manajemen terkait tambahan proyek.",Laporan Keuangan,Tinggi
"Laporan dari Putra Wijaya, Divisi Treasury. Terdapat penurunan saldo investasi jangka pendek sebesar Rp 139.000.000 akibat pencairan untuk kebutuhan operasional Jika tren ini berlanjut, cadangan likuiditas akan berada di bawah batas minimum. Mohon arahan terkait strategi pendanaan.",Laporan Keuangan,Tinggi
"Yth. Helpdesk IT, saya Gilang Ramadhan dari unit Marketing ingin bertanya mengenai format standar nama file di server perusahaan. Tim kami sedang merapikan materi kampanye lama agar lebih mudah dicari. Tidak ada kendala akses atau kerusakan sistem saat ini. tolong informasi jika ada pedoman penamaan file yang direkomendasikan.",Tiket IT,Rendah
"Selamat siang HRD, saya Fajar Nugroho dari unit IT. Pada slip gaji bulan ini terdapat pemotongan yang tidak saya pahami dan nilainya cukup besar dibanding bulan sebelumnya. Saya sudah memeriksa data absensi dan tidak menemukan ketidaksesuaian yang signifikan. minta penjelasan serta koreksi apabila memang terjadi kesalahan perhitungan.",Email HR,Tinggi
"Email dari Lala Fitriani, Divisi Office Management. Pengeluaran rutin untuk kebutuhan tanaman hias perawatan area resepsionis mencapai Rp 1.950.000 bulan ini. Biaya masih sesuai anggaran pemeliharaan fasilitas kantor. Tidak diperlukan tindakan lanjutan dari tim keuangan.",Laporan Keuangan,Rendah
Setiap karyawan yang menggunakan fasilitas mesin kopi di pantry membuang ampas kopinya ke sampah organik. Cangkir pakai harus segera dicuci secara mandiri di wastafel yang tersedia. Staf kebersihan tidak bertugas untuk mencuci peralatan makan pribadi milik,SOP,Rendah
"Tim IT, saya Marlina Yusuf dari Divisi HR Services ingin meminta informasi format standar permintaan akses sistem untuk karyawan Bulan depan ada beberapa perpindahan posisi antar divisi. Kami ingin menyiapkan dokumen pengajuan akses dengan benar sejak awal. Mohon dibagikan template daftar informasi yang dibutuhkan.",Tiket IT,Rendah
Kerusakan pada bangunan pabrik akibat cuaca ekstrem harus dilaporkan segera ke manajer operasional. Area yang rusak wajib dipasangi garis polisi untuk mencegah karyawan masuk. Penilaian teknis dari insinyur sipil dibutuhkan sebelum area dapat digunakan lagi.,SOP,Tinggi
"Email dari Rudi Hartono, Divisi SDM. Pengeluaran kegiatan pelatihan karyawan bulan ini tercatat sebesar Rp 21.500.000. Biaya meliputi honor narasumber dan penyediaan fasilitas pelatihan. Laporan rinci telah disertakan untuk kebutuhan arsip keuangan.",Laporan Keuangan,Sedang
"Halo Tim IT, sistem ERP perusahaan tiba-tiba tidak bisa diakses sejak jam 8 pagi ini. Padahal hari ini adalah hari penutupan buku akhir bulan yang sangat krusial bagi divisi Finance. Mohon segera dicek karena seluruh tim tidak bisa bekerja sama sekali. Terima kasih atas bantuannya.",Tiket IT,Tinggi
"Email dari Arief Nugraha, Divisi Risk Finance. Nilai cadangan kerugian piutang perlu ditingkatkan sebesar Rp 128.000.000 berdasarkan hasil evaluasi pelanggan berisiko tinggi. Penyesuaian ini akan berdampak langsung laba periode berjalan. Mohon persetujuan sebelum dilakukan pencatatan akuntansi.",Laporan Keuangan,Tinggi
"Selamat siang IT Support. Bisakah tolong dicek spesifikasi memori di perangkat yang sedang saya gunakan sekarang? Saya merasa akhir-akhir ini performanya agak lambat saat membuka banyak tab browser internet. Jika memungkinkan, saya ingin tahu apakah masih ada slot kosong untuk tambah memori ke depannya. Salam hangat dari Rio.",Tiket IT,Rendah
"Laporan dari Nadya Permata, Divisi Customer Experience. Pengeluaran program survei kepuasan pelanggan bulan ini tercatat sebesar Rp 13.700.000. Dana digunakan untuk platform survei dan insentif responden. Seluruh biaya masih sesuai rencana kegiatan yang disetujui.",Laporan Keuangan,Sedang
"Halo IT Support, saya Rizal Mahendra dari unit Supply Chain Management. Sudah sekitar 2 minggu ini browser Google Chrome di perangkat saya selalu meminta update setiap kali dibuka namun tombol update selalu gagal karena muncul notifikasi Insufficient permissions untuk memperbarui browser tersebut. Saya paham bahwa laptop kantor memiliki pembatasan hak admin untuk instalasi dan update software, namun saya khawatir browser yang out-of-date bisa menjadi celah keamanan. Apakah ada cara untuk memperbarui Chrome secara manual tanpa hak admin atau apakah Tim IT bisa melakukan update secara remote melalui sistem manajemen perangkat? Tidak mendesak namun ingin segera diselesaikan demi keamanan. Rizal Mahendra, Supply Chain Analyst, Ext. 8825.",Tiket IT,Rendah
"Email dari Radit Saputra, Divisi Capital Expenditure. Pengadaan mesin produksi baru telah menghabiskan dana Rp 468.000.000 dan melampaui estimasi awal proyek. Kenaikan biaya dipicu oleh perubahan spesifikasi teknis dari pemasok. Mohon arahan manajemen mengenai penyesuaian anggaran investasi.",Laporan Keuangan,Tinggi
"Selamat pagi HRD, saya Nanda Putri dari Divisi Administrasi. Hingga saat ini saya belum menerima pembayaran lembur untuk dua bulan terakhir meskipun data lembur telah disetujui oleh atasan. Nominal yang belum dibayarkan cukup besar dan sangat saya butuhkan. Mohon dilakukan pengecekan terhadap proses pembayaran lembur tersebut.",Email HR,Tinggi
"Kepada HRD, saya Bagus Ramadhan dari bagian Supply Chain. Saya tertarik untuk mengikuti program mutasi ke bagian lain yang sedang dibuka secara internal. Sebelum mengajukan secara resmi, saya ingin mengetahui persyaratan dan prosedur yang berlaku. Mohon informasi lebih lanjut mengenai proses tersebut.",Email HR,Sedang
"rekap dari Vina Melati, bagian Pengendalian Internal. Audit mendadak menemukan sejumlah pembayaran vendor dengan total Rp 92.000.000 yang diproses tanpa lampiran berita acara penerimaan barang. Temuan ini berisiko menimbulkan masalah kepatuhan. Mohon unit terkait memberikan klarifikasi tertulis.",Laporan Keuangan,Tinggi
"Email dari Tania Lestari, Divisi Facility Operations. perawatan rutin ruang rapat dan area publik kantor bulan ini tercatat sebesar Rp 2.300.000. Kegiatan dilakukan sesuai jadwal pemeliharaan Laporan ini disampaikan sebagai bagian dari dokumentasi keuangan rutin.",Laporan Keuangan,Rendah
"Laporan dari Sinta Oktarina, Divisi Internal Control. Ditemukan pengeluaran promosi sebesar Rp 111.000.000 yang tidak memiliki dokumen hasil evaluasi kegiatan. Temuan ini berisiko memengaruhi kepatuhan terhadap kebijakan pengeluaran perusahaan. Unit pemasaran diminta memberikan penjelasan tertulis dalam waktu dekat.",Laporan Keuangan,Tinggi
"Laporan dari Sinta Oktarina, Divisi Internal Ditemukan pengeluaran promosi sebesar Rp 111.000.000 yang tidak memiliki dokumen evaluasi kegiatan. berisiko memengaruhi kepatuhan terhadap kebijakan pengeluaran perusahaan. Unit pemasaran memberikan tertulis dalam waktu dekat.",Laporan Keuangan,Tinggi
"Saya, Galih Ramadhan dari Divisi Teknologi Informasi, mengajukan pengadaan 5 unit monitor tambahan ukuran 27 inci. Spesifikasi resolusi Full HD dan panel IPS. Estimasi harga per unit Rp2.800.000. Pengadaan ditujukan sebagai persiapan ekspansi tim pada semester berikutnya.",Permintaan Pengadaan,Rendah
"Email dari Galih Nugraha, Divisi Pengadaan. Rekap invoice vendor bulan ini menunjukkan total tagihan sebesar Rp 143.000.000 dari lima pemasok aktif. Seluruh dokumen pendukung telah diverifikasi oleh tim terkait. Mohon penjadwalan pembayaran sesuai prosedur perusahaan.",Laporan Keuangan,Sedang
"Tim yang terhormat, saya melaporkan kondisi darurat: database produksi kami DB-PROD-01 mengalami crash pada pukul 09.22 WIB dan seluruh internal tidak bisa mengakses data. Ini berdampak 5 aplikasi sekaligus termasuk sistem inventory, CRM, dan portal karyawan. Tim Development sudah mencoba restart service namun dan muncul error log transaction log full. Mohon tim database administrator segera turun tangan karena downtime sudah berjalan lebih dari 45 menit dan berdampak pada seluruh operasional Ini adalah prioritas P1 yang harus diselesaikan segera. Permana, Lead Developer, Ext. 3301.",Tiket IT,Tinggi
siang Tim IT. HRIS di komputer saya sepertinya masih menggunakan versi lama dan sering lambat saat digunakan. Teman-teman yang lain sudah menggunakan versi terbaru yang tampilannya berbeda dan cepat. Tolong bantuannya untuk melakukan update aplikasi komputer saya saat ada waktu luang.,Tiket IT,Sedang
"Selamat siang Tim HR, berhubung proses pengunduran diri saya telah disetujui sebulan lalu dan hari efektif terakhir saya bekerja jatuh pada hari Jumat depan, saya ingin mengajukan dimohon penerbitan surat pengalaman kerja (certificate of employment). Dokumen ini sangat esensial bagi saya untuk keperluan verifikasi latar belakang di institusi pendidikan baru tempat saya melanjutkan studi. tolong informasi alur kliring berkas yang harus saya penuhi. Terima kasih. - Farhan Hakim, Divisi Legal Specialist.",Email HR,Sedang
"Kepada Tim HRD, Saya Fitriani Kusuma dari Divisi Operasional bermaksud menyampaikan keberatan resmi atas keputusan pemutusan hubungan kerja yang diberitahukan kepada saya secara mendadak pada tanggal 8 November 2024. Saya menerima surat PHK tersebut tanpa ada peringatan tertulis sebelumnya atau prosedur pembinaan sebagaimana diatur dalam PKB perusahaan. Selain itu, perhitungan pesangon yang tertera tidak sesuai dengan ketentuan UU Cipta Kerja yang berlaku. Saya meminta penjelasan tertulis mengenai alasan PHK yang sah secara hukum dan perhitungan ulang hak-hak saya. Apabila tidak ada respons dalam 3 hari kerja, saya akan melibatkan kuasa hukum dan melaporkan ke Dinas Ketenagakerjaan.",Email HR,Tinggi
Draf dokumen publikasi media sosial yang sifatnya informatif umum tidak lagi membutuhkan persetujuan direktur operasional. Cukup serahkan draf tersebut ke supervisor bagian marketing untuk validasi gaya bahasanya. Unggahan dapat dijadwalkan secara otomatis melalui platform manajemen sosial media terpusat.,SOP,Rendah
"rekapitulasi dari Lina Handayani, unit Treasury. Saldo rekening operasional utama saat ini hanya Rp 8.500.000 sementara kebutuhan gaji karyawan mencapai Rp 275.000.000. Kondisi ini memerlukan tindakan pendanaan darurat. Mohon arahan dan persetujuan pencairan dana cadangan.",Laporan Keuangan,Tinggi
"Halo Tim HRD. Saya baru saja mendapat kabar duka dari kampung halaman bahwa ayah kandung saya meninggal dunia akibat kecelakaan lalu lintas satu jam yang lalu. Oleh karena itu, saya harus cepat pulang hari ini menggunakan penerbangan paling pertama dan terpaksa meninggalkan sisa pekerjaan saya. tolong dispensasi dan izin cuti duka cita darurat ini diproses selama 3 hari ke depan. Surat kematian dari kelurahan akan saya kirimkan via email setelah proses pemakaman selesai. - Bayu Setiawan, Divisi Logistik.",Email HR,Tinggi
"Halo rekan HRD, saya ingin mengajukan klaim kacamata tahunan sesuai dengan plafon kesehatan yang disediakan oleh perusahaan. Saya sudah melakukan pemeriksaan mata di optik rekanan resmi dan kuitansi pembelian lensa serta bingkai kacamata baru telah saya lampirkan di sini. Mohon dibantu untuk proses verifikasi data dan pencairan dananya ke rekening saya pada periode penggantian berikutnya. Terima kasih. - Rizky Pratama, Divisi Pengembangan Bisnis.",Email HR,Sedang
"Kami mengajukan permintaan pengadaan baju seragam kerja baru untuk 15 orang petugas satuan internal perusahaan. Setiap personel akan mendapatkan 2 stel seragam PDH (Pakaian Dinas Harian) lengkap dengan atribut logo perusahaan baru. total biaya pengerjaan konveksi dan penjahitan seragam ini adalah sebesar 12.000.000. pengerjaan diharapkan selesai dalam kurun waktu satu bulan. Pengajuan oleh heri sulistyo, Divisi Keamanan.",Permintaan Pengadaan,Sedang
"Kepada HRD yang Terhormat, Dengan hormat saya Mega Lestari, Asisten Manajer Divisi Finance, ingin menyampaikan bahwa saya mengalami tekanan berlebihan dugaan praktik kerja dari atasan saya. Saya rutin diwajibkan lembur hingga pukul 23.00 WIB kompensasi apapun dengan 'dedikasi dan loyalitas', dan jika menolak dianggap kooperatif dalam penilaian Dalam 2 bulan terakhir kondisi ini berdampak pada kesehatan saya, yang dibuktikan dengan surat dokter terlampir. Saya memohon melakukan investigasi terhadap praktik manajemen di divisi saya memastikan hak-hak saya sebagai sesuai aturan Mohon segera karena kondisi sudah cukup kritis.",Email HR,Tinggi
"Saya Farida Utami dari departemen HRD mengajukan pengadaan software HRIS payroll berbasis cloud dengan lisensi tahunan untuk 150 pegawai perusahaan. Sistem pencatatan manual saat ini sudah tidak efisien dan sering menimbulkan kesalahan perhitungan lembur bulanan. Spesifikasi modul yang wajib ada meliputi manajemen absensi, perhitungan PPh 21, dan integrasi BPJS Kesehatan. Estimasi biaya langganan tahun pertama adalah Rp 45.000.000.",Permintaan Pengadaan,Sedang
"Pada saat jam operasional berakhir, petugas keamanan akan melakukan patroli keliling seluruh lantai gedung. Seluruh lampu ruang kerja dan layar monitor komputer wajib dimatikan oleh karyawan sebelum pulang. Pintu utama lantai akan dikunci rapat pada pukul delapan malam.",SOP,Rendah
"Setiap ada laporan media mengenai krisis reputasi perusahaan, direktur komunikasi harus mengambil alih kendali informasi. Tidak ada satu pun kepala cabang yang boleh memberikan wawancara independen. Rapat krisis dewan direksi harus diselenggarakan maksimal dua jam pasca berita beredar.",SOP,Tinggi
"Email dari Rani Amelia, Divisi Development. Pengeluaran program tanggung jawab sosial perusahaan pada bulan ini tercatat sebesar Rp 22.300.000. Dana untuk kegiatan edukasi bantuan sarana umum. Seluruh penggunaan dana telah dengan",Laporan Keuangan,Sedang
"Email dari Hendra Kuncoro, Divisi Vendor Management. Rekap tagihan vendor jasa kebersihan dan keamanan menunjukkan total nilai Rp 67.000.000 untuk periode berjalan. Seluruh invoice telah diverifikasi oleh unit pengguna jasa. Mohon proses pembayaran sesuai jadwal yang berlaku.",Laporan Keuangan,Sedang
"Halo Tim IT, saya Mira Anggraini dari tim Sales Support. Saya sering perlu berbagi file berukuran besar dengan klien eksternal namun email tidak mencukupi karena ada batasan ukuran lampiran. Saya ingin menanyakan apakah perusahaan menyediakan solusi cloud storage resmi seperti SharePoint atau OneDrive yang bisa digunakan untuk berbagi file dengan pihak luar secara aman dan mudah dilacak. Jika tersedia, bagaimana cara mengaksesnya dan apakah ada ketentuan mengenai jenis file yang boleh dibagikan ke pihak eksternal? Tidak ada urgensi tertentu, ini hanya untuk mengoptimalkan cara kerja saya ke depan. Terima kasih, Mira Anggraini, Sales Support, Ext. 4435.",Tiket IT,Rendah
"report dari Monika Anggraeni, departemen Pajak dan Kepatuhan. Pemeriksaan dokumen menemukan potensi koreksi pajak penghasilan badan sebesar Rp 84.000.000. Temuan ini berasal dari perbedaan perlakuan akuntansi terhadap beberapa biaya operasional. Mohon peninjauan bersama konsultan pajak perusahaan.",Laporan Keuangan,Tinggi
"Kepada Tim HRD, Saya Citra Dewi Anggraini, Staf Divisi Humas, ingin mengajukan permohonan cuti sakit selama 3 hari kerja mulai Senin, 11 November 2024 berdasarkan anjuran dokter karena demam berdarah yang saya derita. Surat keterangan dokter dari RS Harapan Bunda sudah saya lampirkan dalam email ini. Saya sudah menginformasikan kepada rekan satu tim dan atasan saya serta mendelegasikan pekerjaan yang mendesak. Mohon HRD memproses pengajuan cuti sakit ini dan memperbarui catatan absensi saya sesuai ketentuan yang berlaku. Terima kasih atas pengertiannya.",Email HR,Sedang
"Email dari Alif Rahman, unit Monitoring Pendapatan. Salah satu proyek utama hanya menghasilkan pendapatan Rp 189.000.000 di bawah target yang telah ditetapkan untuk semester ini. Selisih tersebut berpotensi memengaruhi pencapaian indikator kinerja perusahaan. Analisis lanjutan diperlukan untuk menentukan langkah perbaikan yang tepat.",Laporan Keuangan,Tinggi
"Tim IT, saya Anastasia Widyawati dari Divisi Perencanaan Keuangan yang sedang WFH hari Koneksi VPN sama sekali tidak bisa terhubung sejak pukul WIB dan pesan The remote connection was not the attempted VPN tunnels failed. Sudah saya coba restart modem, reinstall aplikasi VPN, dan menghubungi provider internet namun memastikan koneksi internet dan masalah di sisi konfigurasi VPN. Saya memiliki rapat dewan direksi yang harus dukung dengan data real-time dari sistem keuangan pada pukul 10.00 WIB dan tanpa VPN saya tidak mengakses satu pun sistem yang diperlukan. Jika tidak ada solusi segera saya mungkin datang ke kantor namun perjalanan akan memakan 2 jam dan rapat sudah dimulai. Mohon prioritaskan penanganan ini secepatnya. Anastasia Widyawati, Financial Planning HP 0896-5566-7788.",Tiket IT,Tinggi
"Email dari Fajar Anugrah, Divisi Pengendalian Anggaran. Hasil evaluasi triwulan menunjukkan biaya lembur karyawan mencapai Rp 205.000.000 atau 63% di atas anggaran yang telah disetujui. Kenaikan terjadi pada beberapa unit operasional yang mengalami peningkatan beban kerja. Mohon dilakukan review menyeluruh terhadap kebijakan penjadwalan tenaga kerja untuk mengendalikan biaya.",Laporan Keuangan,Tinggi
Penggantian asuransi kesehatan karyawan hilang dapat diajukan kembali staf HRD terkait. Pemotongan gaji sebesar lima puluh ribu rupiah akan dikenakan sebagai biaya administrasi pencetakan kartu baru. Kartu baru akan tersedia dalam tujuh hari kerja setelah pengajuan.,SOP,Sedang
"Email dari Reni Kusumawati, Divisi Finance Operation. yang telah melewati jatuh tempo mencapai Rp 412.000.000. Keterlambatan pembayaran pelanggan mulai memengaruhi perencanaan arus kas bulanan. Mohon dukungan dari tim penagihan untuk mempercepat proses koleksi.",Laporan Keuangan,Tinggi
Halo rekan-rekan IT. Mesin scanner barcode di area loading dock tidak terhubung ke sistem inventory. Saya Hendra dari divisi Produksi melaporkan bahwa antrean barang masuk sudah menumpuk parah. Operasional gudang benar-benar terhenti karena kami tidak bisa melakukan input manual. Mohon prioritas tertingginya untuk memperbaiki koneksi alat ini.,Tiket IT,Tinggi
"Email dari Reza Pahlevi, Divisi Corporate Treasury. Berdasarkan laporan kas harian, terjadi saldo rekening utama hingga Rp 287.000.000 akibat kontraktor. Dengan kondisi saat ini, cadangan kas hanya cukup untuk selama enam hari kerja. Mohon persetujuan penggunaan kredit modal kerja untuk menjaga kelangsungan aktivitas perusahaan.",Laporan Keuangan,Tinggi
"Email dari Chandra Saputro, departemen Gudang. Biaya rutin pembelian perlengkapan kebersihan gudang selama minggu ini mencapai Rp 1.600.000. Pengeluaran masih berada dalam batas yang ditentukan perusahaan. rekapitulasi ini disampaikan untuk keperluan dokumentasi bulanan.",Laporan Keuangan,Rendah
"Selamat pagi Tim IT, saya Elvira Damayanti dari Divisi Finance Control ingin bertanya mengenai cara mengaktifkan autentikasi dua faktor pada akun kantor. Saya ingin meningkatkan keamanan akun sebelum mengakses sistem dari luar kantor. Saat ini akun saya masih bisa digunakan seperti biasa. Mohon dikirimkan panduan aktivasi dan informasi aplikasi authenticator yang direkomendasikan.",Tiket IT,Rendah
"Saya, Arif Setiawan dari unit Quality Assurance, mengajukan pengadaan 2 unit proyektor full HD dengan tingkat kecerahan minimal 4.000 lumens. Proyektor yang digunakan untuk presentasi audit internal mengalami kerusakan permanen. Kebutuhan ini mendesak karena agenda audit akan berlangsung minggu depan. Estimasi harga Rp12.000.000 per unit.",Permintaan Pengadaan,Tinggi
"Yth. Helpdesk IT, saya Andi Saputra dari unit Operasional mengalami problem pada akses VPN. Saya sedang berada di luar kantor untuk kunjungan cabang dan harus mengunggah laporan stok sebelum pukul 11.30. Aplikasi VPN selalu menampilkan status connecting lalu terputus sendiri. Mohon bantuan segera karena data tersebut diperlukan untuk keputusan pengiriman hari ini.",Tiket IT,Tinggi
"Selamat pagi rekan HR. Saya ingin mengadukan bahwa akun payroll dan akses portal HRIS saya telah diretas oleh pihak tidak dikenal sejak tadi malam, di mana nomor rekening bank saya diubah secara sepihak di sistem. Saya khawatir informasi pribadi dan detail gaji saya disalahgunakan untuk tindakan kriminal atau pinjaman online. Mohon tim HR segera membekukan sementara akun HRIS saya dan melakukan investigasi forensik digital hari ini juga. Terima kasih. - Aditya Pratama, Divisi Digital Marketing.",Email HR,Tinggi
"Email dari Chintya Paramita, Divisi Vendor. Rekap invoice penyedia jasa keamanan fasilitas menunjukkan total tagihan Rp 45.000.000 periode berjalan. Seluruh dokumen pendukung telah diverifikasi dan disetujui oleh unit pengguna. Mohon invoice dimasukkan ke dalam jadwal berikutnya.",Laporan Keuangan,Sedang
"Selamat pagi Helpdesk, saya Melati Puspita dari unit HR ingin meminta informasi prosedur peminjaman perangkat cadangan. Kebutuhan ini untuk sesi onboarding karyawan baru bulan depan. Saat ini belum ada tanggal pasti, tetapi kami ingin mengetahui alur pengajuannya lebih awal. Mohon dibagikan formulir atau kontak yang perlu dihubungi.",Tiket IT,Rendah
Kami membutuhkan pengadaan kendaraan operasional berupa 1 unit sepeda motor Honda Vario 125cc untuk menunjang mobilitas kurir kantor dalam mengirimkan dokumen antar instansi. Motor kurir yang ada saat ini sering mogok dan membutuhkan biaya servis yang semakin mahal. Estimasi harga motor operasional baru tersebut adalah Rp23.000.000. Pengajuan dikirim oleh Rizky Ramadhan dari Divisi Logistik.,Permintaan Pengadaan,Sedang
Selamat siang Tim IT. Aplikasi HRIS di komputer saya sepertinya masih menggunakan versi lama dan sering lambat saat digunakan. Teman-teman yang lain sudah menggunakan versi terbaru yang tampilannya berbeda dan lebih cepat. Tolong bantuannya untuk melakukan update aplikasi di komputer saya saat ada waktu luang.,Tiket IT,Sedang
"Selamat siang Tim IT, saya Maya Lestari dari bagian HR tidak bisa mengakses folder jaringan payroll. Pesan yang muncul adalah access denied, padahal sebelumnya saya rutin menggunakan folder tersebut. Hari ini adalah batas akhir finalisasi data gaji staf Mohon segera dipulihkan aksesnya karena proses payroll tidak bisa dilanjutkan tanpa file tersebut.",Tiket IT,Tinggi
Penyusunan laporan keberlanjutan atau sustainability report perusahaan akan dikelola oleh komite khusus lintas divisi. Setiap divisi operasional wajib menyetorkan data jejak karbon mereka selambatnya pertengahan Januari. Laporan akan dipublikasikan ke publik setelah proses audit dari konsultan lingkungan selesai.,SOP,Sedang
Mohon dibantu pengadaan berkala jasa cleaning service bulanan untuk perawatan karpet kantor seluas 500 meter persegi di lantai 3. Karpet sudah mulai berdebu tebal dan mengeluarkan bau tidak sedap yang berpotensi mengganggu kesehatan pernapasan karyawan. Pengerjaan diharapkan dilakukan pada akhir pekan agar tidak mengganggu jam kerja efektif. Estimasi biaya jasa pencucian karpet ini adalah Rp 7.500.000.,Permintaan Pengadaan,Sedang
"Bagi karyawan yang menggunakan koneksi VPN kantor dari fasilitas publik, wajib mengaktifkan autentikasi multifaktor. Mengunduh data perusahaan berukuran besar melalui jaringan Wi-Fi kafe sangat tidak dianjurkan. Segala aktivitas VPN karyawan akan dimonitor oleh sistem sekuritas jaringan pusat.",SOP,Sedang
"Laporan dari Teguh Firmansyah, Divisi Internal Audit. Ditemukan ketidaksesuaian nilai aset inventaris sebesar Rp 116.000.000 antara hasil stock opname dan catatan sistem. Selisih ini berpotensi memengaruhi akurasi laporan aset perusahaan. Verifikasi fisik lanjutan telah dijadwalkan minggu ini.",Laporan Keuangan,Tinggi
"Yth. HRD PT Maju Bersama, Saya Rudi Pramono, Supervisor Gudang, bahwa terjadi pemotongan gaji yang tidak wajar pada gaji bulan September saya Rp tanpa ada penjelasan atau notifikasi sebelumnya. Setelah saya cek, tidak ada absensi atau pelanggaran disiplin apapun yang saya lakukan di bulan tersebut. menghubungi admin penggajian namun tidak mendapatkan jawaban yang memuaskan hingga lebih dari seminggu. Mohon HRD segera menginvestigasi dan mengembalikan kelebihan potongan tersebut pada pembayaran berikutnya beserta penjelasan tertulis. Ini yang kedua kalinya terjadi 3 bulan terakhir dan sangat mengganggu kepercayaan saya terhadap sistem penggajian perusahaan.",Email HR,Tinggi
"dari Prita Wulandari, Divisi Office Support. pembelian map arsip, tinta dan alat tulis mencapai 720.000 selama minggu berjalan. Seluruh kebutuhan tersebut untuk aktivitas administrasi rutin. Tidak ada permintaan tambahan yang bersifat mendesak.",Laporan Keuangan,Rendah
"Selamat siang, saya Bayu Prakoso dari Divisi Inventory membutuhkan instalasi driver scanner barcode di komputer stok opname. Scanner sudah terdeteksi sebagai perangkat USB, tetapi aplikasi stok tidak membaca hasil scan. Proses stok opname akan dilakukan beberapa hari lagi. Mohon bantuan konfigurasi agar perangkat siap digunakan sebelum kegiatan dimulai.",Tiket IT,Sedang
Kebijakan baru dalam penanganan dokumen surat perjanjian yang telah kedaluwarsa mewajibkan proses pencacahan atau shredding Dokumen fisik tidak boleh dibuang kondisi utuh tempat sampah. Proses pencacahan harus disaksikan oleh staf dari departemen kepatuhan hukum.,SOP,Sedang
"Untuk mendukung kegiatan presentasi dan koordinasi internal di ruang meeting kecil, kami memerlukan media visual yang memadai. tolong diajukan pembelian 1 unit Smart TV Samsung 55 inci beserta bracket dinding gantung. Alat ini akan difungsikan sebagai monitor display pengganti proyektor portable yang sering dipindahkan ke ruangan lain. Estimasi total biaya pengadaan beserta instalasi adalah Rp 8.500.000. permintaan oleh taufik Hidayat, Divisi Operasional.",Permintaan Pengadaan,Sedang
Standar batas pencetakan kartu ucapan selamat hari raya Idul bagi daftar mitra kerja dibatasi sebanyak lima lembar setahunnya. Pengiriman kartu fisik tersebut diutamakan bagi para klien skala besar dan pejabat pemerintahan bekerja langsung. Klien berskala menengah hanya akan mendapatkan ucapan resmi templat surel yang telah didesain khusus.,SOP,Rendah
Setiap perangkat lunak baru di komputer kantor memerlukan tiket persetujuan dari IT support. perangkat lunak tidak sangat dilarang keras di lingkungan perusahaan. Audit perangkat lunak dilakukan secara acak setiap kuartalnya.,SOP,Sedang
"Kepada Yth. HRD Manager, Saya Ferdi Kurniawan, Divisi Business Development, ingin menanyakan perusahaan menyediakan program Employee Assistance Program (EAP) atau konseling psikologis gratis bagi karyawan. Saya mendengar beberapa besar sudah menyediakan fasilitas ini dan mengetahui apakah benefit serupa juga tersedia di sini. Jika tersedia, mohon cara mengaksesnya apakah sifatnya rahasia atau ada pelaporan ke manajemen. Terima kasih atas informasinya.",Email HR,Rendah
"Kami mengajukan perpanjangan kontrak untuk jasa cleaning service kantor dengan vendor PT Bersih Sejahtera untuk periode 6 bulan ke depan. Layanan ini mencakup pembersihan area kerja, toilet, dan koridor harian oleh 2 orang personel kebersihan. Estimasi total nilai kontrak untuk setengah tahun ke depan adalah Rp 48.000.000. Kebersihan lingkungan kerja sangat krusial untuk kesehatan seluruh karyawan di kantor. Pengajuan dari Rizky Pratama, Divisi Pengelolaan Fasilitas.",Permintaan Pengadaan,Sedang
Siang Mba IT. Ada notifikasi dari sistem antivirus PC saya yang mengatakan bahwa database virusnya kadaluarsa selama 30 hari. Sari dari General Affairs sudah klik update namun selalu gagal butuh akses Mohon bantuannya untuk meremote PC saya dan melakukan update. Saya ada malware masuk jika dibiarkan.,Tiket IT,Sedang
Halo rekan-rekan IT. Kemarin saya melihat ada pengumuman tentang jadwal maintenance server di akhir pekan ini. Apakah selama maintenance tersebut aplikasi portal karyawan masih diakses normal? Saya berencana ingin cuti saya di hari Sabtu besok. Terima kasih banyak infonya.,Tiket IT,Rendah
"Bila ada dokumen penawaran harga standar yang ditolak oleh klien, surat fisik tersebut dicap 'Dibatalkan' dengan stempel merah. Dokumen tersebut diarsipkan terpisah dalam lemari proyek gagal agar dapat dievaluasi staf di kemudian hari. Jangan membuangnya langsung karena rekam jejak tersebut dibutuhkan saat audit tahunan.",SOP,Rendah
"Email dari Hanif Maulana, Divisi Financial Operations. Terdapat penundaan pembayaran pelanggan strategis dengan nilai total Rp 347.000.000 yang seharusnya diterima bulan ini. Keterlambatan tersebut memengaruhi proyeksi arus kas jangka pendek perusahaan. Mohon koordinasi lintas fungsi untuk mempercepat proses penagihan.",Laporan Keuangan,Tinggi
"Server penyimpanan data utama untuk sistem akuntansi perusahaan kerusakan fatal pada hardware motherboard dan tidak beroperasi kembali. Kami pengadaan 1 unit Dell R760 dengan konfigurasi dual prosesor Xeon dan RAM 128GB. ini menghentikan seluruh aktivitas pembukuan, penggajian, dan penagihan invoice klien secara Estimasi anggaran untuk penggantian server kritis ini Rp 145.000.000. Pengajuan Sri Wahyuni, Manajer Keuangan dan Akuntansi.",Permintaan Pengadaan,Tinggi
"Laporan dari Rehan Maulana, Divisi Product Development. Kami mengajukan tambahan anggaran Rp 69.000.000 untuk kebutuhan uji coba prototipe produk generasi terbaru. Dana tersebut akan digunakan untuk pembelian material dan jasa laboratorium. Mohon dilakukan evaluasi sesuai prosedur perusahaan.",Laporan Keuangan,Sedang
"Lisensi software Adobe Cloud untuk 3 desainer grafis di tim telah kedaluwarsa hari ini, menyebabkan proyek pembuatan materi klien tertunda. Kami memerlukan perpanjangan lisensi tahunan untuk 3 user tersebut secepatnya demi mengejar tenggat waktu peluncuran produk Estimasi biaya langganan tahunan ini adalah Rp 36.000.000 untuk 3 akun. Keberlangsungan kampanye digital sangat pada persetujuan Pengajuan dari Rian Divisi Pemasaran Kreatif.",Permintaan Pengadaan,Tinggi
"Kepada Yth. HRD Manager, Saya Rizky Adiputra dari Divisi IT Support bermaksud mengajukan permohonan mutasi ke Divisi Digital Transformation yang saat ini sedang membuka lowongan internal. Saya merasa kompetensi dan pengalaman saya di bidang sistem dan jaringan selama 3 tahun sangat relevan dengan kebutuhan divisi tersebut. Selain itu, saya ingin mengembangkan karier di bidang transformasi digital yang lebih sesuai dengan passion dan rencana jangka panjang saya. Saya sudah mendiskusikan hal ini dengan atasan di divisi saya saat ini dan beliau memberikan rekomendasi positif. Mohon HRD mempertimbangkan permohonan ini dan memberikan informasi mengenai proses seleksi internal yang berlaku.",Email HR,Sedang
"Kami mengajukan permintaan untuk penambahan 1 smart TV berukuran 55 inci merk Samsung di ruang santai karyawan (lounge). Layar ini digunakan sarana hiburan saat jam istirahat serta media display informasi pengumuman internal perusahaan. Estimasi anggaran yang dibutuhkan untuk pembelian unit elektronik ini adalah Rp 6.500.000. Fasilitas tambahan ini ditujukan untuk meningkatkan indeks kebahagiaan kerja karyawan di kantor. Pengajuan Citra Kirana, Divisi Sumber Daya Manusia.",Permintaan Pengadaan,Rendah
"Pengelolaan lisensi font untuk keperluan desain grafis kini dipusatkan di bawah wewenang manajer kreatif. Desainer dilarang mengunduh dan menggunakan font bajakan atau versi personal use untuk materi komersial. Jika membutuhkan font khusus, pengajuan dana pembelian dapat dilakukan via divisi keuangan.",SOP,Sedang
"Selamat pagi Tim HRD, saya ingin mengajukan harap cuti melahirkan (maternity leave) selama 90 hari kalender, yang rencananya akan saya ambil mulai tanggal 10 Juli sampai dengan 8 Oktober 2026. Surat keterangan medis dari rumah sakit bersalin terkait taksiran persalinan (HPL) sudah saya lampirkan lengkap di email ini. Proses serah terima tugas proyek penulisan modul pelatihan sudah saya selesaikan bersama tim asisten. tolong konfirmasi persetujuannya. - Rizka Amelia, Divisi Instructional Designer.",Email HR,Sedang
Mulai kuartal perusahaan akan mengimplementasikan perangkat lunak baru untuk manajemen proyek. Setiap ketua tim diharapkan segera mempelajari modul panduan yang telah disediakan. Sesi sosialisasi dan pelatihan akan diselenggarakan oleh departemen IT bulan ini.,SOP,Sedang
"kinerja tahunan akan mengadopsi format umpan balik tiga ratus enam puluh mulai tahun ini. akan dinilai oleh rekan sejawat, dan bawahan secara HRD akan mensosialisasikan penilaian baru ini pada pertengahan bulan depan.",SOP,Sedang
"Kepada HRD, saya Elsa Novita dari departemen Desain Produk. Saya ingin menyampaikan masukan terkait lingkungan kerja di area kantor yang akhir-akhir ini terasa cukup bising karena renovasi ruangan di sebelah tim kami. Saya memahami bahwa pekerjaan renovasi perlu dilakukan, namun saya ingin mengetahui apakah ada penyesuaian sementara yang direncanakan. Terima kasih atas perhatian dan informasinya.",Email HR,Rendah
Saya Danendra Putra dari Divisi Logistik mengajukan pengadaan jasa keamanan tambahan sebanyak 4 personel dari Satpam eksternal selama pelaksanaan audit fisik aset minggu depan. Kerawanan sosial di sekitar area gudang logistik baru sedang meningkat menyusul insiden pencurian material kemarin lusa. Personel tambahan ini akan ditugaskan untuk menjaga perimeter luar selama 24 jam penuh. Estimasi biaya jasa pengamanan ini adalah Rp 12.000.000.,Permintaan Pengadaan,Tinggi
"Halo rekan HR, saya ingin mengirimkan berkas pengajuan reimbursement untuk biaya sewa kendaraan operasional dan tol selama melakukan kunjungan audit 5 pabrik mitra di Jawa Tengah minggu lalu. Nota asli beserta form kalkulasi jarak tempuh yang ditandatangani oleh manajer regional telah saya unggah dalam lampiran email ini. Mohon ditinjau pengembalian dana tersebut bisa dicairkan pada siklus tengah bulan Juni ini. Terima kasih banyak. - Eka Santoso, Divisi Quality",Email HR,Sedang
"Kami memerlukan pembaharuan perangkat komunikasi genggam untuk tim logistik lapangan yang bertugas mengoordinasikan bongkar muat barang. Mohon dilakukan pengadaan 5 unit Walkie Talkie Motorola T82 Extreme yang tahan cuaca ekstrem. Alat ini sangat dibutuhkan untuk menggantikan unit lama yang baterainya sudah drop dan jangkauan sinyalnya Estimasi anggaran yang dialokasikan adalah Rp 7.500.000 untuk lengkap beserta charger dock. Pengajuan oleh Ahmad Zaelani, Logistik.",Permintaan Pengadaan,Sedang
"Email dari Andi Prasetyo, Divisi Treasury. Posisi cash flow perusahaan saat ini menunjukkan saldo operasional tersisa Rp 12.000.000 untuk kebutuhan tujuh hari ke depan. Sementara itu terdapat kewajiban pembayaran vendor senilai Rp 210.000.000 yang jatuh tempo minggu ini. Mohon arahan terkait penggunaan dana darurat perusahaan.",Laporan Keuangan,Tinggi
"Kebijakan usulan izin datang terlambat di bawah satu jam untuk keperluan antar anak sekolah cukup dikomunikasikan secara lisan ke supervisor. Tidak perlu mengisi form absensi izin sakit atau cuti. Walau begitu, total jam kerja delapan jam tetap harus terpenuhi dengan pulang lebih lambat.",SOP,Rendah
"Saya Farida Utami Divisi HRD mengajukan pengadaan software HRIS payroll berbasis cloud dengan lisensi tahunan untuk 150 karyawan perusahaan. Sistem pencatatan manual saat ini sudah tidak efisien sering menimbulkan kesalahan perhitungan lembur bulanan. Spesifikasi modul yang wajib ada meliputi manajemen perhitungan PPh 21, dan integrasi BPJS Kesehatan. Estimasi biaya langganan tahun pertama Rp",Permintaan Pengadaan,Sedang
"Prosedur pengembalian uang lebih bagi kasir ritel kepada pembeli yang nilai kembaliannya berupa pecahan receh koin diatur dengan penyediaan sedia permen senilai sama hanya sebagai opsi darurat semata. Jika pelanggan tidak berkenan diganti permen, kasir wajib meminta receh uang kembalian pas ke kasir di konter sebelah sesegera mungkin. Tidak boleh sama sekali mengucapkan dalih tidak ada uang kembalian untuk nominal berapa pun itu.",SOP,Rendah
dari Rizky Divisi Teknologi Informasi. Kami mengajukan tambahan anggaran proyek migrasi server sebesar Rp 95.000.000 untuk mendukung peningkatan kapasitas sistem. telah disesuaikan dengan kebutuhan aktual proyek. Mohon evaluasi dan dari tim keuangan.,Laporan Keuangan,Sedang
"report dari Sinta Oktarina, unit Internal Control. Ditemukan pengeluaran promosi sebesar Rp 111.000.000 yang tidak memiliki dokumen hasil evaluasi kegiatan. Temuan ini berisiko memengaruhi kepatuhan terhadap kebijakan pengeluaran perusahaan. Unit pemasaran diminta memberikan penjelasan tertulis dalam waktu dekat.",Laporan Keuangan,Tinggi
"Email dari Denny Saputra, unit Treasury Operations. Perusahaan memiliki kewajiban pembayaran obligasi jangka pendek sebesar Rp 485.000.000 dalam lima hari kerja ke depan. Posisi kas saat ini tidak cukup untuk menutupi seluruh kewajiban tersebut. Diperlukan keputusan sesegera mungkin terkait sumber pendanaan alternatif.",Laporan Keuangan,Tinggi
"Kepada tim HRD, saya Intan Permata dari Divisi Procurement. Saya mendapatkan informasi mengenai rencana restrukturisasi yang berpotensi berdampak pada posisi saya. Karena informasi yang beredar masih simpang siur, saya berharap HR dapat memberikan penjelasan resmi terkait status dan hak karyawan yang terdampak. Mohon informasi ini dapat disampaikan sesegera mungkin.",Email HR,Tinggi
"Kami mengajukan pengadaan stok panjang berupa 40 buah SanDisk 64GB USB 3.0 sebagai persediaan inventaris kantor dan kebutuhan pembagian materi seminar bagi pelatihan eksternal perusahaan. Persediaan media penyimpanan di gudang GA saat ini telah habis total karena tingginya intensitas event promosi sepanjang semester lalu. Estimasi anggaran pembelian digital ini adalah Rp 3.600.000. Pengajuan dari Adi Nugraha, Divisi Internal.",Permintaan Pengadaan,Rendah
Pengajuan cuti tahunan dengan durasi lebih dari lima hari berturut-turut wajib dilakukan sebulan sebelumnya. Atasan berhak menolak pengajuan jika kapasitas tim berada di bawah batas minimum operasional. Cuti baru dianggap sah jika telah mendapatkan persetujuan digital di sistem HR.,SOP,Sedang
"Halo Tim IT, saya Prita Ayuningtyas dari Divisi Finance ingin menanyakan cara mengarsipkan email lama tanpa menghapusnya. Kotak masuk saya mulai penuh dan muncul peringatan kapasitas hampir mencapai batas. Saat ini email masih bisa digunakan normal. Mohon dikirimkan panduan singkat untuk membuat arsip yang aman.",Tiket IT,Rendah
"Kami mengajukan permohonan pengadaan stok cadangan (safety stock) komponen kelistrikan kantor untuk mengantisipasi kebutuhan maintenance di masa mendatang. Kebutuhan tersebut meliputi 50 unit lampu LED Philips 14 Watt dan 5 roll kabel kelistrikan Supreme NYM 2x1.5mm. Perkiraan biaya yang dibutuhkan untuk pembelian inventaris gudang maintenance ini adalah Rp 4.500.000. Barang-barang ini hanya akan disimpan di gudang teknis sebagai persediaan jangka panjang jika sewaktu-waktu ada lampu ruangan yang mati. Pengajuan oleh Ridwan Kamil, Divisi Fasilitas.",Permintaan Pengadaan,Rendah
"Kepada HRD, saya Elsa Novita dari Divisi Desain Produk. Saya ingin menyampaikan masukan terkait lingkungan kerja area kantor yang akhir-akhir terasa cukup bising karena renovasi ruangan di sebelah kami. Saya memahami bahwa pekerjaan renovasi perlu dilakukan, namun saya ingin mengetahui apakah ada penyesuaian yang direncanakan. Terima kasih atas informasinya.",Email HR,Rendah
"Email dari Bagas Adinata, Divisi Riset Kami mengajukan anggaran sebesar 72.000.000 untuk pembelian perangkat pengujian produk baru. Peralatan tersebut dibutuhkan untuk mendukung pengembangan lini produk berikutnya. Rincian kebutuhan telah disampaikan dalam proposal terlampir.",Laporan Keuangan,Sedang
"rekap dari Rafi Alamsyah, bagian Teknologi Operasional. Pengeluaran pemeliharaan server dan infrastruktur pendukung selama bulan ini tercatat sebesar Rp 26.400.000. Biaya digunakan untuk pembaruan perangkat keras dan layanan teknis berkala. Seluruh transaksi telah sesuai dengan kontrak yang berlaku.",Laporan Keuangan,Sedang
"Kami mengajukan pengadaan stok jangka panjang berupa 40 buah flashdisk SanDisk Ultra 64GB USB 3.0 sebagai persediaan inventaris kantor dan kebutuhan pembagian materi seminar bagi peserta pelatihan eksternal perusahaan. Persediaan media penyimpanan portabel di gudang GA saat ini telah habis total karena tingginya intensitas event promosi sepanjang semester lalu. Estimasi alokasi untuk pembelian grosir media digital ini adalah Rp 3.600.000. permintaan dari Adi Nugraha, Divisi Logistik Internal.",Permintaan Pengadaan,Rendah
Pemakaian obat-obatan ringan di kotak P3K ruang HRD dapat dilakukan secara mandiri oleh karyawan yang mengalami keluhan seperti pusing. Karyawan diharapkan mencatat obat dan jumlah tablet yang diambil pada kartu pemakaian di dekat kotak. Pemeriksaan tanggal kedaluwarsa obat akan dieksekusi oleh staf HR bulan sekali.,SOP,Rendah
"Selamat siang Bapak/Ibu HRD. Saya membutuhkan Surat Keterangan Penghasilan (SKP) resmi dalam format cetak untuk melengkapi dokumen persyaratan permintaan kredit kepemilikan kendaraan bermotor (KKB) di bank swasta. dimohon surat tersebut memuat rincian gaji pokok beserta tunjangan tetap saya selama 3 bulan terakhir dengan tanda tangan basah manajemen HRD. Bila dokumen sudah rampung, saya akan mengambilnya langsung di kubikel bagian penggajian. - Yoga Pratama, Divisi Network Engineer.",Email HR,Sedang
"Yth. HRD PT Bintang Timur, Saya Dian Permatasari dari Divisi Kreatif ingin menanyakan informasi mengenai benefit kesehatan yang disediakan perusahaan, khususnya apakah biaya kacamata dan lensa kontak termasuk dalam tanggungan BPJS atau asuransi swasta yang diberikan perusahaan. Saya berencana mengganti kacamata saya bulan ini dan ingin memanfaatkan fasilitas yang ada agar tidak mengeluarkan biaya terlalu besar. Jika ada batas maksimum klaim dan prosedur pengajuannya, mohon dapat diinformasikan juga. Terima kasih atas penjelasannya.",Email HR,Rendah
"report dari Dedi Kurniawan, departemen Distribution Center. Pengeluaran gudang distribusi bulan ini mencapai Rp 14.200.000. Biaya meliputi kebutuhan pengemasan, alat kerja, dan perlengkapan keselamatan. Seluruh transaksi telah dicatat dan diverifikasi sesuai prosedur.",Laporan Keuangan,Sedang
"Email dari Reza Pahlevi, departemen Corporate Treasury. Berdasarkan report posisi kas harian, terjadi penurunan saldo rekening utama hingga Rp 287.000.000 akibat percepatan pembayaran kontraktor. Dengan kondisi saat ini, cadangan kas hanya cukup untuk operasional selama enam hari kerja. Mohon persetujuan penggunaan fasilitas kredit modal kerja untuk menjaga kelangsungan aktivitas perusahaan.",Laporan Keuangan,Tinggi
"report dari Rehan Maulana, departemen Product Development. Kami mengajukan tambahan anggaran Rp 69.000.000 untuk kebutuhan uji coba prototipe produk generasi terbaru. Dana tersebut akan digunakan untuk pembelian material dan jasa laboratorium. Mohon dilakukan evaluasi sesuai prosedur perusahaan.",Laporan Keuangan,Sedang
"Divisi IT memerlukan pengadaan mendesak 5 unit laptop Lenovo ThinkPad P16 dengan spesifikasi prosesor Intel Core i9, RAM 64GB, dan GPU NVIDIA RTX untuk tim pengembang kecerdasan buatan. Perangkat yang ada saat ini sering mengalami crash saat melakukan training model data berskala besar, sehingga menunda timeline peluncuran produk bulan depan. Estimasi total biaya yang diajukan untuk pengadaan ini adalah sebesar Rp 225.000.000. Pengadaan ini sangat krusial agar target operasional kuartal ini tidak meleset. Pengajuan dari Bagus Hermawan, Kepala Divisi IT.",Permintaan Pengadaan,Tinggi
"Halo IT Support, saya Suci Rahmawati dari Divisi Operations lantai 8. Saya ingin menanyakan cara menghubungkan kembali laptop ke printer jaringan yang di tengah lantai 8. Laptop saya baru saja menjalani proses reinstall sistem dan printer tersebut tidak lagi muncul di daftar printer yang tersedia. Apakah saya bisa melakukan printer jaringan ini secara mandiri atau perlu bantuan dari IT untuk mengkonfigurasinya kembali? Tidak ada urgensi khusus, hanya ingin kembali berfungsi cetak dokumen harian. Terima kasih, Suci Rahmawati, Operations Staff, Ext. 8815.",Tiket IT,Rendah
"Kepada IT Support, saya Ratna Dewi, Supervisor Operasional lantai 7. Divisi kami baru saja menerima pengiriman printer baru Canon MAXIFY MB5470 yang belum terpasang dan belum terhubung ke jaringan kantor. Printer ini direncanakan untuk digunakan bersama oleh sekitar 12 orang staf di lantai 7. Mohon bantuan untuk setup perangkat, konfigurasi network printing, dan instalasi driver di komputer masing-masing pengguna di lantai tersebut. Printer sudah berada di ruang saya dan siap dikonfigurasi kapan saja. Saya fleksibel untuk waktunya dan bisa disesuaikan dengan jadwal Tim IT. Ratna Dewi, Ext. 7701.",Tiket IT,Sedang
"Kami mengajukan permohonan pengadaan stok (safety stock) komponen kelistrikan kantor mengantisipasi kebutuhan di masa mendatang. Kebutuhan tersebut meliputi 50 unit lampu LED Philips 14 Watt dan 5 kabel Supreme NYM 2x1.5mm. Perkiraan biaya yang dibutuhkan untuk pembelian inventaris gudang maintenance ini adalah Rp 4.500.000. Barang-barang ini hanya akan di gudang teknis sebagai persediaan jangka panjang jika sewaktu-waktu ada lampu ruangan yang mati. Pengajuan oleh Ridwan Kamil, Divisi Fasilitas.",Permintaan Pengadaan,Rendah
"Email Chandra Saputro, Divisi Gudang. Biaya pembelian perlengkapan gudang selama minggu ini mencapai Rp 1.600.000. Pengeluaran masih berada dalam batas yang ditentukan perusahaan. Laporan ini disampaikan untuk keperluan dokumentasi bulanan.",Laporan Keuangan,Rendah
"Halo IT Helpdesk, saya Toni Firmansyah dari Divisi Finance Controlling. Saya memerlukan akses ke sistem aplikasi konsolidasi keuangan HFM (Hyperion Financial Management) yang baru saja diimplementasikan oleh perusahaan. Posisi baru saya sebagai Financial Controller Regional memang memerlukan akses ke sistem tersebut dan atasan saya Ibu Sri Wahyuni selaku VP Finance sudah menyetujui permintaan ini melalui email yang sudah di-CC ke IT Helpdesk. Mohon juga dibuatkan akun dengan role Consolidation Preparer sesuai yang diminta atasan, bukan hanya akses view-only. Saya siap mengikuti sesi orientasi singkat penggunaan sistem HFM jika diperlukan sebelum akses diberikan. Toni Firmansyah, Financial Controller Regional, Ext. 2245.",Tiket IT,Sedang
"Kepada Yth. HRD PT Sentosa Jaya, Dengan hormat, saya Hendra Gunawan, Staf bermaksud mengajukan klaim reimbursement perjalanan dinas ke Surabaya yang saya lakukan pada tanggal 1–2 November 2024 penugasan dari Divisi Keuangan. Total pengeluaran yang saya ajukan adalah sebesar Rp 2.340.000 yang meliputi tiket pesawat, taksi, dan akomodasi hotel malam. Semua bukti asli sudah saya lampirkan dalam email beserta surat tugas yang Manajer Keuangan. Mohon diproses sesuai prosedur reimbursement yang berlaku dan waktu pencairannya kepada saya. Terima atas bantuannya.",Email HR,Sedang
"Selamat siang, saya Bagas Setiawan dari Divisi Legal ingin menanyakan batas ukuran lampiran email kantor. Beberapa dokumen kontrak biasanya berukuran besar setelah dipindai. Saya ingin memastikan apakah sebaiknya dikirim lewat email atau melalui link penyimpanan cloud. Mohon informasi kebijakan yang berlaku.",Tiket IT,Rendah
"Halo Tim HR, sehubungan dengan masa perpanjangan kontrak kerja pertama saya sebagai staf technical writer yang akan berakhir pada tanggal 30 Juli 2026, saya ingin menanyakan kejelasan proses evaluasinya. Hingga saat ini, saya belum menerima umpan balik resmi ataupun formulir penilaian kompetensi dari tim personalia terkait opsi pengangkatan karyawan tetap. Mohon informasi jadwal wawancara peninjauan agar saya dapat mempersiapkan portofolio hasil kerja saya. Terima kasih. - Nabila Putri, Divisi Product Development.",Email HR,Sedang
"Saya, Tika Amelia dari Divisi Administrasi, mengajukan pengadaan tambahan rim kertas A4 sebagai stok cadangan. Spesifikasi kertas 80 gram berkualitas tinggi. harga per rim Rp65.000. Pengadaan dilakukan untuk menjaga ketersediaan persediaan dalam panjang.",Permintaan Pengadaan,Rendah
Guna mengurangi penggunaan yang berujung karat jika lama tidak diganti disimpan di rak arsip petugas administrasi disarankan lebih mengutamakan panggunaan klip penjepit kertas berwarna warni ukuran jumbo tebal sebagai penggantinya menyatukan surat perjanjian. Sistem pengait warna penjepit plastik tebal itu bisa sekalian digunakan pertanda indikator tahapan prioritas revisi pemrosesan status penawaran vendor dokumen draf berjalan ini. Saat proses kliring dan data file diringkas scan elektronik klip beraneka corak bisa dicopot ditampung lalu dipakai lintas meja tim pendukung kerja lain.,SOP,Rendah
"Halo Tim IT, saya Bambang Riyanto dari Security melaporkan sistem CCTV ruang server tidak bisa diakses. hanya menampilkan pesan no signal untuk semua kamera yang terhubung. Area tetap dipantau karena ada pekerjaan vendor hari ini. Mohon segera dicek karena ini menyangkut pengawasan keamanan fasilitas.",Tiket IT,Tinggi
"Kami mengajukan pengadaan penambahan stok jangka panjang berupa 50 buah flashdisk 32GB sebagai merchandise resmi dan kebutuhan penyimpanan data harian karyawan. Persediaan flashdisk gudang saat ini sudah menipis sering dibagikan ke peserta pelatihan eksternal perusahaan. Estimasi anggaran untuk grosir media ini adalah Rp 3.500.000. Stok diproyeksikan aman untuk kebutuhan hingga akhir tahun. Pengajuan dari Adi Nugraha, Divisi Logistik.",Permintaan Pengadaan,Rendah
"Email dari Aldo Firmansyah, Divisi Produksi. Pengeluaran pemeliharaan mesin selama bulan ini tercatat sebesar Rp 29.000.000. Seluruh pekerjaan dilakukan sesuai jadwal preventive maintenance yang telah ditetapkan. Laporan rinci biaya tersedia untuk kebutuhan audit internal.",Laporan Keuangan,Sedang
"Saya, Dian Puspitasari dari Divisi SDM, mengajukan pengadaan 5 rak buku untuk ruang perpustakaan karyawan. Rak akan digunakan untuk menambah kapasitas penyimpanan koleksi referensi internal. Spesifikasi berupa rak logam lima tingkat. Estimasi harga Rp2.000.000 per unit.",Permintaan Pengadaan,Rendah
"Saya, Fajar Nugroho dari Divisi Logistik, mengajukan pengadaan 1 unit kendaraan operasional van. Kendaraan diperlukan untuk distribusi barang ke pelanggan dan cabang. Estimasi harga kendaraan Rp320.000.000. Armada yang sedang mengalami kerusakan berat sehingga distribusi terhambat.",Permintaan Pengadaan,Tinggi
"Mobil box operasional yang biasa digunakan untuk distribusi logistik barang ke gudang cabang mengalami kecelakaan beruntun dan mengalami kerusakan parah pada sasis. Guna menghindari kemandekan pengiriman barang yang terjadwal minggu ini, kami memerlukan jasa sewa 1 unit truk engkel box selama 1 bulan penuh. Estimasi biaya sewa armada darurat ini adalah Rp 12.000.000 termasuk biaya perawatan berkala. Pengadaan ini sangat mendesak demi menjaga komitmen waktu dengan pelanggan. permohonan dari Budi Santoso, unit Logistik dan Supply Chain.",Permintaan Pengadaan,Tinggi
Pemisahan antara tempat ibadah staf operasional wanita dan laki-laki pada gedung barat kini telah diberikan garis pembatas kayu portabel di bagian tengah ruangan. Karyawan yang baru selesai merapikan saf diminta menggulung masing-masing jika jamaah sesi siang beranjak sepi. Rak sandal bagian luar agar dimanfaatkan dengan baik demi kesucian lantai teras utama tempat masuk ibadah ini.,SOP,Rendah
"Laporan dari Wijaya, Divisi Customer Operations. operasional pusat kontak pelanggan tercatat sebesar Rp 32.500.000 pada bulan ini. Pengeluaran mencakup layanan komunikasi, perangkat dan pelatihan staf. Tidak penyimpangan dari anggaran yang telah",Laporan Keuangan,Sedang
"Saya, Maya Lestari dari bagian Keuangan, mengajukan pengadaan 1 unit server rack untuk penyimpanan data transaksi. Server dibutuhkan secepatnya karena kapasitas penyimpanan yang ada sudah mencapai batas maksimum. Spesifikasi yang diperlukan adalah prosesor 16 core, RAM 64 GB, dan storage 8 TB RAID. Estimasi harga Rp120.000.000.",Permintaan Pengadaan,Tinggi
"Yth. Tim IT, saya Reza Aditya dari Divisi Marketing ingin menanyakan apakah ada standar penyimpanan file kampanye di OneDrive perusahaan. Tim kami ingin merapikan folder agar mudah dicari oleh anggota baru. Tidak ada kendala teknis yang mendesak saat ini. Mohon informasi mengenai struktur folder yang direkomendasikan.",Tiket IT,Rendah
"Kami mengajukan pointer laser presentasi nirkabel (wireless presenter logitech) sebagai tambahan cadangan alat bantu di ruang meeting besar. Alat yang ada saat ini masih berfungsi dengan baik, namun cadangan diperlukan mengantisipasi apabila habis mendadak saat rapat berjalan. harga untuk kedua unit pointer berkualitas standar ini adalah Rp 800.000. Pengadaan ini tidak mendesak dan dapat disatukan dengan jadwal belanja inventaris bulanan. Pengajuan dari Lukman Hakim, Divisi Administrasi Kantor.",Permintaan Pengadaan,Rendah
"Kami mengajukan permintaan pengadaan baju seragam kerja baru untuk 15 orang petugas satuan pengamanan (Satpam) internal perusahaan. Setiap personel akan mendapatkan 2 stel seragam PDH (Pakaian Dinas Harian) lengkap dengan atribut logo perusahaan baru. Estimasi total biaya pengerjaan konveksi dan penjahitan seragam ini adalah sebesar Rp 12.000.000. Jadwal pengerjaan diharapkan selesai dalam kurun waktu satu bulan. Pengajuan oleh heri sulistyo, Divisi Keamanan.",Permintaan Pengadaan,Sedang
"Email dari Rizal Firmansyah, Divisi Treasury Control. Jadwal pembayaran kewajiban jangka pendek minggu depan mencapai Rp 326.000.000 sementara penerimaan kas yang diproyeksikan hanya Rp 118.000.000. Perbedaan tersebut menciptakan risiko kekurangan likuiditas. Mohon keputusan terkait prioritas pembayaran dan sumber pendanaan alternatif.",Laporan Keuangan,Tinggi
"Divisi Layanan Pelanggan memerlukan tambahan 3 unit komputer desktop (PC) menggantikan komputer lama yang performanya sudah sangat lambat dan sering hang. Spesifikasi yang diusulkan adalah Intel i5, RAM monitor 21 inci standar kantoran. Estimasi anggaran untuk 3 unit PC tersebut adalah Rp 24.000.000. Penggantian ini penting demi meningkatkan kecepatan respon agen dalam melayani keluhan klien sehari-hari. Pengajuan dari Joko Susilo, Divisi Layanan Pelanggan.",Permintaan Pengadaan,Sedang
"Prosedur penyimpanan sementara limbah elektronik seperti baterai dan monitor rusak, kini ke gudang khusus lantai dasar. pernah membuang sampah elektronik ini dalam sampah biasa. Perusahaan akan bekerja sama agen daur ulang resmi untuk pemusnahannya.",SOP,Sedang
"Laporan dari Adrian Saputra, Divisi Warehouse kas kecil digunakan sebesar Rp 810.000 untuk pembelian formulir inventaris perlengkapan pencatatan stok. Seluruh transaksi dicatat oleh supervisor gudang. Tidak ditemukan dana di kebutuhan operasional.",Laporan Keuangan,Rendah
"Kepada Tim HRD, Saya Rina Marlina dari Divisi Sales ingin melaporkan yang saya rasakan dalam proses promosi jabatan internal bulan lalu. Saya memiliki KPI tertinggi di tim selama 3 kuartal namun posisi Leader justru diberikan kepada rekan yang bergabung lebih baru dengan performa rata-rata. Ketika saya meminta penjelasan kepada manajer, tidak didasarkan pada kriteria yang tercantum dalam SOP promosi internal perusahaan. Saya khawatir keputusan ini dipengaruhi oleh faktor subjektif yang tidak berkaitan dengan kinerja profesional. Mohon HRD independen proses promosi ini dan memberikan atas dasar keputusan tersebut.",Email HR,Tinggi
"Halo Tim IT, saya Indah Permatasari dari unit Legal tidak bisa mengakses perangkat kerja setelah update Windows semalam. Setelah memasukkan PIN, layar hanya menampilkan warna hitam dan tidak masuk ke desktop. Pagi ini saya harus menyiapkan dokumen kontrak untuk ditandatangani direksi. Mohon bantuan segera karena file kontrak tersimpan di laptop tersebut.",Tiket IT,Tinggi
"Yth. Ibu Sari Wulandari selaku HRD Manager, Dengan sangat terpaksa saya, Arif Hidayat dari Divisi IT, ingin melaporkan situasi konflik serius yang telah berlangsung selama 2 bulan antara saya dan atasan langsung saya, Bapak Hendro Susilo. Beliau sering memberikan instruksi di luar jam kerja hingga tengah malam dan marah-marah secara tidak profesional di depan rekan kerja lain ketika saya tidak merespons seketika. Kondisi ini sangat memengaruhi kesehatan mental dan produktivitas kerja saya. Saya sudah mencoba berbicara langsung namun tidak membuahkan hasil dan situasinya justru semakin memburuk. Mohon HRD dapat memfasilitasi mediasi sebelum saya terpaksa mengambil langkah lebih lanjut.",Email HR,Tinggi
"Kami membutuhkan perpanjangan lisensi tahunan software desain grafis CorelDRAW Graphics Suite sebanyak 3 unit untuk tim kreatif. Lisensi ini akan habis masa berlakunya dalam waktu dua minggu ke depan, sehingga perlu diperbarui agar pekerjaan desain promo tidak terhenti. Estimasi harga lisensi tahunan ini adalah Rp16.500.000. Permintaan diajukan oleh Kevin Wijaya dari Divisi Kreatif.",Permintaan Pengadaan,Sedang
"Divisi Sales memerlukan pengadaan 4 unit proyektor Epson EB-E500 untuk menggantikan proyektor lama yang lampunya sudah redup dan berkedip. Alat ini sangat mendesak karena akan digunakan pitch meeting dengan investor eksternal pada hari Kamis Estimasi total anggaran yang adalah sebesar 24.000.000. yang buruk akibat kualitas visual yang rendah dapat mengurangi kredibilitas perusahaan mata investor. Rinaawati, Divisi Penjualan.",Permintaan Pengadaan,Tinggi
"Selamat pagi Tim HRD. Saya berencana melangsungkan pernikahan pada pertengahan bulan Agustus nanti dan ingin berkonsultasi mengenai permohonan cuti khusus menikah (marriage leave). Berdasarkan peraturan perusahaan, berapa hari jatah cuti berbayar yang diberikan secara resmi, dan apakah permohonan harus dilakukan minimal satu bulan sebelum hari H melalui aplikasi HRIS? Mohon penjelasannya agar saya bisa mengatur jadwal kerja tim. - Ryan Hidayat, Divisi Project Management.",Email HR,Rendah
"Selamat pagi rekan HR. Masa kontrak kerja saya sebagai tenaga kerja kontrak di unit ini akan selesai pada akhir bulan depan. Berdasarkan hasil diskusi dengan manajer, beliau merekomendasikan saya untuk perpanjangan kontrak baru atau pengangkatan. Mohon arahan dari tim HR mengenai tahapan evaluasi performa dan administrasi apa saja yang perlu saya siapkan untuk proses perpanjangan ini. Terima kasih. - Firman Utomo, Divisi Hubungan Pelanggan.",Email HR,Sedang
Setiap indikasi penipuan atau fraud harus segera dilaporkan ke tim internal. Akses sistem bagi pihak yang dicurigai akan dibekukan sementara untuk keperluan investigasi. Proses hukum akan ditempuh jika ada pelanggaran pidana.,SOP,Tinggi
"Tim audit internal membutuhkan 2 unit scanner dokumen portabel berkecepatan tinggi merek Fujitsu untuk mendukung kegiatan pemeriksaan dokumen keuangan di lapangan. Alat ini akan sangat membantu proses digitalisasi bukti transaksi secara cepat langsung di lokasi anak perusahaan. Estimasi harga untuk kedua unit scanner portabel tersebut adalah Rp 14.000.000. Efisiensi waktu audit di lapangan akan meningkat signifikan dengan alat ini. usulan dari Nina Marlina, bagian Audit Internal.",Permintaan Pengadaan,Sedang
"Halo rekan HR, saya ingin mengajukan pembaruan data status pernikahan pada sistem database kepegawaian (HRIS) perusahaan karena saya baru saja melangsungkan pernikahan resmi minggu lalu. Dokumen pendukung berupa salinan Buku Nikah dari KUA dan Kartu Keluarga terbaru sudah saya unggah langsung ke portal mandiri karyawan. Mohon diverifikasi oleh admin HR agar status tunjangan keluarga dan insentif terkait dapat disesuaikan pada periode berikutnya. - Ari Wibowo, Divisi Tax Compliance.",Email HR,Rendah
Saya Kiki Zakaria dari departemen Media meminta pengadaan 1 unit kamera mirrorless Sony Alpha 7 IV beserta lensa kit 28-70mm untuk kebutuhan dokumentasi kegiatan internal perusahaan. Kamera lama yang digunakan staf humas mengalami kerusakan pada sensor gambar sehingga hasil foto bergaris vertikal. Perangkat ini sangat penting untuk pembaruan konten media sosial korporat. Estimasi harga total adalah Rp 36.000.000.,Permintaan Pengadaan,Sedang
"Tim IT yang terhormat, saya Panji Nugroho dari Divisi Strategi dan Pengembangan Bisnis. Saya ingin menanyakan apakah perusahaan berlangganan layanan tanda tangan digital berbasis sertifikat elektronik yang diakui secara hukum di Indonesia seperti PrivyID atau VIDA. Dalam beberapa bulan ke depan divisi kami akan sering menandatangani perjanjian kerjasama dan MOU dengan mitra bisnis dan kami ingin beralih ke tanda tangan digital agar prosesnya lebih cepat dan efisien. Jika belum ada, apakah ada rencana pengadaan layanan tersebut atau adakah prosedur untuk mengajukan kebutuhan ini ke manajemen? Ini pertanyaan untuk perencanaan ke depan dan tidak mendesak sama sekali. Panji Nugroho, Business Development Manager, Ext. 6625.",Tiket IT,Rendah
"Yth. Tim HR, Saya Bambang Setiawan dari Divisi Produksi ingin segera iuran BPJS Kesehatan saya ternyata tidak dibayarkan oleh perusahaan selama 4 terakhir (Juli–Oktober 2024) sehingga kartu BPJS saya dinonaktifkan. Saya baru ini ketika membawa anak saya ke rumah sakit dan kartu ditolak di loket. potongan BPJS selalu muncul di slip gaji saya setiap yang berarti gaji saya sudah dipotong namun tidak disetorkan ke BPJS. Kondisi ini sangat merugikan saya dan keluarga anak saya membutuhkan perawatan lanjutan. Mohon segera dalam 1x24 jam dan diberikan bukti pembayaran iuran kepada saya.",Email HR,Tinggi
"Selamat pagi, saya Rudi Hermawan dari unit Distribusi tidak bisa login ke sistem WMS gudang. Pesan yang muncul adalah akun terkunci, padahal saya baru mencoba login satu kali hari ini. Tim gudang harus menyelesaikan proses outbound barang untuk pengiriman siang ini. harap dibantu reset akun atau pembukaan lock secepatnya.",Tiket IT,Tinggi
Aturan dasar melipat menyusun rompi pantul keselamatan warna terang bagi kunjungan observasi kerja lapang rombongan tur eksternal pengunjung pelabuhan selalu wajib dilipat bentuk bujur sangkar menempel pita rekatan bahu saling kait menyilang padatnya saat masuk tas jinjingnya kembali diserahkan petugas. Rompi ini dikeranjang simpan tanpa dicuci langsung basah tiap hari melainkan diangin anginkan cukup dua malam berturut gantung terbuka dan direndam cucian penuh busa wangi setiap hari rabu mingguan operasional normalnya demi ketahanan serat jaket kainnya bertahan dari sering disikat pencucian harian tak berdasarnya. Jika mendapati rompi rompi tur ini tampak robek kantong besarnya karena pemakaian di lapangan minta sekuriti lapor penyedia jaket seragam perusahaan menjahit kuat saku tempel agar tak meluber lepas karena dipakai orang awam yang rentan merusak barang inventaris tamu pinjaman kunjungan sekadarnya ini di hari tur berikutnya datang bertandang pabrik kita.,SOP,Rendah
"Halo Tim IT, saya Ratna Wulandari dari bagian Akuntansi memerlukan akses ke aplikasi e-Faktur perusahaan. Saya akan menggantikan sementara rekan yang sedang cuti untuk proses input pajak keluaran. Saat ini akun saya belum muncul pada daftar pengguna aplikasi tersebut. dimohon dibantu pembuatan akses dengan role yang sesuai.",Tiket IT,Sedang
"Kami mengajukan pengadaan rutin bulanan alat tulis kantor (ATK) menunjang aktivitas administrasi harian staf di seluruh departemen kantor pusat. Kebutuhan operasional mencakup 35 dus kertas HVS A4 80gram, 12 pak gel hitam, dan 15 buah binder dokumen berukuran besar. Estimasi total anggaran untuk pemenuhan persediaan bulan ini adalah sebesar Rp 3.200.000. Pembelian ini agar tidak terjadi kekosongan alat tulis saat penutupan akhir bulan. Pengajuan dari Dian Sastrowardoyo, Divisi Administrasi Umum.",Permintaan Pengadaan,Sedang
"Halo rekan HR, saya ingin mengajukan pembaruan data nomor rekening bank pada sistem payroll perusahaan untuk periode bulan depan. Dikarenakan rekening lama saya di Bank Mandiri akan segera ditutup, saya bermaksud mengalihkan pembayaran gaji ke rekening Bank BRI yang baru. Foto buku tabungan beserta surat pernyataan perubahan nomor rekening berstempel telah saya lampirkan di bawah ini. Mohon bantuan update datanya. - Nenden Karlina, Divisi Procurement.",Email HR,Rendah
"Saya Oki Setiawan dari bagian IT meminta pengadaan 100 pak kartu RFID kosong (blank proximity card) untuk cadangan persediaan pencetakan kartu tanda pengenal staf baru sepanjang sisa tahun ini. Stok kartu identitas di meja administrasi saat ini masih mencukupi untuk tiga bulan ke depan, sehingga pembelian ini bisa direalisasikan tanpa tergesa-gesa. Estimasi total biayanya adalah Rp 2.500.000.",Permintaan Pengadaan,Rendah
"Laporan dari Maya Putri, Divisi Pajak. Hasil pemeriksaan internal menunjukkan kekurangan pembayaran pajak perusahaan sebesar Rp 68.000.000 untuk periode sebelumnya. Jika tidak segera diselesaikan, terdapat potensi denda administratif yang cukup besar. Mohon persetujuan pembayaran koreksi pajak secepatnya.",Laporan Keuangan,Tinggi
"Halo Helpdesk, saya Tiara Mentari dari bagian Customer Experience ingin meminta saran mengenai headset yang kompatibel dengan aplikasi meeting kantor. Headset lama saya masih berfungsi, tetapi busanya sudah mulai rusak. Permintaan ini belum mendesak karena saya masih bisa mengikuti meeting. minta rekomendasi tipe perangkat yang sesuai standar pengadaan perusahaan.",Tiket IT,Rendah
Manajemen kini memberlakukan prosedur cek referensi ganda bagi calon karyawan level manajerial ke atas. Tim rekrutmen wajib menghubungi minimal dua atasan dari perusahaan tempat kandidat bekerja sebelumnya. Hasil wawancara referensi harus dicatat dalam formulir konfidensial rekrutmen.,SOP,Sedang
"Laporan dari Monika Anggraeni, Divisi Pajak dan Kepatuhan. Pemeriksaan dokumen menemukan potensi koreksi pajak penghasilan badan sebesar Rp 84.000.000. Temuan ini berasal dari perbedaan perlakuan akuntansi terhadap beberapa biaya operasional. Mohon peninjauan bersama konsultan pajak perusahaan.",Laporan Keuangan,Tinggi
"Yth. PT Bintang Timur, Dian dari Divisi Kreatif ingin menanyakan informasi mengenai benefit kesehatan yang disediakan perusahaan, khususnya apakah biaya kacamata termasuk dalam tanggungan BPJS atau asuransi perusahaan. Saya berencana mengganti kacamata bulan ini dan memanfaatkan fasilitas yang ada. Jika ada batas maksimum klaim dan prosedur pengajuannya, mohon dapat diinformasikan juga. Terima kasih atas",Email HR,Rendah
"Halo Tim IT, saya Budi Santoso dari Divisi Gudang melaporkan komputer utama di area penerimaan barang tiba-tiba mati dan tidak bisa dinyalakan lagi. Kami tidak dapat mencetak label barang masuk maupun data stok. Saat ada beberapa truk pengiriman yang menunggu proses penerimaan. teknisi datang atau memberikan solusi sementara.",Tiket IT,Tinggi
"departemen Umum mengusulkan pembelian 3 unit dispenser air minum model galon bawah (bottom loading) merk Panasonic untuk diletakkan di ruang tunggu driver dan ruang istirahat staf logistik. Dispenser tipe atas yang digunakan saat ini sering membuat staf cedera pinggang saat mengangkat galon air baru seberat 19 kg. Estimasi alokasi biaya untuk ketiga unit dispenser ergonomis ini adalah Rp 8.100.000. Pengadaan ini tidak mendesak namun baik untuk kesehatan staf. Pengajuan dari Yayan Ruhian, Divisi Fasilitas.",Permintaan Pengadaan,Rendah
"Mohon pengadaan set sound system ruang konferensi utama merek Yamaha untuk menggantikan sistem yang korsleting pagi ini. Ruang akan digunakan rapat umum pemegang saham luar biasa dalam tiga hari ke depan. Spesifikasi 1 mixer audio 12 channel, 4 mikrofon wireless, dan 2 speaker aktif 15 inci. Estimasi total anggaran yang kami ajukan adalah Rp 28.000.000.",Permintaan Pengadaan,Tinggi
"Divisi Layanan memerlukan tambahan unit komputer desktop (PC) untuk menggantikan perangkat lama agen yang sering mengalami blue screen dan hang di tengah panggilan pelanggan. Spesifikasi PC yang diusulkan adalah ASUS ExpertCenter dengan Intel Core i5, RAM 16GB, dan LED 21.5 inci. anggaran untuk pembelian 4 unit desktop adalah Rp 38.000.000. Penggantian komputer ini ditargetkan selesai dalam dua minggu demi menjaga kualitas Call Pengajuan dari Susilo, Divisi Layanan Pelanggan.",Permintaan Pengadaan,Sedang
"Halo rekan HRD, saya ingin mengajukan klaim kacamata tahunan sesuai dengan plafon kesehatan yang disediakan oleh perusahaan. Saya sudah melakukan pemeriksaan mata di optik rekanan resmi dan kuitansi pembelian lensa serta bingkai kacamata baru telah saya lampirkan di sini. tolong dibantu untuk proses verifikasi data dan pencairan dananya ke rekening saya pada periode penggantian berikutnya. Terima kasih. - Rizky Pratama, unit Pengembangan Bisnis.",Email HR,Sedang
"Setiap hari Jumat, staf diperbolehkan mengenakan pakaian kasual yang rapi dan sopan. Pemakaian celana pendek, sandal jepit, dan kaus tanpa kerah tetap tidak diperkenankan di lingkungan kantor. staf yang memiliki jadwal bertemu klien eksternal wajib tetap menggunakan pakaian bisnis formal.",SOP,Rendah
Halo rekan-rekan IT. Mesin scanner barcode di loading dock terhubung ke sistem Hendra dari divisi Produksi bahwa antrean masuk sudah menumpuk parah. Operasional gudang benar-benar terhenti karena kami tidak melakukan input manual. Mohon tertingginya untuk memperbaiki koneksi ini.,Tiket IT,Tinggi
Penggunaan fasilitas pusat kebugaran kantor kini mewajibkan karyawan mendaftar slot waktu via aplikasi internal. Waktu maksimal penggunaan fasilitas dibatasi hanya satu jam per sesi untuk menghindari kerumunan. Seluruh alat wajib dilap menggunakan disinfektan tersedia setelah dipakai.,SOP,Sedang
"Apabila ada komplain terkait koneksi internet lambat yang sifatnya bukan mati total, staf dapat mengisi log di portal intranet. Tim dukungan teknis IT akan memproses perbaikan jaringan ini dalam kurun waktu dua puluh empat jam. harap jangan menelepon langsung ke nomor darurat server untuk kendala ini.",SOP,Rendah
Insiden peretasan aplikasi mobile perusahaan wajib dilaporkan seketika ke divisi siber. Layanan dimatikan sementara untuk eksploitasi lebih lanjut. Tim public relations harus segera menyiapkan rilis pers mengenai status darurat.,SOP,Tinggi
"Laporan dari Irfan Ramdani, Divisi Maintenance. Total pengeluaran perawatan gedung kantor pusat bulan ini mencapai Rp 27.500.000. Biaya digunakan untuk perbaikan sistem pendingin ruangan dan instalasi listrik. Seluruh transaksi telah sesuai dengan kontrak yang berlaku.",Laporan Keuangan,Sedang
"rekap dari Indah Paramita, departemen Audit Operasional. Pemeriksaan mendadak menemukan kontrak jasa konsultan senilai Rp 149.000.000 yang belum memiliki dokumen evaluasi vendor. Temuan ini berpotensi menjadi catatan penting dalam audit tahunan. Mohon unit pengguna segera melengkapi dokumen yang diperlukan.",Laporan Keuangan,Tinggi
"Yth. Tim HR, Saya Bambang Setiawan dari departemen Produksi ingin sesegera mungkin melaporkan bahwa iuran BPJS Kesehatan saya tidak dibayarkan oleh perusahaan selama 4 bulan terakhir (Juli–Oktober 2024) sehingga kartu BPJS saya dinonaktifkan. Saya baru mengetahui ini ketika hendak membawa anak saya ke rumah sakit dan kartu ditolak di loket. Padahal potongan BPJS selalu muncul di slip gaji saya setiap bulan, yang berarti gaji saya sudah dipotong namun tidak disetorkan. Kondisi ini sangat merugikan saya dan keluarga karena anak saya membutuhkan perawatan lanjutan. Mohon segera diselesaikan dalam 1x24 jam dan berikan bukti pembayaran iuran kepada saya.",Email HR,Tinggi
"Email dari Salsabila Nurfadila, bagian Office Administration. Dana kas kecil digunakan sebesar Rp 1.130.000 untuk kebutuhan fotokopi dokumen, materai, dan pengiriman surat. Seluruh transaksi telah dilengkapi bukti pembayaran yang sah. Saldo dana masih mencukupi untuk kebutuhan minggu berikutnya.",Laporan Keuangan,Rendah
Aturan pemasangan poster motivasi kerja di area loker karyawan hanya diizinkan dengan menggunakan selotip kertas ganda agar tidak merusak cat dinding. Dilarang menggunakan paku beton atau lem perekat kuat lainnya pada tembok partisi. Tim pemeliharaan gedung berhak mencabut sembarang tempelan yang dirasa merusak estetika tanpa konfirmasi sebelumnya.,SOP,Rendah
"Selamat siang Tim HR, berhubung saya telah mengajukan surat pengunduran diri resmi sebulan yang lalu, hari Jumat ini merupakan hari terakhir saya bekerja di perusahaan. Saya ingin menanyakan prosedur pengembalian aset berupa laptop, ID card, dan token perbankan milik kantor yang ada pada saya. Mohon diinfokan jadwal exit interview serta proses penandatanganan surat kliring aset (clearance sheet) agar hak parklaring saya bisa diproses tepat waktu. - Denny Rachman, Divisi Treasury.",Email HR,Sedang
"rekap dari Ayesha Maharani, bagian Akuntansi Persediaan. Hasil stock opname menunjukkan barang usang dengan nilai buku Rp 124.000.000 yang belum dicadangkan dalam laporan keuangan. Kondisi ini dapat menyebabkan nilai aset persediaan menjadi terlalu tinggi. Diperlukan penyesuaian pencatatan sebelum periode pelaporan berakhir.",Laporan Keuangan,Tinggi
"Yth. HRD PT Gemilang Nusantara, Saya Taufik Ismail dari departemen Purchasing bermaksud mengajukan reimbursement atas biaya pelatihan eksternal yang saya ikuti atas anjuran atasan pada tanggal 28–29 Oktober 2024. Biaya pendaftaran pelatihan Supply Chain Management tersebut sebesar Rp 3.500.000 dan sudah saya bayar sendiri dengan kesepakatan akan diganti oleh perusahaan. Terlampir saya kirimkan bukti transfer, sertifikat keikutsertaan, dan materi pelatihan ringkas sebagaimana dipersyaratkan untuk reimbursement. harap konfirmasi apakah dokumen yang saya lampirkan sudah lengkap dan kapan pencairan dapat dilakukan. Terima kasih.",Email HR,Sedang
"Guna menunjang kenyamanan bekerja para staf baru di ruang kubikal, kami memerlukan tambahan furniture kantor yang seragam. Mohon diproses pengadaan 6 unit kursi kerja ergonomis merk Informa dengan sandaran jaring yang nyaman. Estimasi harga per unit kursi adalah Rp 1.500.000, sehingga total biaya yang diajukan adalah Rp 9.000.000. Pengadaan ini dijadwalkan dapat selesai sebelum akhir bulan ini. Pengajuan oleh Fajar Nugroho, Divisi Sumber Daya Manusia.",Permintaan Pengadaan,Sedang
Peminjaman alat kebersihan berat departemen harus dikoordinasikan dengan supervisor housekeeping. Alat mesin pemoles lantai tidak boleh oleh staf yang belum menerima pelatihan. Alat harus dikembalikan dalam keadaan bersih maksimal jam kerja berakhir.,SOP,Sedang
"Yth. Ibu Sari Wulandari selaku HRD Manager, Dengan sangat terpaksa saya, Arif Hidayat dari departemen IT, ingin melaporkan situasi konflik serius yang telah berlangsung selama 2 bulan antara saya dan atasan langsung saya, Bapak Hendro Susilo. Beliau sering memberikan instruksi di luar jam kerja hingga tengah malam dan marah-marah secara tidak profesional di depan rekan kerja lain ketika saya tidak merespons seketika. Kondisi ini sangat memengaruhi kesehatan mental dan produktivitas kerja saya. Saya sudah mencoba berbicara langsung namun tidak membuahkan hasil dan situasinya justru semakin memburuk. harap HRD dapat memfasilitasi mediasi sebelum saya terpaksa mengambil langkah lebih lanjut.",Email HR,Tinggi
"Selamat siang Ibu Linda, menyambung surat pemutusan hubungan kerja (PHK) sepihak karena restrukturisasi divisi yang saya terima kemarin, saya menyatakan menolak draf kesepakatan tersebut. Nilai kompensasi masa kerja dan penggantian hak atas sisa cuti besar saya dihitung jauh di bawah standar Peraturan Perusahaan yang berlaku. Saya meminta HRD memfasilitasi pertemuan bipartit resmi pertama minggu ini sebelum saya membawa masalah ini ke perselisihan ketenagakerjaan formal. Terima kasih. - Taufan Hidayat, Divisi Business Analyst.",Email HR,Tinggi
"Selamat pagi Tim IT, saya Putri Amelia dari Divisi Marketing membutuhkan instalasi Adobe Acrobat Pro di laptop kerja. Software tersebut diperlukan untuk mengedit dan menggabungkan dokumen PDF. Kebutuhan ini tidak terlalu mendesak, tetapi akan digunakan untuk persiapan kampanye bulan depan. Mohon dibantu instalasi jadwal tim IT tersedia.",Tiket IT,Sedang
Tiap petugas operator pemantau ruang kendali server sekuritas yang bersiaga pada pergantian jam malam piketnya dianjurkan menggunakan fitur redup gelap mode hemat layar sentuh agar pendar cahaya terang panel monitor tidak membuat lelah letih mata jaga harian berkelanjutan. Hal ini menjadi rekomendasi keselamatan dan standar kesehatan ruang pantau yang sudah disetujui pihak dokter pengawas tenaga kerja internal perusahaan di rekapitulasi visitasi bulanan berkala. Kopi pahit kental kemasan botolan dan juga permen sediakan diri boleh dilibatkan dalam sarana mengusir sejenak rasa kantuk berjaga tapi pantang tersentuh memercik menumpahi tetikus navigasinya.,SOP,Rendah
"Selamat pagi rekan HR, saya ingin menanyakan fasilitas tunjangan kacamata (optical benefit) yang disediakan oleh perusahaan untuk staf tetap di level staf. Berapa besaran plafon maksimal yang bisa diklaim dalam satu periode tahunan, dan apakah pembelian lensa kontak minus juga diperbolehkan menggantikan kacamata fisik? dimohon dikirimkan dokumen panduan benefit kesehatan jika ada yang bisa saya pelajari. Terima kasih banyak. - Lukman Hakim, Divisi Inventory Control.",Email HR,Rendah
"Selamat pagi Tim HRD. Saya ingin melaporkan bahwa gaji ini belum masuk ke rekening, padahal rekan-rekan satu divisi sudah sejak kemarin sore. Saya mengecek ke pihak bank dan tidak ada kendala dari rekening saya. Mohon bantuannya untuk segera pengecekan karena ada tagihan mendesak harus dibayar hari Terima kasih. - Budi Santoso, Divisi Operasional.",Email HR,Tinggi
"Untuk mencegah kehilangan barang pribadi, tenaga kerja dihimbau tidak meninggalkan dompet atau ponsel di atas meja tanpa pengawasan. Gunakan laci yang dilengkapi kunci untuk menyimpan barang berharga Anda. Perusahaan tidak bertanggung jawab atas kehilangan aset pribadi di lingkungan kerja.",SOP,Rendah
Penggunaan rapat eksekutif hanya diperuntukkan bagi pertemuan tingkat manajerial ke atas. Pemesanan ruangan harus dilakukan melalui resepsionis utama gedung. Dilarang membawa makanan berat dan berbau menyengat ke dalam rapat eksekutif.,SOP,Sedang
"Yth. Tim IT, saya Mira Kartika dari Divisi Billing tidak membuka aplikasi penagihan sejak pukul 08.00. Setelah hanya layar putih dan tidak ada menu yang bisa diakses. Hari ini tim kami menerbitkan tagihan bulanan untuk beberapa pelanggan sebelum pukul 12.00. Mohon segera pengecekan karena proses billing tertahan sepenuhnya.",Tiket IT,Tinggi
"Pengelolaan lisensi font untuk keperluan desain grafis kini dipusatkan di bawah wewenang manajer kreatif. Desainer dilarang mengunduh dan menggunakan font bajakan atau versi personal use untuk materi komersial. Jika membutuhkan font khusus, permohonan dana pembelian dapat dilakukan via bagian keuangan.",SOP,Sedang
"Halo Helpdesk IT, saya Rizky Maulana dari departemen Sales meminta dibuatkan akses ke folder jaringan Sales Nasional. Saya baru dipindahkan ke tim tersebut dan perlu melihat template penawaran serta rekap wilayah. Saat ini saya hanya memiliki akses ke folder sales regional lama. Mohon dibantu penambahan akses sesuai approval dari atasan saya.",Tiket IT,Sedang
Pemakaian mesin penghancur kertas elektrik berskala untuk kegiatan administrasi ringan ditempatkan berdampingan meja printer kubikel ruangan utama tim keuangan berjalan. Jangan mencoba menghancurkan bundel kertas berangkap menempel disteples klip besi tebal atau berisiko gigi gir pemotong mesin. arus stop kontaknya bila keranjang sampah potongannya sudah menggunung dan buang tumpukan ke keranjang lorong sebelum mulai dinyalakan ulang.,SOP,Rendah
"Saya, Fajar Nugroho dari Divisi Logistik, mengajukan pengadaan 1 unit kendaraan operasional jenis van. Kendaraan diperlukan untuk distribusi barang ke pelanggan dan cabang. Estimasi harga kendaraan Rp320.000.000. Armada yang ada sedang mengalami kerusakan berat sehingga distribusi terhambat.",Permintaan Pengadaan,Tinggi
"Laporan dari Prita Wulandari, Divisi Office Support. Rekap pembelian map arsip, tinta printer, dan alat tulis mencapai Rp 720.000 selama minggu berjalan. Seluruh kebutuhan tersebut digunakan untuk aktivitas administrasi rutin. Tidak ada permintaan tambahan yang bersifat mendesak.",Laporan Keuangan,Rendah
"Saya, Agus Salim dari Divisi Administrasi, mengajukan pengadaan alat tulis kantor untuk kebutuhan bulanan. Barang yang diperlukan meliputi 50 rim kertas A4, 100 pulpen, dan 30 box stapler isi. Persediaan saat ini mulai menipis dan perlu dilakukan pengisian ulang. Estimasi total biaya Rp8.500.000.",Permintaan Pengadaan,Sedang
"Saya, Fajar Nugroho dari Divisi Logistik, mengajukan unit kendaraan operasional jenis pickup diesel. Kendaraan lama mengalami kerusakan mesin dan tidak dapat digunakan untuk distribusi barang. Penggantian diperlukan pengiriman tidak terganggu. Estimasi harga Rp280.000.000.",Permintaan Pengadaan,Tinggi
bagian HRD merencanakan penambahan fasilitas area tunggu tamu berupa sofa baru demi meningkatkan kenyamanan estetik di lobi utama kantor. Kami mengajukan pengadaan 1 set Sofa Minimalis Informa 2-seater berwarna abu-abu netral untuk kebutuhan jangka panjang. Estimasi dana yang dialokasikan untuk furniture ini adalah Rp5.500.000. Pengajuan dikirim oleh Ari Wibowo dari Divisi Human Resources.,Permintaan Pengadaan,Rendah
"Kepada HRD yang Terhormat, Dengan hormat saya Mega Lestari, Asisten Manajer bagian Finance, ingin menyampaikan bahwa saya mengalami tekanan berlebihan dan dugaan praktik kerja paksa dari atasan saya. Saya secara rutin diwajibkan lembur hingga pukul 23.00 WIB tanpa kompensasi apapun dengan alasan 'dedikasi dan loyalitas', dan jika menolak dianggap tidak kooperatif dalam penilaian kinerja. Dalam 2 bulan terakhir kondisi ini berdampak pada kesehatan fisik saya, yang dibuktikan dengan surat dokter terlampir. Saya dimohon HRD melakukan investigasi terhadap praktik manajemen di divisi saya dan memastikan hak-hak saya sebagai karyawan terpenuhi sesuai aturan ketenagakerjaan. Mohon respons segera karena kondisi saya sudah cukup kritis.",Email HR,Tinggi
"Email dari Chintya Paramita, Divisi Administrasi Vendor. Rekap invoice penyedia jasa keamanan fasilitas menunjukkan total tagihan Rp 45.000.000 untuk periode berjalan. Seluruh dokumen pendukung telah diverifikasi dan disetujui oleh unit pengguna. Mohon invoice dimasukkan ke dalam jadwal pembayaran berikutnya.",Laporan Keuangan,Sedang
"Halo Tim IT, saya Indah Permatasari dari Divisi Legal tidak bisa mengakses laptop kerja setelah update Windows semalam. Setelah memasukkan PIN, layar hanya menampilkan warna hitam dan tidak masuk ke desktop. Pagi ini saya harus menyiapkan dokumen kontrak untuk ditandatangani direksi. Mohon bantuan segera karena file kontrak tersimpan di laptop tersebut.",Tiket IT,Tinggi
"Email dari Arga Mahendra, departemen Finance Project. Pengeluaran proyek modernisasi fasilitas telah mencapai Rp 476.000.000 atau 95% dari total budget sementara progres pekerjaan baru mencapai 72%. Situasi ini menunjukkan risiko kekurangan dana pada tahap akhir proyek. Mohon dilakukan evaluasi segera bersama tim pelaksana.",Laporan Keuangan,Tinggi
"Kepada Yth. HRD Manager, Saya Rizky Adiputra dari unit IT Support bermaksud mengajukan tolong mutasi ke Divisi Digital Transformation yang saat ini sedang membuka lowongan internal. Saya merasa kompetensi dan pengalaman saya di bidang sistem dan jaringan selama 3 tahun sangat relevan dengan kebutuhan divisi tersebut. Selain itu, saya ingin mengembangkan karier di bidang transformasi digital yang lebih sesuai dengan passion dan rencana jangka panjang saya. Saya sudah mendiskusikan hal ini dengan atasan di divisi saya saat ini dan beliau memberikan rekomendasi positif. Mohon HRD mempertimbangkan permohonan ini dan memberikan informasi mengenai proses seleksi internal yang berlaku.",Email HR,Sedang
"Yth. Tim IT, saya Laila Fitriani dari Divisi HR membutuhkan setup email kantor untuk karyawan baru bernama Arman Hidayat. Karyawan tersebut mulai bekerja minggu ini dan perlu mengirim komunikasi resmi ke beberapa departemen. Mohon dibuatkan akun email, akses kalender, dan konfigurasi awal di laptopnya. Data karyawan sudah tersedia di sistem HRIS.",Tiket IT,Sedang
"dari Putri Maharani, Divisi Customer Service. Total pengeluaran operasional unit selama bulan berjalan mencapai Rp 18.500.000. Sebagian besar digunakan untuk pelatihan staf dan kebutuhan administrasi pelanggan. Seluruh biaya masih sesuai alokasi anggaran.",Laporan Keuangan,Sedang
"Halo Helpdesk IT. Scroll wheel di mouse wireless saya kadang-kadang kurang responsif saat digunakan untuk membaca dokumen panjang. Belum terlalu mengganggu pekerjaan sih, tapi mungkin sudah waktunya diganti karena usianya sudah lebih dari dua tahun. Jika ada stok mouse nganggur di ruangan IT, boleh tolong disisihkan untuk divisi Legal?",Tiket IT,Rendah
"Halo IT Support, saya Novi Rahayu dari tim Marketing Communications. Saya ingin menanyakan berapa kapasitas total mailbox email perusahaan yang diberikan untuk setiap staf Beberapa waktu ini saya cukup sering menerima notifikasi bahwa mailbox hampir penuh dan beberapa email baru tidak bisa masuk. Apakah kapasitas mailbox bisa ditambah atas permintaan individu, dan apakah ada panduan untuk mengarsipkan email lama agar kotak masuk tidak cepat penuh kembali? Tidak ada urgensi tertentu, hanya ingin mendapat informasi untuk pengelolaan email yang lebih baik ke depannya. Terima kasih, Novi Rahayu, Marketing Comm., Ext. 3322.",Tiket IT,Rendah
"rekapitulasi dari Adrian Saputra, departemen Warehouse Administration. Dana kas kecil digunakan sebesar Rp 810.000 untuk pembelian formulir inventaris dan perlengkapan pencatatan stok. Seluruh transaksi telah dicatat dan diverifikasi oleh supervisor gudang. Tidak ditemukan penggunaan dana di luar kebutuhan operasional.",Laporan Keuangan,Rendah
"Email dari Reza Maulana, bagian Treasury. Terdapat kewajiban pembayaran pinjaman jangka pendek senilai Rp 500.000.000 yang jatuh tempo dalam tiga hari kerja. Saldo kas yang tersedia saat ini hanya Rp 221.000.000. harap keputusan terkait pencairan investasi jangka pendek untuk menjaga likuiditas perusahaan.",Laporan Keuangan,Tinggi
SOP tamu VIP kini mengharuskan tim resepsionis untuk menyiapkan kartu khusus sebelum tamu tiba. Tamu wajib didampingi oleh staf internal selama berada di area koridor kantor. selamat datang disajikan segera setelah tamu duduk di lobi.,SOP,Sedang
"Halo Tim IT, saya Budi Santoso dari departemen Gudang melaporkan komputer utama di area penerimaan barang tiba-tiba mati dan tidak bisa dinyalakan lagi. Kami tidak dapat mencetak label barang masuk maupun memperbarui data stok. Saat ini ada beberapa truk pengiriman yang menunggu proses penerimaan. dimohon teknisi dapat segera datang atau memberikan solusi sementara.",Tiket IT,Tinggi
"rekap dari Fina Oktaviani, departemen Administrasi. Rekap pembelian perlengkapan arsip dan alat tulis kantor mencapai Rp 780.000 selama minggu berjalan. Seluruh pembelian dilakukan berdasarkan permintaan unit kerja. Tidak ada kebutuhan tambahan yang mendesak.",Laporan Keuangan,Rendah
"bagian IT memerlukan pengadaan mendesak 5 unit perangkat Lenovo ThinkPad P16 dengan spesifikasi prosesor Intel Core i9, RAM 64GB, dan GPU NVIDIA RTX untuk tim pengembang kecerdasan buatan. Perangkat yang ada saat ini sering mengalami crash saat melakukan training model data berskala besar, sehingga menunda timeline peluncuran produk bulan depan. Estimasi total biaya yang diajukan untuk pengadaan ini adalah sebesar Rp 225.000.000. Pengadaan ini sangat krusial agar target operasional kuartal ini tidak meleset. Pengajuan dari Bagus Hermawan, Kepala Divisi IT.",Permintaan Pengadaan,Tinggi
diproses pengadaan lisensi tahunan software desain grafis CorelDRAW Graphics Suite sebanyak 3 user untuk staf pemasaran kreatif. Masa aktif lisensi yang saat digunakan akan kedaluwarsa dalam waktu dua minggu ke depan sehingga perlu diperpanjang agar pembuatan katalog tidak terhenti. Estimasi total biaya ini adalah Rp 16.500.000.,Permintaan Pengadaan,Sedang
Pemadaman layanan secara tiba-tiba mengharuskan tim DevOps untuk bertindak dalam waktu sepuluh menit. Sistem otomatisasi peralihan server harus secara manual sistem gagal merespons. Pemberitahuan downtime wajib dikirimkan ke seluruh klien via email darurat.,SOP,Tinggi
"Saya, Yoga Pratama dari Divisi Bisnis, mengajukan pengadaan 1 unit layar interaktif untuk ruang inovasi. Spesifikasi ukuran 86 inci dengan fitur sentuh multi pengguna. Estimasi harga Rp55.000.000. Pengadaan bersifat tambahan untuk mendukung kolaborasi tim di masa mendatang.",Permintaan Pengadaan,Rendah
"Tim IT, saya Anastasia Widyawati dari Divisi Perencanaan Keuangan yang sedang WFH hari ini. Koneksi VPN saya sama sekali tidak bisa terhubung sejak pukul 07.45 WIB dan muncul pesan error The remote connection was not made because the attempted VPN tunnels failed. Sudah saya coba restart modem, reinstall aplikasi VPN, dan menghubungi provider internet rumah saya namun ISP memastikan koneksi internet saya normal dan masalah ada di sisi konfigurasi VPN. Saya memiliki rapat dewan direksi yang harus saya dukung dengan data real-time dari sistem keuangan pada pukul 10.00 WIB dan tanpa VPN saya tidak bisa mengakses satu pun sistem yang diperlukan. Jika tidak ada solusi segera saya mungkin harus datang ke kantor namun perjalanan akan memakan waktu 2 jam dan rapat sudah dimulai. Mohon prioritaskan penanganan ini secepatnya. Anastasia Widyawati, Financial Planning Manager, HP 0896-5566-7788.",Tiket IT,Tinggi
"report dari Siska Ramadhani, unit SDM. Kami mengusulkan anggaran tambahan sebesar Rp 37.000.000 untuk program sertifikasi karyawan. Program ini ditujukan untuk meningkatkan kompetensi teknis dan mendukung target perusahaan. Mohon persetujuan sesuai mekanisme yang berlaku.",Laporan Keuangan,Sedang
Mohon segera diproses pengadaan 5 unit laptop ASUS B5 dengan RAM 16GB dan SSD 512GB untuk tim baru di divisi IT. Laptop ini sangat para personil baru akan onboard minggu depan untuk mengejar proyek sistem pembayaran Estimasi total anggaran adalah Rp75.000.000. Pengajuan ini dibuat oleh Budi selaku Kepala Divisi IT.,Permintaan Pengadaan,Tinggi
"report dari Bayu Wicaksono, unit Keuangan Proyek. Pengeluaran proyek ekspansi gudang telah mencapai Rp 391.000.000 sementara progres pekerjaan baru mencapai 55%. Kondisi ini menunjukkan adanya risiko overbudget pada fase berikutnya. Mohon evaluasi kontrak dan estimasi biaya tersisa.",Laporan Keuangan,Tinggi
"Kendaraan operasional tangki air milik pabrik mengalami patah as roda saat melakukan distribusi dan tidak bisa diperbaiki dalam waktu singkat. Kami memerlukan jasa sewa 1 unit truk tangki air kapasitas 5000 liter selama 7 hari ke depan untuk menyuplai area produksi yang kritis. Estimasi biaya sewa darurat ini adalah Rp 10.500.000 untuk total durasi sewa. Tanpa suplai air ini, proses produksi harian terancam dihentikan sementara. usulan oleh Budi Santoso, unit Operasional Pabrik.",Permintaan Pengadaan,Tinggi
